<?xml version="1.0" encoding="UTF-8" standalone="no" ?>
<COLLADA version="1.4.1" xmlns="http://www.collada.org/2005/11/COLLADASchema">

  <asset>
    <contributor>
      <authoring_tool>ONSHAPE BY PTC INC, 1.201</authoring_tool>
    </contributor>
    <created>2025-08-07T15:16:04</created>
    <modified>2025-08-07T15:16:04</modified>
    <unit meter="1" name="meters"/>
    <up_axis>Z_UP</up_axis>
  </asset>

  <library_materials>
    <material id="ID9" name="ID9">
      <instance_effect url="#ID9-fx"/>
    </material>
  </library_materials>

  <library_effects>
    <effect id="ID9-fx" name="ID9">
      <profile_COMMON>
        <technique sid="COMMON">
          <lambert>
            <diffuse>
              <color sid="diffuse">0.647059 0.647059 0.647059 1</color>
            </diffuse>
            <transparent opaque="A_ONE">
              <color sid="transparent">1 1 1 1</color>
            </transparent>
            <transparency>
              <float sid="transparency">1</float>
            </transparency>
          </lambert>
        </technique>
        <extra>
          <technique profile="OTHER">
            <double_sided>1</double_sided>
          </technique>
        </extra>
      </profile_COMMON>
    </effect>
  </library_effects>

  <library_geometries>
    <geometry id="ID3">
      <mesh>
        <source id="ID4">
          <float_array count="6474" id="ID5">0.21839 -0.14605 -0.001 0 -0.14605 -0.002 -4.26326e-17 -0.14605 -0.001 0.21839 -0.14605 -0.002 -0.21839 -0.14605 -0.002 -0.21839 -0.14605 -0.001 -0.239283 0.0478848 -0.002 -0.223232 0.1423 -0.002 -0.223232 0.1423 -0.001 -0.223232 -0.1423 -0.002 -0.239283 -0.0478848 -0.001 -0.223232 -0.1423 -0.001 -0.239283 -0.0478848 -0.002 -0.239283 0.0478848 -0.001 -0.21839 0.14605 -0.002 1.50787e-17 0.14605 -0.001 -0.21839 0.14605 -0.001 0.21839 0.14605 -0.001 0 0.14605 -0.002 0.21839 0.14605 -0.002 0.239283 -0.0478848 -0.002 0.223232 -0.1423 -0.002 0.223232 -0.1423 -0.001 0.223232 0.1423 -0.002 0.239283 0.0478848 -0.001 0.223232 0.1423 -0.001 0.239283 0.0478848 -0.002 0.239283 -0.0478848 -0.001 0.0996 0.0355874 -0.0200437 -0.0996 0.0373547 -0.0215214 -0.0996 0.0355891 -0.0200461 0.0996 0.034671 -0.0179353 -0.0996 0.034671 -0.0179353 0.0996 0.037352 -0.0215201 -0.0996 0.039592 -0.02205 0.0996 0.039592 -0.02205 -0.0996 0.034671 -0.0179353 -0.100847 0.03475 -0.0170498 -0.2012 0.03475 -0.01705 0.2012 0.0340794 -0.019551 0.2012 0.03475 -0.01705 0.0996 0.034671 -0.0179353 -0.2012 0.0340806 -0.0195492 0.100847 0.03475 -0.01705 0.2012 0.02975 -0.02205 -0.2012 0.032251 -0.0213795 -0.2012 0.02975 -0.02205 0.2012 0.0322492 -0.0213806 -0.100847 0.03475 -0.0170498 -0.102036 0.0354702 -0.018491 -0.10279 0.0357417 -0.01705 -0.0996 0.034671 -0.0179353 -0.103431 0.0373313 -0.0193339 -0.104125 0.0374655 -0.01705 -0.101653 0.0376705 -0.0211844 -0.102099 0.039592 -0.0213806 -0.103929 0.039592 -0.019551 -0.1046 0.039592 -0.01705 -0.0996 0.0373547 -0.0215214 -0.0996 0.039592 -0.02205 -0.0996 0.0355891 -0.0200461 0.0996 0.034671 -0.0179353 0.100847 0.03475 -0.01705 0.102036 0.0354702 -0.018491 0.102101 0.039592 -0.0213795 0.0996 0.039592 -0.02205 0.101653 0.0376705 -0.0211844 0.0996 0.0355874 -0.0200437 0.103431 0.0373313 -0.0193339 0.103931 0.039592 -0.0195492 0.102788 0.0357402 -0.01705 0.104124 0.0374632 -0.01705 0.1046 0.039592 -0.01705 0.0996 0.037352 -0.0215201 -0.102553 0.0355583 -0.0120338 -0.10279 0.0357417 -0.01705 -0.103719 0.0367584 -0.0108336 -0.100847 0.03475 -0.0170498 -0.100847 0.03475 -0.012842 -0.104125 0.0374655 -0.01705 -0.1046 0.039592 -0.01705 -0.104384 0.0381402 -0.00945177 -0.1046 0.039592 -0.008 -0.2012 0.03475 -0.01705 -0.100847 0.03475 -0.0170498 -0.100847 0.03475 -0.012842 -0.102788 0.03475 -0.0118518 -0.2012 0.03475 -0.008 -0.104124 0.03475 -0.0101288 -0.1046 0.03475 -0.008 0.100847 0.03475 -0.012842 0.100847 0.03475 -0.01705 0.2012 0.03475 -0.01705 0.2012 0.03475 -0.008 0.10279 0.03475 -0.0118503 0.104125 0.03475 -0.0101265 0.1046 0.03475 -0.008 0.1046 0.039592 -0.01705 0.104124 0.0374632 -0.01705 0.104385 0.0381395 -0.00945256 0.100847 0.03475 -0.01705 0.102553 0.0355557 -0.0120363 0.102788 0.0357402 -0.01705 0.103719 0.0367582 -0.0108338 0.1046 0.039592 -0.008 0.100847 0.03475 -0.012842 0.1046 0.039592 -0.008 0.1046 0.11865 -0.01705 0.1046 0.039592 -0.01705 0.1046 0.11865 -0.008 -0.149268 0.116916 -0.008 -0.1046 0.11865 -0.008 -0.155532 0.116916 -0.008 -0.122472 0.055827 -0.008 -0.1046 0.039592 -0.008 -0.119046 0.0610707 -0.008 -0.114475 0.079121 -0.008 -0.1046 0.03475 -0.008 -0.155532 0.0413255 -0.008 -0.2012 0.03475 -0.008 -0.11653 0.0668068 -0.008 -0.114992 0.0728788 -0.008 -0.126714 0.0512187 -0.008 -0.131657 0.0473715 -0.008 -0.14309 0.0423565 -0.008 -0.137166 0.0443903 -0.008 -0.149268 0.0413255 -0.008 -0.167634 0.0443903 -0.008 -0.16171 0.0423565 -0.008 -0.178086 0.0512187 -0.008 -0.173143 0.0473715 -0.008 -0.185754 0.0610707 -0.008 -0.182328 0.055827 -0.008 -0.189808 0.0728788 -0.008 -0.18827 0.0668068 -0.008 -0.190325 0.079121 -0.008 -0.2012 0.11865 -0.008 -0.18827 0.0914352 -0.008 -0.189808 0.0853633 -0.008 -0.182328 0.102415 -0.008 -0.185754 0.0971713 -0.008 -0.173143 0.110871 -0.008 -0.178086 0.107023 -0.008 -0.16171 0.115886 -0.008 -0.167634 0.113852 -0.008 -0.137166 0.113852 -0.008 -0.14309 0.115886 -0.008 -0.126714 0.107023 -0.008 -0.131657 0.110871 -0.008 -0.119046 0.0971713 -0.008 -0.122472 0.102415 -0.008 -0.114992 0.0853633 -0.008 -0.11653 0.0914352 -0.008 -0.222263 -0.14205 -0.003 -0.22084 -0.144212 -0.003 -0.21839 -0.14505 -0.003 0.0996 0.12365 -0.003 0.21839 0.14505 -0.003 1.42109e-17 0.14505 -0.003 -2.84217e-17 -0.14505 -0.003 -0.2012 -0.12365 -0.003 0.22084 -0.144212 -0.003 0.222263 -0.14205 -0.003 0.21839 -0.14505 -0.003 -0.238286 0.0478007 -0.003 -0.238286 -0.0478007 -0.003 -0.2062 0.02975 -0.003 0.2012 -0.12365 -0.003 0.2012 0.12365 -0.003 0.222263 0.14205 -0.003 0.22084 0.144212 -0.003 -0.2062 0.11865 -0.003 -0.222263 0.14205 -0.003 -0.21839 0.14505 -0.003 -0.22084 0.144212 -0.003 -0.2062 -0.11865 -0.003 0.2062 0.02975 -0.003 0.2062 -0.11865 -0.003 0.238286 -0.0478007 -0.003 -0.205529 -0.121151 -0.003 -0.203699 -0.122981 -0.003 -0.205531 0.121149 -0.003 -0.0996 0.12365 -0.003 -0.203701 0.122979 -0.003 -0.2012 0.12365 -0.003 0.205529 0.121151 -0.003 0.203699 0.122981 -0.003 0.2062 0.11865 -0.003 0.238286 0.0478007 -0.003 0.205531 -0.121149 -0.003 0.203701 -0.122979 -0.003 0.1046 0.03475 -0.008 0.149268 0.0413255 -0.008 0.14309 0.0423565 -0.008 0.114992 0.0853633 -0.008 0.11653 0.0914352 -0.008 0.1046 0.11865 -0.008 0.189808 0.0728788 -0.008 0.2012 0.03475 -0.008 0.190325 0.079121 -0.008 0.2012 0.11865 -0.008 0.1046 0.039592 -0.008 0.114475 0.079121 -0.008 0.185754 0.0610707 -0.008 0.18827 0.0668068 -0.008 0.155532 0.0413255 -0.008 0.178086 0.0512187 -0.008 0.182328 0.055827 -0.008 0.167634 0.0443903 -0.008 0.173143 0.0473715 -0.008 0.16171 0.0423565 -0.008 0.137166 0.0443903 -0.008 0.131657 0.0473715 -0.008 0.126714 0.0512187 -0.008 0.119046 0.0610707 -0.008 0.122472 0.055827 -0.008 0.114992 0.0728788 -0.008 0.11653 0.0668068 -0.008 0.155532 0.116916 -0.008 0.122472 0.102415 -0.008 0.119046 0.0971713 -0.008 0.131657 0.110871 -0.008 0.126714 0.107023 -0.008 0.14309 0.115886 -0.008 0.137166 0.113852 -0.008 0.149268 0.116916 -0.008 0.167634 0.113852 -0.008 0.16171 0.115886 -0.008 0.178086 0.107023 -0.008 0.173143 0.110871 -0.008 0.185754 0.0971713 -0.008 0.182328 0.102415 -0.008 0.189808 0.0853633 -0.008 0.18827 0.0914352 -0.008 -0.0996 0.12365 -0.003 0.0996 0.12365 -0.01705 0.0996 0.12365 -0.003 -0.0996 0.12365 -0.01705 -0.2062 0.02975 -0.003 -0.2062 -0.11865 -0.01705 -0.2062 0.02975 -0.01705 -0.2062 -0.11865 -0.003 0.2062 0.02975 -0.003 0.2062 -0.11865 -0.01705 0.2062 -0.11865 -0.003 0.2062 0.02975 -0.01705 -0.2012 -0.12365 -0.003 0.2012 -0.12365 -0.003 0.2012 -0.12365 -0.01705 -0.2012 -0.12365 -0.01705 -0.1046 0.11865 -0.008 -0.1046 0.039592 -0.008 -0.1046 0.039592 -0.01705 -0.1046 0.11865 -0.01705 -0.114992 0.0853633 -0.01705 -0.114475 0.079121 -0.01705 -0.114475 0.079121 -0.008 -0.114992 0.0853633 -0.008 -0.11653 0.0914352 -0.01705 -0.11653 0.0914352 -0.008 -0.119046 0.0971713 -0.01705 -0.122472 0.102415 -0.01705 -0.119046 0.0971713 -0.008 -0.122472 0.102415 -0.008 -0.126714 0.107023 -0.01705 -0.126714 0.107023 -0.008 -0.131657 0.110871 -0.01705 -0.137166 0.113852 -0.01705 -0.131657 0.110871 -0.008 -0.137166 0.113852 -0.008 -0.14309 0.115886 -0.01705 -0.14309 0.115886 -0.008 -0.149268 0.116916 -0.01705 -0.155532 0.116916 -0.01705 -0.149268 0.116916 -0.008 -0.155532 0.116916 -0.008 -0.16171 0.115886 -0.008 -0.16171 0.115886 -0.01705 -0.167634 0.113852 -0.008 -0.167634 0.113852 -0.01705 -0.173143 0.110871 -0.01705 -0.173143 0.110871 -0.008 -0.178086 0.107023 -0.008 -0.178086 0.107023 -0.01705 -0.182328 0.102415 -0.008 -0.182328 0.102415 -0.01705 -0.185754 0.0971713 -0.01705 -0.185754 0.0971713 -0.008 -0.18827 0.0914352 -0.008 -0.18827 0.0914352 -0.01705 -0.189808 0.0853633 -0.008 -0.189808 0.0853633 -0.01705 -0.190325 0.079121 -0.01705 -0.190325 0.079121 -0.008 -0.114992 0.0728788 -0.008 -0.11653 0.0668068 -0.008 -0.114992 0.0728788 -0.01705 -0.11653 0.0668068 -0.01705 -0.119046 0.0610707 -0.008 -0.119046 0.0610707 -0.01705 -0.122472 0.055827 -0.008 -0.126714 0.0512187 -0.008 -0.122472 0.055827 -0.01705 -0.126714 0.0512187 -0.01705 -0.131657 0.0473715 -0.008 -0.131657 0.0473715 -0.01705 -0.137166 0.0443903 -0.008 -0.14309 0.0423565 -0.008 -0.137166 0.0443903 -0.01705 -0.14309 0.0423565 -0.01705 -0.149268 0.0413255 -0.008 -0.149268 0.0413255 -0.01705 -0.155532 0.0413255 -0.01705 -0.155532 0.0413255 -0.008 -0.16171 0.0423565 -0.008 -0.16171 0.0423565 -0.01705 -0.167634 0.0443903 -0.01705 -0.167634 0.0443903 -0.008 -0.173143 0.0473715 -0.01705 -0.173143 0.0473715 -0.008 -0.178086 0.0512187 -0.008 -0.178086 0.0512187 -0.01705 -0.182328 0.055827 -0.01705 -0.182328 0.055827 -0.008 -0.185754 0.0610707 -0.01705 -0.185754 0.0610707 -0.008 -0.18827 0.0668068 -0.008 -0.18827 0.0668068 -0.01705 -0.189808 0.0728788 -0.01705 -0.189808 0.0728788 -0.008 0.190188 0.0823373 -0.01705 0.190325 0.079121 -0.008 0.189808 0.0853633 -0.008 0.18827 0.0914352 -0.008 0.189101 0.0886773 -0.01705 0.185754 0.0971713 -0.008 0.186958 0.0947424 -0.01705 0.183821 0.100358 -0.01705 0.182328 0.102415 -0.008 0.178086 0.107023 -0.008 0.17978 0.105363 -0.01705 0.173143 0.110871 -0.008 0.174951 0.109613 -0.01705 0.169474 0.112985 -0.01705 0.167634 0.113852 -0.008 0.16171 0.115886 -0.008 0.163505 0.115384 -0.01705 0.155532 0.116916 -0.008 0.157217 0.116739 -0.01705 0.15079 0.117012 -0.01705 0.149268 0.116916 -0.008 0.14309 0.115886 -0.008 0.14441 0.116195 -0.01705 0.137166 0.113852 -0.008 0.138259 0.114311 -0.01705 0.132516 0.111415 -0.01705 0.131657 0.110871 -0.008 0.126714 0.107023 -0.008 0.127344 0.10759 -0.01705 0.122472 0.102415 -0.008 0.122893 0.102946 -0.01705 0.119291 0.0976168 -0.01705 0.119046 0.0971713 -0.008 0.11653 0.0914352 -0.008 0.116641 0.0917553 -0.01705 0.114992 0.0853633 -0.008 0.115021 0.0855304 -0.01705 0.114475 0.079121 -0.01705 0.114475 0.079121 -0.008 0.190188 0.0759047 -0.01705 0.189808 0.0728788 -0.008 0.189101 0.0695647 -0.01705 0.186958 0.0634996 -0.01705 0.18827 0.0668068 -0.008 0.183821 0.057884 -0.01705 0.185754 0.0610707 -0.008 0.182328 0.055827 -0.008 0.17978 0.0528792 -0.01705 0.174951 0.0486294 -0.01705 0.178086 0.0512187 -0.008 0.169474 0.0452568 -0.01705 0.173143 0.0473715 -0.008 0.167634 0.0443903 -0.008 0.163505 0.0428584 -0.01705 0.157217 0.0415032 -0.01705 0.16171 0.0423565 -0.008 0.155532 0.0413255 -0.008 0.149268 0.0413255 -0.008 0.15079 0.0412302 -0.01705 0.14441 0.0420472 -0.01705 0.14309 0.0423565 -0.008 0.138259 0.0439308 -0.01705 0.137166 0.0443903 -0.008 0.131657 0.0473715 -0.008 0.132516 0.0468268 -0.01705 0.127344 0.0506518 -0.01705 0.126714 0.0512187 -0.008 0.122893 0.0552958 -0.01705 0.122472 0.055827 -0.008 0.119046 0.0610707 -0.008 0.119291 0.0606252 -0.01705 0.116641 0.0664867 -0.01705 0.11653 0.0668068 -0.008 0.115021 0.0727116 -0.01705 0.114992 0.0728788 -0.008 -0.2012 -0.11865 -0.02205 0.2012 0.02975 -0.02205 -0.2012 0.02975 -0.02205 0.2012 -0.11865 -0.02205 -0.171978 0.105593 -0.02205 -0.123656 0.0630636 -0.02205 -0.167223 0.108521 -0.02205 -0.126783 0.0998051 -0.02205 -0.135137 0.107158 -0.02205 -0.123656 0.0951784 -0.02205 -0.130647 0.103837 -0.02205 -0.121356 0.0900896 -0.02205 -0.140124 0.109672 -0.02205 -0.145463 0.111307 -0.02205 -0.119949 0.0846853 -0.02205 -0.151003 0.112016 -0.02205 -0.119475 0.079121 -0.02205 -0.162041 0.110603 -0.02205 -0.121356 0.0681524 -0.02205 -0.119949 0.0735566 -0.02205 -0.156582 0.111779 -0.02205 -0.179679 0.0975582 -0.02205 -0.182402 0.0926828 -0.02205 -0.135137 0.0510844 -0.02205 -0.130647 0.0544051 -0.02205 -0.126783 0.0584369 -0.02205 -0.17617 0.101903 -0.02205 -0.184263 0.0874174 -0.02205 -0.145463 0.046935 -0.02205 -0.140124 0.0485703 -0.02205 -0.184263 0.0708246 -0.02205 -0.162041 0.0476392 -0.02205 -0.156582 0.0464627 -0.02205 -0.185206 0.0763288 -0.02205 -0.151003 0.0462257 -0.02205 -0.185206 0.0819132 -0.02205 -0.179679 0.0606838 -0.02205 -0.17617 0.0563389 -0.02205 -0.171978 0.0526494 -0.02205 -0.167223 0.0497214 -0.02205 -0.182402 0.0655591 -0.02205 0.171978 0.105593 -0.02205 0.167223 0.108521 -0.02205 0.123656 0.0630636 -0.02205 0.126783 0.0998051 -0.02205 0.123656 0.0951784 -0.02205 0.135137 0.107158 -0.02205 0.130647 0.103837 -0.02205 0.121356 0.0900896 -0.02205 0.140124 0.109672 -0.02205 0.145463 0.111307 -0.02205 0.119949 0.0846853 -0.02205 0.119475 0.079121 -0.02205 0.151003 0.112016 -0.02205 0.162041 0.110603 -0.02205 0.119949 0.0735566 -0.02205 0.121356 0.0681524 -0.02205 0.156582 0.111779 -0.02205 0.179679 0.0975582 -0.02205 0.135137 0.0510844 -0.02205 0.182402 0.0926828 -0.02205 0.130647 0.0544051 -0.02205 0.17617 0.101903 -0.02205 0.126783 0.0584369 -0.02205 0.184263 0.0874174 -0.02205 0.140124 0.0485703 -0.02205 0.145463 0.046935 -0.02205 0.184263 0.0708246 -0.02205 0.156582 0.0464627 -0.02205 0.162041 0.0476392 -0.02205 0.185206 0.0763288 -0.02205 0.185206 0.0819132 -0.02205 0.151003 0.0462257 -0.02205 0.179679 0.0606838 -0.02205 0.171978 0.0526494 -0.02205 0.17617 0.0563389 -0.02205 0.167223 0.0497214 -0.02205 0.182402 0.0655591 -0.02205 0.0996 0.11865 -0.02205 -0.0996 0.11865 -0.02205 -0.0996 0.039592 -0.02205 0.0996 0.039592 -0.02205 -0.205529 -0.121151 -0.003 -0.203699 -0.122981 -0.01705 -0.205529 -0.121151 -0.01705 -0.2062 -0.11865 -0.003 -0.2062 -0.11865 -0.01705 -0.203699 -0.122981 -0.003 -0.2012 -0.12365 -0.01705 -0.2012 -0.12365 -0.003 0.2012 -0.12365 -0.01705 0.2012 -0.122981 -0.0195492 -0.2012 -0.122979 -0.019551 -0.2012 -0.12365 -0.01705 -0.2012 -0.121149 -0.0213806 0.2012 -0.121151 -0.0213795 -0.2012 -0.11865 -0.02205 0.2012 -0.11865 -0.02205 0.203701 -0.122979 -0.01705 0.203701 -0.122979 -0.003 0.205531 -0.121149 -0.01705 0.2012 -0.12365 -0.003 0.2012 -0.12365 -0.01705 0.205531 -0.121149 -0.003 0.2062 -0.11865 -0.01705 0.2062 -0.11865 -0.003 -0.204959 -0.120912 -0.0194492 -0.205529 -0.11865 -0.019551 -0.205529 -0.121151 -0.01705 -0.203699 -0.122981 -0.01705 -0.2012 -0.12365 -0.01705 -0.203191 -0.122765 -0.0190748 -0.203699 -0.11865 -0.0213806 -0.203381 -0.119975 -0.0213497 -0.2062 -0.11865 -0.01705 -0.2012 -0.121149 -0.0213806 -0.2012 -0.11865 -0.02205 -0.2012 -0.122979 -0.019551 0.203599 -0.120912 -0.0208086 0.203701 -0.11865 -0.0213795 0.2012 -0.121151 -0.0213795 0.2012 -0.122981 -0.0195492 0.2012 -0.12365 -0.01705 0.203225 -0.122765 -0.0190412 0.205531 -0.11865 -0.0195492 0.2055 -0.119975 -0.0192309 0.2012 -0.11865 -0.02205 0.205531 -0.121149 -0.01705 0.2062 -0.11865 -0.01705 0.203701 -0.122979 -0.01705 -0.2062 -0.11865 -0.01705 -0.205529 -0.11865 -0.019551 -0.205529 0.02975 -0.019551 -0.2062 0.02975 -0.01705 -0.203699 0.02975 -0.0213806 -0.203699 -0.11865 -0.0213806 -0.2012 0.02975 -0.02205 -0.2012 -0.11865 -0.02205 0.203701 -0.11865 -0.0213795 0.205531 0.02975 -0.0195492 0.203701 0.02975 -0.0213795 0.2012 -0.11865 -0.02205 0.2012 0.02975 -0.02205 0.205531 -0.11865 -0.0195492 0.2062 0.02975 -0.01705 0.2062 -0.11865 -0.01705 -0.203225 0.122765 -0.00499121 -0.205531 0.121149 -0.003 -0.2055 0.119975 -0.00518094 -0.203599 0.120912 -0.00675862 -0.2062 0.11865 -0.003 -0.2012 0.122979 -0.00550098 -0.2012 0.121149 -0.00733057 -0.2012 0.12365 -0.003 -0.203701 0.11865 -0.00732945 -0.205531 0.11865 -0.00549915 -0.2012 0.11865 -0.008 -0.203701 0.122979 -0.003 -0.204959 0.0321492 -0.0193119 -0.205529 0.032251 -0.01705 -0.205529 0.02975 -0.019551 -0.203699 0.02975 -0.0213806 -0.2012 0.02975 -0.02205 -0.203191 0.0317748 -0.0211652 -0.203699 0.0340806 -0.01705 -0.203381 0.0340497 -0.0183747 -0.2062 0.02975 -0.01705 -0.2012 0.0340806 -0.0195492 -0.2012 0.03475 -0.01705 -0.2012 0.032251 -0.0213795 0.203599 0.0335086 -0.0193119 0.203701 0.0340794 -0.01705 0.2012 0.0340794 -0.019551 0.2012 0.0322492 -0.0213806 0.2012 0.02975 -0.02205 0.203225 0.0317412 -0.0211652 0.205531 0.0322492 -0.01705 0.2055 0.0319309 -0.0183747 0.2012 0.03475 -0.01705 0.205531 0.02975 -0.0195492 0.2062 0.02975 -0.01705 0.203701 0.02975 -0.0213795 0.205315 0.120675 -0.00499121 0.203699 0.122981 -0.003 0.202525 0.12295 -0.00518094 0.203462 0.121049 -0.00675862 0.2012 0.12365 -0.003 0.205529 0.11865 -0.00550098 0.203699 0.11865 -0.00733057 0.2062 0.11865 -0.003 0.2012 0.121151 -0.00732945 0.2012 0.122981 -0.00549915 0.2012 0.11865 -0.008 0.205529 0.121151 -0.003 -0.2012 0.122979 -0.00550098 -0.10283 0.122467 -0.00623007 -0.101272 0.123362 -0.00467155 -0.2012 0.12365 -0.003 -0.0996 0.12365 -0.003 -0.2012 0.121149 -0.00733057 -0.2012 0.11865 -0.008 -0.104076 0.12088 -0.00747557 -0.1046 0.11865 -0.008 -0.203431 0.034224 -0.00747392 -0.203701 0.11865 -0.00732945 -0.205017 0.032979 -0.00622896 -0.2012 0.11865 -0.008 -0.2012 0.03475 -0.008 -0.205531 0.11865 -0.00549915 -0.2062 0.11865 -0.003 -0.205912 0.031421 -0.00467103 -0.2062 0.02975 -0.003 -0.205912 0.031421 -0.00467103 -0.205529 0.032251 -0.01705 -0.205017 0.032979 -0.00622896 -0.2062 0.02975 -0.01705 -0.2062 0.02975 -0.003 -0.203699 0.0340806 -0.01705 -0.2012 0.03475 -0.01705 -0.203431 0.034224 -0.00747392 -0.2012 0.03475 -0.008 0.203701 0.0340794 -0.01705 0.205017 0.032979 -0.006229 0.203431 0.0342239 -0.00747399 0.2012 0.03475 -0.01705 0.2012 0.03475 -0.008 0.205531 0.0322492 -0.01705 0.2062 0.02975 -0.01705 0.205912 0.031421 -0.00467105 0.2062 0.02975 -0.003 0.205529 0.11865 -0.00550098 0.205017 0.032979 -0.006229 0.205912 0.031421 -0.00467105 0.2062 0.11865 -0.003 0.2062 0.02975 -0.003 0.203699 0.11865 -0.00733057 0.2012 0.11865 -0.008 0.203431 0.0342239 -0.00747399 0.2012 0.03475 -0.008 0.2012 0.121151 -0.00732945 0.102829 0.122467 -0.00622896 0.104074 0.120881 -0.00747392 0.2012 0.11865 -0.008 0.1046 0.11865 -0.008 0.2012 0.122981 -0.00549915 0.2012 0.12365 -0.003 0.101271 0.123362 -0.00467103 0.0996 0.12365 -0.003 -0.10283 0.122467 -0.00623007 -0.103931 0.121149 -0.01705 -0.102101 0.122979 -0.01705 -0.0996 0.12365 -0.01705 -0.101272 0.123362 -0.00467155 -0.0996 0.12365 -0.003 -0.104076 0.12088 -0.00747557 -0.1046 0.11865 -0.01705 -0.1046 0.11865 -0.008 0.102829 0.122467 -0.00622896 0.102099 0.122981 -0.01705 0.103929 0.121151 -0.01705 0.1046 0.11865 -0.01705 0.104074 0.120881 -0.00747392 0.1046 0.11865 -0.008 0.101271 0.123362 -0.00467103 0.0996 0.12365 -0.01705 0.0996 0.12365 -0.003 -0.0996 0.122981 -0.0195492 0.0996 0.121149 -0.0213806 0.0996 0.122979 -0.019551 -0.0996 0.12365 -0.01705 0.0996 0.12365 -0.01705 -0.0996 0.121151 -0.0213795 0.0996 0.11865 -0.02205 -0.0996 0.11865 -0.02205 -0.101999 0.120912 -0.0208086 -0.102101 0.11865 -0.0213795 -0.0996 0.121151 -0.0213795 -0.0996 0.122981 -0.0195492 -0.0996 0.12365 -0.01705 -0.101625 0.122765 -0.0190412 -0.103931 0.11865 -0.0195492 -0.1039 0.119975 -0.0192309 -0.0996 0.11865 -0.02205 -0.103931 0.121149 -0.01705 -0.1046 0.11865 -0.01705 -0.102101 0.122979 -0.01705 0.103359 0.120912 -0.0194492 0.103929 0.11865 -0.019551 0.103929 0.121151 -0.01705 0.102099 0.122981 -0.01705 0.0996 0.12365 -0.01705 0.101591 0.122765 -0.0190748 0.102099 0.11865 -0.0213806 0.101781 0.119975 -0.0213497 0.1046 0.11865 -0.01705 0.0996 0.121149 -0.0213806 0.0996 0.11865 -0.02205 0.0996 0.122979 -0.019551 -0.102099 0.039592 -0.0213806 -0.102101 0.11865 -0.0213795 -0.103929 0.039592 -0.019551 -0.0996 0.11865 -0.02205 -0.0996 0.039592 -0.02205 -0.103931 0.11865 -0.0195492 -0.1046 0.039592 -0.01705 -0.1046 0.11865 -0.01705 0.103929 0.11865 -0.019551 0.102101 0.039592 -0.0213795 0.103931 0.039592 -0.0195492 0.1046 0.11865 -0.01705 0.1046 0.039592 -0.01705 0.102099 0.11865 -0.0213806 0.0996 0.039592 -0.02205 0.0996 0.11865 -0.02205 -0.104384 0.0381402 -0.00945177 -0.104124 0.03475 -0.0101288 -0.103719 0.0367584 -0.0108336 -0.100847 0.03475 -0.012842 -0.102553 0.0355583 -0.0120338 -0.102788 0.03475 -0.0118518 -0.1046 0.03475 -0.008 -0.1046 0.039592 -0.008 0.10279 0.03475 -0.0118503 0.103719 0.0367582 -0.0108338 0.102553 0.0355557 -0.0120363 0.100847 0.03475 -0.012842 0.104125 0.03475 -0.0101265 0.1046 0.03475 -0.008 0.104385 0.0381395 -0.00945256 0.1046 0.039592 -0.008 -0.139192 0.111991 -0.0213806 -0.138509 0.113689 -0.019551 -0.144551 0.115539 -0.019551 -0.18952 0.0759616 -0.019551 -0.189808 0.0728788 -0.01705 -0.188452 0.0697337 -0.019551 -0.132867 0.110844 -0.019551 -0.133827 0.109286 -0.0213806 -0.144937 0.11375 -0.0213806 -0.150819 0.116342 -0.019551 -0.150897 0.114513 -0.0213806 -0.128996 0.105713 -0.0213806 -0.127787 0.107087 -0.019551 -0.124839 0.101375 -0.0213806 -0.123415 0.102525 -0.019551 -0.119876 0.0972898 -0.019551 -0.121474 0.0963972 -0.0213806 -0.118999 0.0909222 -0.0213806 -0.117274 0.0915319 -0.019551 -0.117485 0.0851077 -0.0213806 -0.115681 0.085417 -0.019551 -0.119949 0.0846853 -0.02205 -0.119475 0.079121 -0.02205 -0.116976 0.079121 -0.0213806 -0.121356 0.0900896 -0.02205 -0.114992 0.0853633 -0.01705 -0.115146 0.079121 -0.019551 -0.114475 0.079121 -0.01705 -0.1569 0.114258 -0.0213806 -0.157132 0.116074 -0.019551 -0.163309 0.114742 -0.019551 -0.162773 0.112992 -0.0213806 -0.168348 0.110752 -0.0213806 -0.169172 0.112386 -0.019551 -0.174553 0.109073 -0.019551 -0.173464 0.107602 -0.0213806 -0.179296 0.104899 -0.019551 -0.177975 0.103632 -0.0213806 -0.181749 0.0989576 -0.0213806 -0.183266 0.0999826 -0.019551 -0.182328 0.102415 -0.01705 -0.186347 0.0944662 -0.019551 -0.18468 0.0937122 -0.0213806 -0.185754 0.0971713 -0.01705 -0.186681 0.0880471 -0.0213806 -0.188452 0.0885083 -0.019551 -0.18827 0.0914352 -0.01705 -0.18952 0.0822804 -0.019551 -0.187697 0.0821252 -0.0213806 -0.189808 0.0853633 -0.01705 -0.187697 0.0761168 -0.0213806 -0.177975 0.0546096 -0.0213806 -0.181749 0.0592844 -0.0213806 -0.179296 0.0533432 -0.019551 -0.186681 0.0701949 -0.0213806 -0.162773 0.0452496 -0.0213806 -0.168348 0.0474899 -0.0213806 -0.163309 0.0434995 -0.019551 -0.182328 0.055827 -0.01705 -0.183266 0.0582594 -0.019551 -0.144551 0.0427027 -0.019551 -0.144937 0.0444919 -0.0213806 -0.150897 0.0437288 -0.0213806 -0.169172 0.0458555 -0.019551 -0.167634 0.0443903 -0.01705 -0.138509 0.044553 -0.019551 -0.137166 0.0443903 -0.01705 -0.132867 0.0473978 -0.019551 -0.150819 0.0419001 -0.019551 -0.149268 0.0413255 -0.01705 -0.124839 0.0568668 -0.0213806 -0.119876 0.0609522 -0.019551 -0.121474 0.0618448 -0.0213806 -0.128996 0.0525291 -0.0213806 -0.123415 0.055717 -0.019551 -0.117485 0.0731343 -0.0213806 -0.115681 0.072825 -0.019551 -0.119046 0.0610707 -0.01705 -0.117274 0.0667101 -0.019551 -0.114992 0.0728788 -0.01705 -0.118999 0.0673198 -0.0213806 -0.119949 0.0735566 -0.02205 -0.11653 0.0668068 -0.01705 -0.122472 0.055827 -0.01705 -0.131657 0.0473715 -0.01705 -0.127787 0.0511551 -0.019551 -0.126714 0.0512187 -0.01705 -0.14309 0.0423565 -0.01705 -0.133827 0.0489563 -0.0213806 -0.139192 0.0462513 -0.0213806 -0.16171 0.0423565 -0.01705 -0.157132 0.0421683 -0.019551 -0.155532 0.0413255 -0.01705 -0.1569 0.0439838 -0.0213806 -0.178086 0.0512187 -0.01705 -0.174553 0.0491685 -0.019551 -0.173143 0.0473715 -0.01705 -0.173464 0.0506401 -0.0213806 -0.186347 0.0637758 -0.019551 -0.18827 0.0668068 -0.01705 -0.185754 0.0610707 -0.01705 -0.18468 0.0645297 -0.0213806 -0.190325 0.079121 -0.01705 -0.11653 0.0914352 -0.01705 -0.123656 0.0951784 -0.02205 -0.119046 0.0971713 -0.01705 -0.126783 0.0998051 -0.02205 -0.122472 0.102415 -0.01705 -0.130647 0.103837 -0.02205 -0.126714 0.107023 -0.01705 -0.135137 0.107158 -0.02205 -0.131657 0.110871 -0.01705 -0.140124 0.109672 -0.02205 -0.137166 0.113852 -0.01705 -0.145463 0.111307 -0.02205 -0.14309 0.115886 -0.01705 -0.151003 0.112016 -0.02205 -0.149268 0.116916 -0.01705 -0.156582 0.111779 -0.02205 -0.155532 0.116916 -0.01705 -0.162041 0.110603 -0.02205 -0.16171 0.115886 -0.01705 -0.167223 0.108521 -0.02205 -0.167634 0.113852 -0.01705 -0.171978 0.105593 -0.02205 -0.173143 0.110871 -0.01705 -0.17617 0.101903 -0.02205 -0.178086 0.107023 -0.01705 -0.179679 0.0975582 -0.02205 -0.182402 0.0926828 -0.02205 -0.184263 0.0874174 -0.02205 -0.185206 0.0819132 -0.02205 -0.185206 0.0763288 -0.02205 -0.184263 0.0708246 -0.02205 -0.182402 0.0655591 -0.02205 -0.179679 0.0606838 -0.02205 -0.17617 0.0563389 -0.02205 -0.171978 0.0526494 -0.02205 -0.167223 0.0497214 -0.02205 -0.162041 0.0476392 -0.02205 -0.156582 0.0464627 -0.02205 -0.151003 0.0462257 -0.02205 -0.145463 0.046935 -0.02205 -0.140124 0.0485703 -0.02205 -0.135137 0.0510844 -0.02205 -0.130647 0.0544051 -0.02205 -0.126783 0.0584369 -0.02205 -0.123656 0.0630636 -0.02205 -0.121356 0.0681524 -0.02205 0.187698 0.0761167 -0.0213795 0.185206 0.0763288 -0.02205 0.186683 0.0701944 -0.0213795 0.116641 0.0917553 -0.01705 0.11568 0.0854172 -0.0195492 0.117273 0.0915323 -0.0195492 0.184263 0.0708246 -0.02205 0.184681 0.064529 -0.0213795 0.186348 0.0637754 -0.0195492 0.188453 0.0697334 -0.0195492 0.181751 0.0592833 -0.0213795 0.183267 0.0582588 -0.0195492 0.174553 0.0491676 -0.0195492 0.179297 0.0533424 -0.0195492 0.177976 0.0546084 -0.0213795 0.179679 0.0606838 -0.02205 0.182402 0.0655591 -0.02205 0.169173 0.0458545 -0.0195492 0.173465 0.0506386 -0.0213795 0.17617 0.0563389 -0.02205 0.168349 0.0474882 -0.0213795 0.163309 0.0434985 -0.0195492 0.171978 0.0526494 -0.02205 0.138509 0.044552 -0.0195492 0.132867 0.0473968 -0.0195492 0.132516 0.0468268 -0.01705 0.167223 0.0497214 -0.02205 0.162774 0.0452479 -0.0213795 0.150819 0.041899 -0.0195492 0.157132 0.0421672 -0.0195492 0.1569 0.0439819 -0.0213795 0.162041 0.0476392 -0.02205 0.150896 0.0437269 -0.0213795 0.144551 0.0427016 -0.0195492 0.156582 0.0464627 -0.02205 0.144936 0.0444901 -0.0213795 0.151003 0.0462257 -0.02205 0.139191 0.0462496 -0.0213795 0.145463 0.046935 -0.02205 0.127786 0.0511543 -0.0195492 0.133826 0.0489547 -0.0213795 0.123414 0.0557163 -0.0195492 0.128995 0.0525277 -0.0213795 0.135137 0.0510844 -0.02205 0.124837 0.0568657 -0.0213795 0.130647 0.0544051 -0.02205 0.121473 0.0618439 -0.0213795 0.117273 0.0667097 -0.0195492 0.119875 0.0609516 -0.0195492 0.126783 0.0584369 -0.02205 0.116976 0.079121 -0.0213806 0.119949 0.0735566 -0.02205 0.119475 0.079121 -0.02205 0.115146 0.079121 -0.019551 0.117484 0.073134 -0.0213795 0.123656 0.0630636 -0.02205 0.118998 0.0673192 -0.0213795 0.121356 0.0681524 -0.02205 0.11568 0.0728248 -0.0195492 0.114475 0.079121 -0.01705 0.189521 0.0822805 -0.0195492 0.187698 0.0821253 -0.0213795 0.189521 0.0759615 -0.0195492 0.185206 0.0819132 -0.02205 0.190188 0.0759047 -0.01705 0.184681 0.093713 -0.0213795 0.186683 0.0880476 -0.0213795 0.188453 0.0885086 -0.0195492 0.182402 0.0926828 -0.02205 0.184263 0.0874174 -0.02205 0.189101 0.0886773 -0.01705 0.186348 0.0944666 -0.0195492 0.183267 0.0999832 -0.0195492 0.177976 0.103634 -0.0213795 0.181751 0.0989587 -0.0213795 0.17617 0.101903 -0.02205 0.179679 0.0975582 -0.02205 0.183821 0.100358 -0.01705 0.179297 0.1049 -0.0195492 0.173465 0.107603 -0.0213795 0.174553 0.109074 -0.0195492 0.168349 0.110754 -0.0213795 0.171978 0.105593 -0.02205 0.167223 0.108521 -0.02205 0.169173 0.112387 -0.0195492 0.174951 0.109613 -0.01705 0.1569 0.11426 -0.0213795 0.163309 0.114744 -0.0195492 0.157132 0.116075 -0.0195492 0.162774 0.112994 -0.0213795 0.162041 0.110603 -0.02205 0.163505 0.115384 -0.01705 0.156582 0.111779 -0.02205 0.150819 0.116343 -0.0195492 0.144936 0.113752 -0.0213795 0.150896 0.114515 -0.0213795 0.145463 0.111307 -0.02205 0.151003 0.112016 -0.02205 0.139191 0.111992 -0.0213795 0.144551 0.11554 -0.0195492 0.15079 0.117012 -0.01705 0.138509 0.11369 -0.0195492 0.133826 0.109287 -0.0213795 0.140124 0.109672 -0.02205 0.135137 0.107158 -0.02205 0.132867 0.110845 -0.0195492 0.127786 0.107088 -0.0195492 0.123414 0.102526 -0.0195492 0.124837 0.101376 -0.0213795 0.128995 0.105714 -0.0213795 0.130647 0.103837 -0.02205 0.119875 0.0972904 -0.0195492 0.121473 0.0963981 -0.0213795 0.126783 0.0998051 -0.02205 0.122893 0.102946 -0.01705 0.123656 0.0951784 -0.02205 0.117484 0.085108 -0.0213795 0.118998 0.0909228 -0.0213795 0.121356 0.0900896 -0.02205 0.119949 0.0846853 -0.02205 0.115021 0.0855304 -0.01705 0.119291 0.0976168 -0.01705 0.127344 0.10759 -0.01705 0.132516 0.111415 -0.01705 0.138259 0.114311 -0.01705 0.14441 0.116195 -0.01705 0.157217 0.116739 -0.01705 0.169474 0.112985 -0.01705 0.17978 0.105363 -0.01705 0.186958 0.0947424 -0.01705 0.190188 0.0823373 -0.01705 0.189101 0.0695647 -0.01705 0.186958 0.0634996 -0.01705 0.183821 0.057884 -0.01705 0.17978 0.0528792 -0.01705 0.174951 0.0486294 -0.01705 0.169474 0.0452568 -0.01705 0.163505 0.0428584 -0.01705 0.157217 0.0415032 -0.01705 0.14441 0.0420472 -0.01705 0.15079 0.0412302 -0.01705 0.138259 0.0439308 -0.01705 0.140124 0.0485703 -0.02205 0.127344 0.0506518 -0.01705 0.122893 0.0552958 -0.01705 0.119291 0.0606252 -0.01705 0.116641 0.0664867 -0.01705 0.115021 0.0727116 -0.01705 0.0996 0.03175 -0.012 0.2012 0.03175 -0.01705 -0.2012 0.03175 -0.01705 0.101599 0.03175 -0.0114645 0.2012 0.03175 -0.007 0.1036 0.03175 -0.008 0.1036 0.03175 -0.007 0.103064 0.03175 -0.0100008 -0.2012 0.03175 -0.007 -0.101601 0.03175 -0.0114636 -0.0996 0.03175 -0.012 -0.1036 0.03175 -0.007 -0.1036 0.03175 -0.008 -0.103064 0.03175 -0.00999932 0.1016 0.03375 -0.008 0.1016 0.035592 -0.008 0.1016 0.03375 -0.007 0.1016 0.11865 -0.01705 0.1016 0.039592 -0.012 0.1016 0.039592 -0.01705 0.1016 0.0375928 -0.00853644 0.1016 0.11865 -0.007 0.1016 0.0390565 -0.0100007 -0.2012 0.11865 -0.005 -0.189192 0.0759895 -0.005 -0.2012 0.03375 -0.005 -0.150833 0.0422293 -0.005 -0.1036 0.03375 -0.005 -0.115475 0.079121 -0.005 -0.1036 0.11865 -0.005 -0.188134 0.0884253 -0.005 -0.189192 0.0822525 -0.005 -0.117584 0.0668198 -0.005 -0.116006 0.0728806 -0.005 -0.123671 0.055924 -0.005 -0.120164 0.0611129 -0.005 -0.13304 0.0476783 -0.005 -0.128005 0.0514024 -0.005 -0.144621 0.0430248 -0.005 -0.138632 0.0448587 -0.005 -0.163212 0.0438145 -0.005 -0.15709 0.0424951 -0.005 -0.174357 0.0494334 -0.005 -0.169024 0.0461497 -0.005 -0.182993 0.0584439 -0.005 -0.179058 0.0535712 -0.005 -0.188134 0.0698167 -0.005 -0.186047 0.0639115 -0.005 -0.150833 0.116013 -0.005 -0.182993 0.0997981 -0.005 -0.186047 0.0943305 -0.005 -0.174357 0.108809 -0.005 -0.179058 0.104671 -0.005 -0.163212 0.114427 -0.005 -0.169024 0.112092 -0.005 -0.15709 0.115747 -0.005 -0.138632 0.113383 -0.005 -0.144621 0.115217 -0.005 -0.128005 0.10684 -0.005 -0.13304 0.110564 -0.005 -0.120164 0.0971291 -0.005 -0.123671 0.102318 -0.005 -0.116006 0.0853614 -0.005 -0.117584 0.0914222 -0.005 -0.2052 0.11865 0 -0.222263 0.14205 0 -0.204664 0.120651 0 0.2052 0.11865 0 0.222263 0.14205 0 0.238286 0.0478007 0 -0.22084 0.144212 0 -0.21839 0.14505 0 -0.222263 -0.14205 0 -0.21839 -0.14505 0 -0.22084 -0.144212 0 0.238286 -0.0478007 0 -0.2012 -0.12265 0 -2.84217e-17 -0.14505 1.11022e-19 0.22084 -0.144212 0 0.21839 -0.14505 0 0.222263 -0.14205 0 0.2012 -0.12265 0 0.2052 -0.11865 0 0.204664 -0.120651 0 0.22084 0.144212 0 0.21839 0.14505 0 0.2012 0.12265 0 1.52011e-17 0.14505 0 -0.238286 0.0478007 0 -0.2052 -0.11865 0 -0.238286 -0.0478007 0 0.203199 -0.122114 0 -0.204664 -0.120649 0 -0.203201 -0.122114 0 -0.2012 0.12265 0 -0.203199 0.122114 0 0.204664 0.120649 0 0.203201 0.122114 0 0.1036 0.03375 -0.005 0.153967 0.0422293 -0.005 0.2012 0.03375 -0.005 0.115608 0.0759895 -0.005 0.1036 0.11865 -0.005 0.189325 0.079121 -0.005 0.2012 0.11865 -0.005 0.116666 0.0884253 -0.005 0.115608 0.0822525 -0.005 0.187216 0.0668198 -0.005 0.188794 0.0728806 -0.005 0.181129 0.055924 -0.005 0.184636 0.0611129 -0.005 0.17176 0.0476783 -0.005 0.176795 0.0514024 -0.005 0.160179 0.0430248 -0.005 0.166168 0.0448587 -0.005 0.141588 0.0438145 -0.005 0.14771 0.0424951 -0.005 0.130443 0.0494334 -0.005 0.135776 0.0461497 -0.005 0.121807 0.0584439 -0.005 0.125742 0.0535712 -0.005 0.116666 0.0698167 -0.005 0.118753 0.0639115 -0.005 0.153967 0.116013 -0.005 0.121807 0.0997981 -0.005 0.118753 0.0943305 -0.005 0.130443 0.108809 -0.005 0.125742 0.104671 -0.005 0.141588 0.114427 -0.005 0.135776 0.112092 -0.005 0.14771 0.115747 -0.005 0.166168 0.113383 -0.005 0.160179 0.115217 -0.005 0.176795 0.10684 -0.005 0.17176 0.110564 -0.005 0.184636 0.0971291 -0.005 0.181129 0.102318 -0.005 0.188794 0.0853614 -0.005 0.187216 0.0914222 -0.005 0.0996 0.12065 -0.01705 -0.0996 0.12065 -0.01705 -0.0996 0.12065 -0.007 -0.1036 0.12065 -0.003 0.101599 0.12065 -0.00353644 -0.101601 0.12065 -0.00353554 0.0996 0.12065 -0.007 0.1036 0.12065 -0.003 -0.100136 0.12065 -0.00499921 -0.2012 0.12065 -0.002 0.2012 0.12065 -0.002 -0.2012 0.12065 -0.003 0.2012 0.12065 -0.003 0.100136 0.12065 -0.00500068 -0.2032 -0.11865 -0.002 -0.2032 0.0302855 -0.00500068 -0.2032 0.02975 -0.007 -0.2032 0.11865 -0.002 -0.2032 0.03375 -0.003 -0.2032 0.0317492 -0.00353644 -0.2032 -0.11865 -0.01705 -0.2032 0.02975 -0.01705 -0.2032 0.11865 -0.003 0.2032 -0.11865 -0.002 0.2032 0.02975 -0.007 0.2032 0.0302864 -0.00499921 0.2032 0.11865 -0.002 0.2032 0.03375 -0.003 0.2032 0.0317507 -0.00353554 0.2032 -0.11865 -0.01705 0.2032 0.02975 -0.01705 0.2032 0.11865 -0.003 0.2012 -0.12065 -0.01705 0.2012 -0.12065 -0.002 -0.2012 -0.12065 -0.002 -0.2012 -0.12065 -0.01705 -0.1016 0.039592 -0.012 -0.1016 0.11865 -0.01705 -0.1016 0.039592 -0.01705 -0.1016 0.0375913 -0.00853554 -0.1016 0.035592 -0.008 -0.1016 0.03375 -0.007 -0.1016 0.0390556 -0.00999921 -0.1016 0.11865 -0.007 -0.1016 0.03375 -0.008 -0.0996 0.037592 -0.012 -0.0996 0.037592 -0.01705 0.0996 0.037592 -0.01705 0.0996 0.037592 -0.012 -0.155284 0.113927 -0.01705 -0.155284 0.113927 -0.007 -0.149516 0.113927 -0.007 -0.117951 0.0733725 -0.007 -0.117475 0.079121 -0.01705 -0.117475 0.079121 -0.007 -0.160974 0.112977 -0.01705 -0.160974 0.112977 -0.007 -0.166429 0.111104 -0.007 -0.166429 0.111104 -0.01705 -0.171502 0.108359 -0.01705 -0.171502 0.108359 -0.007 -0.176054 0.104816 -0.01705 -0.176054 0.104816 -0.007 -0.179961 0.100572 -0.007 -0.179961 0.100572 -0.01705 -0.183116 0.0957435 -0.01705 -0.183116 0.0957435 -0.007 -0.185433 0.0904611 -0.01705 -0.185433 0.0904611 -0.007 -0.186849 0.0848695 -0.007 -0.186849 0.0848695 -0.01705 -0.187325 0.079121 -0.01705 -0.187325 0.079121 -0.007 -0.149516 0.113927 -0.01705 -0.143826 0.112977 -0.007 -0.143826 0.112977 -0.01705 -0.138371 0.111104 -0.007 -0.138371 0.111104 -0.01705 -0.133298 0.108359 -0.01705 -0.133298 0.108359 -0.007 -0.128746 0.104816 -0.007 -0.128746 0.104816 -0.01705 -0.124839 0.100572 -0.007 -0.124839 0.100572 -0.01705 -0.121684 0.0957435 -0.01705 -0.121684 0.0957435 -0.007 -0.119367 0.0904611 -0.007 -0.119367 0.0904611 -0.01705 -0.117951 0.0848695 -0.007 -0.117951 0.0848695 -0.01705 -0.124839 0.0576696 -0.007 -0.121684 0.0624985 -0.01705 -0.121684 0.0624985 -0.007 -0.119367 0.0677809 -0.007 -0.119367 0.0677809 -0.01705 -0.117951 0.0733725 -0.01705 -0.133298 0.049883 -0.01705 -0.133298 0.049883 -0.007 -0.138371 0.0471376 -0.007 -0.124839 0.0576696 -0.01705 -0.128746 0.0534258 -0.007 -0.128746 0.0534258 -0.01705 -0.149516 0.0443153 -0.007 -0.155284 0.0443153 -0.007 -0.149516 0.0443153 -0.01705 -0.143826 0.0452647 -0.007 -0.143826 0.0452647 -0.01705 -0.138371 0.0471376 -0.01705 -0.171502 0.049883 -0.007 -0.166429 0.0471376 -0.01705 -0.166429 0.0471376 -0.007 -0.160974 0.0452647 -0.01705 -0.155284 0.0443153 -0.01705 -0.160974 0.0452647 -0.007 -0.179961 0.0576696 -0.01705 -0.176054 0.0534258 -0.01705 -0.179961 0.0576696 -0.007 -0.171502 0.049883 -0.01705 -0.176054 0.0534258 -0.007 -0.183116 0.0624985 -0.007 -0.183116 0.0624985 -0.01705 -0.185433 0.0677809 -0.007 -0.185433 0.0677809 -0.01705 -0.186849 0.0733725 -0.01705 -0.186849 0.0733725 -0.007 0.117951 0.0848695 -0.007 0.117475 0.079121 -0.01705 0.117475 0.079121 -0.007 0.124839 0.100572 -0.007 0.12191 0.0961538 -0.01705 0.121684 0.0957435 -0.007 0.119367 0.0904611 -0.007 0.11947 0.0907559 -0.01705 0.117977 0.0850234 -0.01705 0.134089 0.108861 -0.01705 0.133298 0.108359 -0.007 0.138371 0.111104 -0.007 0.125227 0.101062 -0.01705 0.128746 0.104816 -0.007 0.129326 0.105338 -0.01705 0.149516 0.113927 -0.007 0.155284 0.113927 -0.007 0.150918 0.114015 -0.01705 0.143826 0.112977 -0.007 0.145042 0.113262 -0.01705 0.139378 0.111528 -0.01705 0.171502 0.108359 -0.007 0.168123 0.110306 -0.01705 0.166429 0.111104 -0.007 0.162627 0.112515 -0.01705 0.156836 0.113763 -0.01705 0.160974 0.112977 -0.007 0.181336 0.0986781 -0.01705 0.179961 0.100572 -0.007 0.183116 0.0957435 -0.007 0.173168 0.107201 -0.01705 0.176054 0.104816 -0.007 0.177614 0.103287 -0.01705 0.186849 0.0848695 -0.007 0.187325 0.079121 -0.007 0.187199 0.0820828 -0.01705 0.185433 0.0904611 -0.007 0.186198 0.0879213 -0.01705 0.184225 0.0935066 -0.01705 0.183116 0.0624985 -0.007 0.184225 0.0647354 -0.01705 0.185433 0.0677809 -0.007 0.186198 0.0703207 -0.01705 0.187199 0.0761592 -0.01705 0.186849 0.0733725 -0.007 0.173168 0.0510414 -0.01705 0.176054 0.0534258 -0.007 0.171502 0.049883 -0.007 0.181336 0.0595639 -0.01705 0.179961 0.0576696 -0.007 0.177614 0.054955 -0.01705 0.160974 0.0452647 -0.007 0.155284 0.0443153 -0.007 0.156836 0.0444789 -0.01705 0.166429 0.0471376 -0.007 0.162627 0.0457269 -0.01705 0.168123 0.0479356 -0.01705 0.150918 0.0442275 -0.01705 0.149516 0.0443153 -0.007 0.145042 0.0449799 -0.01705 0.139378 0.0467145 -0.01705 0.143826 0.0452647 -0.007 0.138371 0.0471376 -0.007 0.134089 0.0493813 -0.01705 0.133298 0.049883 -0.007 0.129326 0.0529038 -0.01705 0.125227 0.0571804 -0.01705 0.128746 0.0534258 -0.007 0.124839 0.0576696 -0.007 0.12191 0.0620883 -0.01705 0.121684 0.0624985 -0.007 0.11947 0.0674861 -0.01705 0.117977 0.0732186 -0.01705 0.119367 0.0677809 -0.007 0.117951 0.0733725 -0.007 0.2012 0.02975 -0.01905 0.2012 -0.11865 -0.01905 -0.2012 -0.11865 -0.01905 -0.2012 0.02975 -0.01905 -0.171978 0.105593 -0.01905 -0.167223 0.108521 -0.01905 -0.123656 0.0630636 -0.01905 -0.126783 0.0998051 -0.01905 -0.123656 0.0951784 -0.01905 -0.135137 0.107158 -0.01905 -0.130647 0.103837 -0.01905 -0.121356 0.0900896 -0.01905 -0.140124 0.109672 -0.01905 -0.145463 0.111307 -0.01905 -0.119949 0.0846853 -0.01905 -0.119475 0.079121 -0.01905 -0.151003 0.112016 -0.01905 -0.162041 0.110603 -0.01905 -0.119949 0.0735566 -0.01905 -0.121356 0.0681524 -0.01905 -0.156582 0.111779 -0.01905 -0.179679 0.0975582 -0.01905 -0.135137 0.0510844 -0.01905 -0.182402 0.0926828 -0.01905 -0.130647 0.0544051 -0.01905 -0.17617 0.101903 -0.01905 -0.126783 0.0584369 -0.01905 -0.184263 0.0874174 -0.01905 -0.140124 0.0485703 -0.01905 -0.145463 0.046935 -0.01905 -0.184263 0.0708246 -0.01905 -0.156582 0.0464627 -0.01905 -0.162041 0.0476392 -0.01905 -0.185206 0.0763288 -0.01905 -0.185206 0.0819132 -0.01905 -0.151003 0.0462257 -0.01905 -0.179679 0.0606838 -0.01905 -0.171978 0.0526494 -0.01905 -0.17617 0.0563389 -0.01905 -0.167223 0.0497214 -0.01905 -0.182402 0.0655591 -0.01905 0.171978 0.105593 -0.01905 0.123656 0.0630636 -0.01905 0.167223 0.108521 -0.01905 0.126783 0.0998051 -0.01905 0.135137 0.107158 -0.01905 0.123656 0.0951784 -0.01905 0.130647 0.103837 -0.01905 0.121356 0.0900896 -0.01905 0.140124 0.109672 -0.01905 0.145463 0.111307 -0.01905 0.119949 0.0846853 -0.01905 0.151003 0.112016 -0.01905 0.119475 0.079121 -0.01905 0.162041 0.110603 -0.01905 0.121356 0.0681524 -0.01905 0.119949 0.0735566 -0.01905 0.156582 0.111779 -0.01905 0.179679 0.0975582 -0.01905 0.182402 0.0926828 -0.01905 0.135137 0.0510844 -0.01905 0.130647 0.0544051 -0.01905 0.126783 0.0584369 -0.01905 0.17617 0.101903 -0.01905 0.184263 0.0874174 -0.01905 0.145463 0.046935 -0.01905 0.140124 0.0485703 -0.01905 0.184263 0.0708246 -0.01905 0.162041 0.0476392 -0.01905 0.156582 0.0464627 -0.01905 0.185206 0.0763288 -0.01905 0.151003 0.0462257 -0.01905 0.185206 0.0819132 -0.01905 0.179679 0.0606838 -0.01905 0.17617 0.0563389 -0.01905 0.171978 0.0526494 -0.01905 0.167223 0.0497214 -0.01905 0.182402 0.0655591 -0.01905 0.0996 0.11865 -0.01905 -0.0996 0.039592 -0.01905 -0.0996 0.11865 -0.01905 0.0996 0.039592 -0.01905 -0.0996 0.035592 -0.01 0.0996 0.035592 -0.01 0.0996 0.03375 -0.01 -0.0996 0.03375 -0.01 -0.2012 -0.12265 0 -0.2012 -0.12065 -0.002 0.2012 -0.12065 -0.002 0.2012 -0.12265 0 -0.203201 -0.122114 0 -0.2032 -0.11865 -0.002 -0.2012 -0.12065 -0.002 -0.204664 -0.120649 0 -0.2012 -0.12265 0 -0.2052 -0.11865 0 0.203199 -0.122114 0 0.2012 -0.12065 -0.002 0.204664 -0.120651 0 0.2032 -0.11865 -0.002 0.2052 -0.11865 0 0.2012 -0.12265 0 -0.2032 -0.11865 -0.002 -0.2052 0.11865 0 -0.2032 0.11865 -0.002 -0.2052 -0.11865 0 -0.2032 -0.11865 -0.002 -0.2032 -0.11865 -0.01705 -0.2012 -0.12065 -0.01705 -0.2012 -0.12065 -0.002 0.2012 -0.12065 -0.01705 -0.2012 -0.12065 -0.01705 -0.2012 -0.11865 -0.01905 0.2012 -0.11865 -0.01905 0.2012 -0.12065 -0.002 0.2032 -0.11865 -0.01705 0.2032 -0.11865 -0.002 0.2012 -0.12065 -0.01705 0.2052 -0.11865 0 0.2032 0.11865 -0.002 0.2052 0.11865 0 0.2032 -0.11865 -0.002 -0.2012 0.12065 -0.002 0.2012 0.12265 0 0.2012 0.12065 -0.002 -0.2012 0.12265 0 -0.203199 0.122114 0 -0.2012 0.12065 -0.002 -0.204664 0.120651 0 -0.2032 0.11865 -0.002 -0.2052 0.11865 0 -0.2012 0.12265 0 -0.2012 -0.11865 -0.01905 -0.2012 -0.12065 -0.01705 -0.2032 -0.11865 -0.01705 0.2032 -0.11865 -0.01705 0.2012 -0.12065 -0.01705 0.2012 -0.11865 -0.01905 0.204664 0.120649 0 0.2032 0.11865 -0.002 0.203201 0.122114 0 0.2012 0.12065 -0.002 0.2012 0.12265 0 0.2052 0.11865 0 -0.2012 0.12065 -0.002 -0.2012 0.12065 -0.003 -0.2032 0.11865 -0.003 -0.2032 0.11865 -0.002 -0.2032 -0.11865 -0.01705 -0.2032 0.02975 -0.01705 -0.2012 0.02975 -0.01905 -0.2012 -0.11865 -0.01905 0.2012 0.02975 -0.01905 -0.2012 0.03175 -0.01705 0.2012 0.03175 -0.01705 -0.2012 0.02975 -0.01905 0.2012 -0.11865 -0.01905 0.2012 0.02975 -0.01905 0.2032 0.02975 -0.01705 0.2032 -0.11865 -0.01705 0.2032 0.11865 -0.002 0.2012 0.12065 -0.003 0.2012 0.12065 -0.002 0.2032 0.11865 -0.003 -0.2032 0.11865 -0.003 -0.2012 0.12065 -0.003 -0.2012 0.11865 -0.005 -0.2012 0.03175 -0.01705 -0.2012 0.02975 -0.01905 -0.2032 0.02975 -0.01705 0.2032 0.02975 -0.01705 0.2012 0.02975 -0.01905 0.2012 0.03175 -0.01705 0.2012 0.12065 -0.003 0.2032 0.11865 -0.003 0.2012 0.11865 -0.005 -0.2012 0.12065 -0.003 -0.1036 0.12065 -0.003 -0.1036 0.11865 -0.005 -0.2012 0.11865 -0.005 -0.2012 0.11865 -0.005 -0.2032 0.03375 -0.003 -0.2032 0.11865 -0.003 -0.2012 0.03375 -0.005 -0.2032 0.02975 -0.01705 -0.2012 0.03175 -0.007 -0.2012 0.03175 -0.01705 -0.2032 0.02975 -0.007 0.2012 0.03175 -0.01705 0.2012 0.03175 -0.007 0.2032 0.02975 -0.007 0.2032 0.02975 -0.01705 0.2032 0.11865 -0.003 0.2032 0.03375 -0.003 0.2012 0.03375 -0.005 0.2012 0.11865 -0.005 0.2012 0.11865 -0.005 0.1036 0.11865 -0.005 0.1036 0.12065 -0.003 0.2012 0.12065 -0.003 -0.101601 0.12065 -0.00353554 -0.100136 0.12065 -0.00499921 -0.1036 0.11865 -0.005 -0.1016 0.11865 -0.007 -0.0996 0.12065 -0.007 -0.1036 0.12065 -0.003 -0.2012 0.03175 -0.007 -0.2032 0.0317492 -0.00353644 -0.2012 0.03375 -0.005 -0.2032 0.0302855 -0.00500068 -0.2032 0.02975 -0.007 -0.2032 0.03375 -0.003 0.2012 0.03375 -0.005 0.2032 0.03375 -0.003 0.2032 0.0317507 -0.00353554 0.2012 0.03175 -0.007 0.2032 0.02975 -0.007 0.2032 0.0302864 -0.00499921 0.1016 0.11865 -0.007 0.101599 0.12065 -0.00353644 0.1036 0.11865 -0.005 0.100136 0.12065 -0.00500068 0.0996 0.12065 -0.007 0.1036 0.12065 -0.003 -0.0996 0.12065 -0.007 -0.0996 0.12065 -0.01705 -0.1016 0.11865 -0.01705 -0.1016 0.11865 -0.007 -0.101959 0.03375 -0.0058574 -0.1036 0.03375 -0.005 -0.1036 0.11865 -0.005 -0.1016 0.11865 -0.007 -0.1016 0.03375 -0.007 -0.2012 0.03175 -0.007 -0.1036 0.03375 -0.005 -0.1036 0.03175 -0.007 -0.2012 0.03375 -0.005 0.1036 0.0328946 -0.00519231 0.1036 0.03375 -0.005 0.2012 0.03375 -0.005 0.2012 0.03175 -0.007 0.1036 0.03175 -0.007 0.1036 0.03375 -0.005 0.1016 0.03375 -0.007 0.1016 0.11865 -0.007 0.1036 0.11865 -0.005 0.1016 0.11865 -0.007 0.1016 0.11865 -0.01705 0.0996 0.12065 -0.01705 0.0996 0.12065 -0.007 -0.0996 0.12065 -0.01705 0.0996 0.12065 -0.01705 0.0996 0.11865 -0.01905 -0.0996 0.11865 -0.01905 -0.1016 0.11865 -0.01705 -0.0996 0.12065 -0.01705 -0.0996 0.11865 -0.01905 -0.102575 0.0327128 -0.0056313 -0.1036 0.03175 -0.007 -0.1036 0.03375 -0.005 -0.101959 0.03375 -0.0058574 -0.1016 0.03375 -0.007 0.1016 0.03375 -0.007 0.1036 0.03375 -0.005 0.102563 0.0327248 -0.0056313 0.1036 0.0328946 -0.00519231 0.1036 0.03175 -0.007 0.0996 0.11865 -0.01905 0.0996 0.12065 -0.01705 0.1016 0.11865 -0.01705 -0.0996 0.11865 -0.01905 -0.1016 0.039592 -0.01705 -0.1016 0.11865 -0.01705 -0.0996 0.039592 -0.01905 -0.1016 0.03375 -0.008 -0.1036 0.03175 -0.008 -0.1036 0.03175 -0.007 -0.1016 0.03375 -0.007 -0.0996 0.03175 -0.012 -0.0996 0.03375 -0.01 0.0996 0.03375 -0.01 0.0996 0.03175 -0.012 0.1016 0.03375 -0.007 0.1036 0.03175 -0.008 0.1016 0.03375 -0.008 0.1036 0.03175 -0.007 0.1016 0.11865 -0.01705 0.1016 0.039592 -0.01705 0.0996 0.039592 -0.01905 0.0996 0.11865 -0.01905 -0.0996 0.039592 -0.01905 0.0996 0.037592 -0.01705 -0.0996 0.037592 -0.01705 0.0996 0.039592 -0.01905 -0.1016 0.039592 -0.01705 -0.0996 0.039592 -0.01905 -0.0996 0.037592 -0.01705 -0.103064 0.03175 -0.00999932 -0.1016 0.03375 -0.008 -0.0996 0.03375 -0.01 -0.101601 0.03175 -0.0114636 -0.0996 0.03175 -0.012 -0.1036 0.03175 -0.008 0.101599 0.03175 -0.0114645 0.0996 0.03375 -0.01 0.1016 0.03375 -0.008 0.103064 0.03175 -0.0100008 0.1036 0.03175 -0.008 0.0996 0.03175 -0.012 0.0996 0.037592 -0.01705 0.0996 0.039592 -0.01905 0.1016 0.039592 -0.01705 -0.0996 0.037592 -0.01705 -0.1016 0.039592 -0.012 -0.1016 0.039592 -0.01705 -0.0996 0.037592 -0.012 -0.1016 0.03375 -0.008 -0.0996 0.035592 -0.01 -0.0996 0.03375 -0.01 -0.1016 0.035592 -0.008 0.0996 0.03375 -0.01 0.0996 0.035592 -0.01 0.1016 0.035592 -0.008 0.1016 0.03375 -0.008 0.1016 0.039592 -0.01705 0.0996 0.037592 -0.012 0.0996 0.037592 -0.01705 0.1016 0.039592 -0.012 -0.0996 0.035592 -0.01 -0.1016 0.0390556 -0.00999921 -0.0996 0.037592 -0.012 -0.1016 0.0375913 -0.00853554 -0.1016 0.035592 -0.008 -0.1016 0.039592 -0.012 0.0996 0.037592 -0.012 0.1016 0.0375928 -0.00853644 0.0996 0.035592 -0.01 0.1016 0.0390565 -0.0100007 0.1016 0.039592 -0.012 0.1016 0.035592 -0.008 0.0996 0.037592 -0.012 0.0996 0.035592 -0.01 -0.0996 0.035592 -0.01 -0.0996 0.037592 -0.012 -0.119475 0.079121 -0.01905 -0.119949 0.0846853 -0.01905 -0.117951 0.0848695 -0.01705 -0.121684 0.0957435 -0.01705 -0.119367 0.0904611 -0.01705 -0.121356 0.0900896 -0.01905 -0.133298 0.108359 -0.01705 -0.128746 0.104816 -0.01705 -0.130647 0.103837 -0.01905 -0.124839 0.100572 -0.01705 -0.123656 0.0951784 -0.01905 -0.126783 0.0998051 -0.01905 -0.143826 0.112977 -0.01705 -0.145463 0.111307 -0.01905 -0.149516 0.113927 -0.01705 -0.135137 0.107158 -0.01905 -0.140124 0.109672 -0.01905 -0.138371 0.111104 -0.01705 -0.162041 0.110603 -0.01905 -0.166429 0.111104 -0.01705 -0.160974 0.112977 -0.01705 -0.156582 0.111779 -0.01905 -0.155284 0.113927 -0.01705 -0.151003 0.112016 -0.01905 -0.179961 0.100572 -0.01705 -0.176054 0.104816 -0.01705 -0.17617 0.101903 -0.01905 -0.171502 0.108359 -0.01705 -0.167223 0.108521 -0.01905 -0.171978 0.105593 -0.01905 -0.185433 0.0904611 -0.01705 -0.184263 0.0874174 -0.01905 -0.186849 0.0848695 -0.01705 -0.179679 0.0975582 -0.01905 -0.182402 0.0926828 -0.01905 -0.183116 0.0957435 -0.01705 -0.184263 0.0708246 -0.01905 -0.185433 0.0677809 -0.01705 -0.186849 0.0733725 -0.01705 -0.185206 0.0763288 -0.01905 -0.187325 0.079121 -0.01705 -0.185206 0.0819132 -0.01905 -0.176054 0.0534258 -0.01705 -0.179961 0.0576696 -0.01705 -0.17617 0.0563389 -0.01905 -0.183116 0.0624985 -0.01705 -0.182402 0.0655591 -0.01905 -0.179679 0.0606838 -0.01905 -0.166429 0.0471376 -0.01705 -0.162041 0.0476392 -0.01905 -0.160974 0.0452647 -0.01705 -0.171978 0.0526494 -0.01905 -0.167223 0.0497214 -0.01905 -0.171502 0.049883 -0.01705 -0.151003 0.0462257 -0.01905 -0.145463 0.046935 -0.01905 -0.149516 0.0443153 -0.01705 -0.155284 0.0443153 -0.01705 -0.143826 0.0452647 -0.01705 -0.140124 0.0485703 -0.01905 -0.135137 0.0510844 -0.01905 -0.138371 0.0471376 -0.01705 -0.130647 0.0544051 -0.01905 -0.133298 0.049883 -0.01705 -0.128746 0.0534258 -0.01705 -0.126783 0.0584369 -0.01905 -0.123656 0.0630636 -0.01905 -0.124839 0.0576696 -0.01705 -0.121356 0.0681524 -0.01905 -0.121684 0.0624985 -0.01705 -0.119367 0.0677809 -0.01705 -0.119949 0.0735566 -0.01905 -0.117951 0.0733725 -0.01705 -0.117475 0.079121 -0.01705 -0.156582 0.0464627 -0.01905 -0.187325 0.079121 -0.007 -0.186849 0.0733725 -0.007 -0.189192 0.0759895 -0.005 -0.185433 0.0677809 -0.007 -0.188134 0.0698167 -0.005 -0.186047 0.0639115 -0.005 -0.183116 0.0624985 -0.007 -0.179961 0.0576696 -0.007 -0.179058 0.0535712 -0.005 -0.182993 0.0584439 -0.005 -0.176054 0.0534258 -0.007 -0.174357 0.0494334 -0.005 -0.169024 0.0461497 -0.005 -0.171502 0.049883 -0.007 -0.166429 0.0471376 -0.007 -0.163212 0.0438145 -0.005 -0.160974 0.0452647 -0.007 -0.15709 0.0424951 -0.005 -0.150833 0.0422293 -0.005 -0.155284 0.0443153 -0.007 -0.124839 0.0576696 -0.007 -0.121684 0.0624985 -0.007 -0.120164 0.0611129 -0.005 -0.149516 0.0443153 -0.007 -0.143826 0.0452647 -0.007 -0.144621 0.0430248 -0.005 -0.138371 0.0471376 -0.007 -0.138632 0.0448587 -0.005 -0.13304 0.0476783 -0.005 -0.133298 0.049883 -0.007 -0.128746 0.0534258 -0.007 -0.128005 0.0514024 -0.005 -0.123671 0.055924 -0.005 -0.119367 0.0677809 -0.007 -0.117584 0.0668198 -0.005 -0.117951 0.0733725 -0.007 -0.115475 0.079121 -0.005 -0.116006 0.0728806 -0.005 -0.117475 0.079121 -0.007 -0.189192 0.0822525 -0.005 -0.186849 0.0848695 -0.007 -0.188134 0.0884253 -0.005 -0.186047 0.0943305 -0.005 -0.185433 0.0904611 -0.007 -0.182993 0.0997981 -0.005 -0.183116 0.0957435 -0.007 -0.179961 0.100572 -0.007 -0.179058 0.104671 -0.005 -0.174357 0.108809 -0.005 -0.176054 0.104816 -0.007 -0.169024 0.112092 -0.005 -0.171502 0.108359 -0.007 -0.166429 0.111104 -0.007 -0.163212 0.114427 -0.005 -0.15709 0.115747 -0.005 -0.160974 0.112977 -0.007 -0.155284 0.113927 -0.007 -0.149516 0.113927 -0.007 -0.150833 0.116013 -0.005 -0.144621 0.115217 -0.005 -0.143826 0.112977 -0.007 -0.138632 0.113383 -0.005 -0.138371 0.111104 -0.007 -0.133298 0.108359 -0.007 -0.13304 0.110564 -0.005 -0.128005 0.10684 -0.005 -0.128746 0.104816 -0.007 -0.123671 0.102318 -0.005 -0.124839 0.100572 -0.007 -0.121684 0.0957435 -0.007 -0.120164 0.0971291 -0.005 -0.117584 0.0914222 -0.005 -0.119367 0.0904611 -0.007 -0.116006 0.0853614 -0.005 -0.117951 0.0848695 -0.007 0.121356 0.0681524 -0.01905 0.11947 0.0674861 -0.01705 0.117977 0.0732186 -0.01705 0.117475 0.079121 -0.01705 0.119475 0.079121 -0.01905 0.119949 0.0735566 -0.01905 0.125227 0.0571804 -0.01705 0.130647 0.0544051 -0.01905 0.129326 0.0529038 -0.01705 0.126783 0.0584369 -0.01905 0.12191 0.0620883 -0.01705 0.123656 0.0630636 -0.01905 0.145463 0.046935 -0.01905 0.145042 0.0449799 -0.01705 0.139378 0.0467145 -0.01705 0.140124 0.0485703 -0.01905 0.134089 0.0493813 -0.01705 0.135137 0.0510844 -0.01905 0.162627 0.0457269 -0.01705 0.156836 0.0444789 -0.01705 0.162041 0.0476392 -0.01905 0.150918 0.0442275 -0.01705 0.151003 0.0462257 -0.01905 0.156582 0.0464627 -0.01905 0.173168 0.0510414 -0.01705 0.17617 0.0563389 -0.01905 0.177614 0.054955 -0.01705 0.167223 0.0497214 -0.01905 0.171978 0.0526494 -0.01905 0.168123 0.0479356 -0.01705 0.184263 0.0708246 -0.01905 0.186198 0.0703207 -0.01705 0.184225 0.0647354 -0.01705 0.182402 0.0655591 -0.01905 0.181336 0.0595639 -0.01705 0.179679 0.0606838 -0.01905 0.186198 0.0879213 -0.01705 0.187199 0.0820828 -0.01705 0.184263 0.0874174 -0.01905 0.187199 0.0761592 -0.01705 0.185206 0.0763288 -0.01905 0.185206 0.0819132 -0.01905 0.181336 0.0986781 -0.01705 0.17617 0.101903 -0.01905 0.177614 0.103287 -0.01705 0.182402 0.0926828 -0.01905 0.179679 0.0975582 -0.01905 0.184225 0.0935066 -0.01705 0.162041 0.110603 -0.01905 0.162627 0.112515 -0.01705 0.168123 0.110306 -0.01705 0.167223 0.108521 -0.01905 0.173168 0.107201 -0.01705 0.171978 0.105593 -0.01905 0.145463 0.111307 -0.01905 0.150918 0.114015 -0.01705 0.151003 0.112016 -0.01905 0.156836 0.113763 -0.01705 0.156582 0.111779 -0.01905 0.140124 0.109672 -0.01905 0.145042 0.113262 -0.01705 0.139378 0.111528 -0.01705 0.135137 0.107158 -0.01905 0.130647 0.103837 -0.01905 0.134089 0.108861 -0.01705 0.126783 0.0998051 -0.01905 0.129326 0.105338 -0.01705 0.125227 0.101062 -0.01705 0.123656 0.0951784 -0.01905 0.121356 0.0900896 -0.01905 0.12191 0.0961538 -0.01705 0.119949 0.0846853 -0.01905 0.11947 0.0907559 -0.01705 0.117977 0.0850234 -0.01705 0.117475 0.079121 -0.007 0.117951 0.0733725 -0.007 0.115608 0.0759895 -0.005 0.119367 0.0677809 -0.007 0.116666 0.0698167 -0.005 0.118753 0.0639115 -0.005 0.121684 0.0624985 -0.007 0.124839 0.0576696 -0.007 0.125742 0.0535712 -0.005 0.121807 0.0584439 -0.005 0.128746 0.0534258 -0.007 0.130443 0.0494334 -0.005 0.135776 0.0461497 -0.005 0.133298 0.049883 -0.007 0.138371 0.0471376 -0.007 0.141588 0.0438145 -0.005 0.143826 0.0452647 -0.007 0.14771 0.0424951 -0.005 0.153967 0.0422293 -0.005 0.149516 0.0443153 -0.007 0.179961 0.0576696 -0.007 0.183116 0.0624985 -0.007 0.184636 0.0611129 -0.005 0.155284 0.0443153 -0.007 0.160974 0.0452647 -0.007 0.160179 0.0430248 -0.005 0.166429 0.0471376 -0.007 0.166168 0.0448587 -0.005 0.17176 0.0476783 -0.005 0.171502 0.049883 -0.007 0.176054 0.0534258 -0.007 0.176795 0.0514024 -0.005 0.181129 0.055924 -0.005 0.185433 0.0677809 -0.007 0.187216 0.0668198 -0.005 0.186849 0.0733725 -0.007 0.189325 0.079121 -0.005 0.188794 0.0728806 -0.005 0.187325 0.079121 -0.007 0.115608 0.0822525 -0.005 0.117951 0.0848695 -0.007 0.116666 0.0884253 -0.005 0.118753 0.0943305 -0.005 0.119367 0.0904611 -0.007 0.121807 0.0997981 -0.005 0.121684 0.0957435 -0.007 0.124839 0.100572 -0.007 0.125742 0.104671 -0.005 0.130443 0.108809 -0.005 0.128746 0.104816 -0.007 0.135776 0.112092 -0.005 0.133298 0.108359 -0.007 0.138371 0.111104 -0.007 0.141588 0.114427 -0.005 0.14771 0.115747 -0.005 0.143826 0.112977 -0.007 0.149516 0.113927 -0.007 0.155284 0.113927 -0.007 0.153967 0.116013 -0.005 0.160179 0.115217 -0.005 0.160974 0.112977 -0.007 0.166168 0.113383 -0.005 0.166429 0.111104 -0.007 0.171502 0.108359 -0.007 0.17176 0.110564 -0.005 0.176795 0.10684 -0.005 0.176054 0.104816 -0.007 0.181129 0.102318 -0.005 0.179961 0.100572 -0.007 0.183116 0.0957435 -0.007 0.184636 0.0971291 -0.005 0.187216 0.0914222 -0.005 0.185433 0.0904611 -0.007 0.188794 0.0853614 -0.005 0.186849 0.0848695 -0.007 0.220518 -0.145575 -0.002 0.21839 -0.14605 -0.002 0.21839 -0.14605 -0.001 0.223232 -0.1423 -0.002 0.222239 -0.144241 -0.001 0.223232 -0.1423 -0.001 0.222241 -0.144239 -0.002 0.220516 -0.145576 -0.001 0.222239 0.144241 -0.002 0.223232 0.1423 -0.002 0.223232 0.1423 -0.001 0.21839 0.14605 -0.002 0.220518 0.145575 -0.001 0.21839 0.14605 -0.001 0.220516 0.145576 -0.002 0.222241 0.144239 -0.001 -0.220518 0.145575 -0.002 -0.21839 0.14605 -0.002 -0.21839 0.14605 -0.001 -0.223232 0.1423 -0.002 -0.222239 0.144241 -0.001 -0.223232 0.1423 -0.001 -0.222241 0.144239 -0.002 -0.220516 0.145576 -0.001 -0.222239 -0.144241 -0.002 -0.223232 -0.1423 -0.002 -0.223232 -0.1423 -0.001 -0.21839 -0.14605 -0.002 -0.220518 -0.145575 -0.001 -0.21839 -0.14605 -0.001 -0.220516 -0.145576 -0.002 -0.222241 -0.144239 -0.001 0.220518 -0.145575 -0.002 0.22084 -0.144212 -0.003 0.21839 -0.14505 -0.003 0.222263 -0.14205 -0.003 0.222241 -0.144239 -0.002 0.223232 -0.1423 -0.002 0.21839 -0.14605 -0.002 0.21839 -0.14605 -0.002 -2.84217e-17 -0.14505 -0.003 0 -0.14605 -0.002 -0.21839 -0.14605 -0.002 -0.21839 -0.14505 -0.003 0.21839 -0.14505 -0.003 0.222263 -0.14205 -0.003 0.239283 -0.0478848 -0.002 0.238286 -0.0478007 -0.003 0.223232 0.1423 -0.002 0.238286 0.0478007 -0.003 0.239283 0.0478848 -0.002 0.222263 0.14205 -0.003 0.223232 -0.1423 -0.002 -0.222239 -0.144241 -0.002 -0.22084 -0.144212 -0.003 -0.222263 -0.14205 -0.003 -0.21839 -0.14505 -0.003 -0.220516 -0.145576 -0.002 -0.21839 -0.14605 -0.002 -0.223232 -0.1423 -0.002 0.222263 0.14205 -0.003 0.222239 0.144241 -0.002 0.22084 0.144212 -0.003 0.21839 0.14605 -0.002 0.21839 0.14505 -0.003 0.220516 0.145576 -0.002 0.223232 0.1423 -0.002 -0.239283 0.0478848 -0.002 -0.238286 0.0478007 -0.003 -0.222263 0.14205 -0.003 -0.223232 -0.1423 -0.002 -0.238286 -0.0478007 -0.003 -0.239283 -0.0478848 -0.002 -0.223232 0.1423 -0.002 -0.222263 -0.14205 -0.003 0 0.14605 -0.002 1.42109e-17 0.14505 -0.003 0.21839 0.14505 -0.003 -0.21839 0.14605 -0.002 -0.21839 0.14505 -0.003 0.21839 0.14605 -0.002 -0.220518 0.145575 -0.002 -0.22084 0.144212 -0.003 -0.21839 0.14505 -0.003 -0.222263 0.14205 -0.003 -0.222241 0.144239 -0.002 -0.223232 0.1423 -0.002 -0.21839 0.14605 -0.002 0.220516 -0.145576 -0.001 0.21839 -0.14605 -0.001 0.21839 -0.14505 0 0.222239 -0.144241 -0.001 0.222263 -0.14205 0 0.223232 -0.1423 -0.001 0.22084 -0.144212 0 0.239283 -0.0478848 -0.001 0.223232 -0.1423 -0.001 0.222263 -0.14205 0 0.223232 0.1423 -0.001 0.238286 0.0478007 0 0.222263 0.14205 0 0.239283 0.0478848 -0.001 0.238286 -0.0478007 0 -4.26326e-17 -0.14605 -0.001 -2.84217e-17 -0.14505 1.11022e-19 0.21839 -0.14505 0 -0.21839 -0.14605 -0.001 -0.21839 -0.14505 0 0.21839 -0.14605 -0.001 0.222241 0.144239 -0.001 0.223232 0.1423 -0.001 0.222263 0.14205 0 0.220518 0.145575 -0.001 0.21839 0.14505 0 0.21839 0.14605 -0.001 0.22084 0.144212 0 -0.222263 -0.14205 0 -0.222241 -0.144239 -0.001 -0.223232 -0.1423 -0.001 -0.21839 -0.14505 0 -0.220518 -0.145575 -0.001 -0.22084 -0.144212 0 -0.21839 -0.14605 -0.001 0.21839 0.14605 -0.001 1.52011e-17 0.14505 0 1.50787e-17 0.14605 -0.001 -0.21839 0.14605 -0.001 -0.21839 0.14505 0 0.21839 0.14505 0 -0.238286 0.0478007 0 -0.239283 -0.0478848 -0.001 -0.239283 0.0478848 -0.001 -0.223232 -0.1423 -0.001 -0.238286 -0.0478007 0 -0.222263 -0.14205 0 -0.222263 0.14205 0 -0.223232 0.1423 -0.001 -0.220516 0.145576 -0.001 -0.21839 0.14605 -0.001 -0.21839 0.14505 0 -0.222239 0.144241 -0.001 -0.222263 0.14205 0 -0.223232 0.1423 -0.001 -0.22084 0.144212 0</float_array>
          <technique_common>
            <accessor count="2158" source="#ID5" stride="3">
              <param name="X" type="float"/>
              <param name="Y" type="float"/>
              <param name="Z" type="float"/>
            </accessor>
          </technique_common>
        </source>
        <source id="ID6">
          <float_array count="6474" id="ID7">1.22465e-16 -1 0 1.22465e-16 -1 0 1.22465e-16 -1 0 1.22465e-16 -1 0 1.22465e-16 -1 0 1.22465e-16 -1 0 -0.996457 0.0840994 0 -0.968267 0.249919 0 -0.968267 0.249919 0 -0.968267 -0.249919 0 -0.996457 -0.0840994 0 -0.968267 -0.249919 0 -0.996457 -0.0840994 0 -0.996457 0.0840994 0 -1.22465e-16 1 0 -1.22465e-16 1 0 -1.22465e-16 1 0 -1.22465e-16 1 0 -1.22465e-16 1 0 -1.22465e-16 1 0 0.996457 -0.0840994 0 0.968267 -0.249919 0 0.968267 -0.249919 0 0.968267 0.249919 0 0.996457 0.0840994 0 0.968267 0.249919 0 0.996457 0.0840994 0 0.996457 -0.0840994 0 9.80625e-17 -0.800741 -0.59901 5.48356e-17 -0.447767 -0.89415 9.80625e-17 -0.800741 -0.59901 1.2053e-16 -0.9842 -0.17706 1.2053e-16 -0.9842 -0.17706 5.48356e-17 -0.447767 -0.89415 -1.38033e-23 1.12712e-07 -1 -1.38033e-23 1.12712e-07 -1 -2.41059e-16 0.9842 -0.17706 -2.44929e-16 1 3.99576e-05 -2.44929e-16 1 -9.66961e-08 -2.12115e-16 0.866025 -0.5 -2.44929e-16 1 1.41722e-07 -2.41059e-16 0.9842 -0.17706 -2.12115e-16 0.866025 -0.5 -2.44929e-16 1 -9.66961e-08 5.19206e-24 -2.11982e-08 -1 -1.22465e-16 0.5 -0.866025 5.19206e-24 -2.11982e-08 -1 -1.22465e-16 0.5 -0.866025 -0.249402 -0.9684 4.97095e-08 -0.487197 -0.824368 -0.288194 -0.637817 -0.770188 -0.000173564 4.00358e-05 -0.9842 -0.17706 -0.766103 -0.452148 -0.456781 -0.904882 -0.425662 -8.72335e-05 -0.410602 -0.384307 -0.82687 -0.499999 -3.66572e-05 -0.866026 -0.866025 -2.05523e-05 -0.5 -1 -1.77321e-08 -2.89586e-08 0.000596319 -0.447608 -0.89423 -3.08806e-08 7.04423e-08 -1 0.000363679 -0.800796 -0.598937 6.84845e-08 -0.9842 -0.17706 0.249402 -0.9684 3.99909e-05 0.487197 -0.824368 -0.288194 0.500001 4.15105e-05 -0.866025 2.20526e-08 -2.83678e-08 -1 0.410602 -0.384307 -0.82687 0.000364809 -0.800679 -0.599093 0.766103 -0.452148 -0.456781 0.866026 2.41979e-05 -0.499999 0.637811 -0.770193 0.000133237 0.905019 -0.425372 6.26337e-05 1 3.46175e-08 -2.57487e-08 0.000504697 -0.447723 -0.894172 -0.590658 -0.806922 0 -0.637802 -0.770201 0 -0.823952 -0.566659 -0 -0.249402 -0.9684 0 -0.249402 -0.9684 0 -0.904931 -0.425557 -0 -1 -3.67225e-08 -0 -0.956936 -0.2903 -0 -1 -3.67225e-08 -0 -2.44929e-16 1 0 -2.44929e-16 1 0 -2.44929e-16 1 0 -2.44929e-16 1 0 -2.44929e-16 1 0 -2.44929e-16 1 0 -2.44929e-16 1 0 -2.44929e-16 1 0 -2.44929e-16 1 0 -2.44929e-16 1 0 -2.44929e-16 1 0 -2.44929e-16 1 0 -2.44929e-16 1 0 -2.44929e-16 1 0 1 2.68505e-08 0 0.904931 -0.425557 0 0.956843 -0.290605 0 0.249402 -0.9684 0 0.590423 -0.807094 0 0.637802 -0.770201 0 0.82382 -0.566852 0 1 2.68505e-08 0 0.249402 -0.9684 0 1 1.83697e-16 0 1 1.83697e-16 0 1 1.83697e-16 0 1 1.83697e-16 0 -0 -0 -1 -0 -0 -1 -0 -0 -1 -0 -0 -1 -0 -0 -1 -0 -0 -1 -0 -0 -1 -0 -0 -1 -0 -0 -1 -0 -0 -1 -0 -0 -1 -0 -0 -1 -0 -0 -1 -0 -0 -1 -0 -0 -1 -0 -0 -1 -0 -0 -1 -0 -0 -1 -0 -0 -1 -0 -0 -1 -0 -0 -1 -0 -0 -1 -0 -0 -1 -0 -0 -1 -0 -0 -1 -0 -0 -1 -0 -0 -1 -0 -0 -1 -0 -0 -1 -0 -0 -1 -0 -0 -1 -0 -0 -1 -0 -0 -1 -0 -0 -1 -0 -0 -1 -0 -0 -1 -0 -0 -1 -0 -0 -1 -0 -0 -1 -0 -0 -1 -0 -0 -1 -0 -0 -1 -0 -0 -1 -0 -0 -1 -0 -0 -1 -0 -0 -1 -0 -0 -1 -0 -0 -1 -0 -0 -1 -0 -0 -1 -0 -0 -1 -0 -0 -1 -0 -0 -1 -0 -0 -1 -0 -0 -1 -0 -0 -1 -0 -0 -1 -0 -0 -1 -0 -0 -1 -0 -0 -1 -0 -0 -1 -0 -0 -1 -0 -0 -1 -0 -0 -1 -0 -0 -1 -0 -0 -1 -0 -0 -1 -0 -0 -1 -0 -0 -1 -0 -0 -1 -0 -0 -1 -0 -0 -1 -0 -0 -1 -0 -0 -1 -0 -0 -1 -0 -0 -1 -0 -0 -1 -0 -0 -1 -0 -0 -1 -0 -0 -1 -0 -0 -1 -0 -0 -1 -0 -0 -1 -0 -0 -1 -0 -0 -1 -0 -0 -1 -0 -0 -1 -0 -0 -1 -0 -0 -1 -0 -0 -1 -0 -0 -1 -0 -0 -1 -0 -0 -1 -0 -0 -1 -0 -0 -1 -0 -0 -1 -0 -0 -1 -0 -0 -1 -0 -0 -1 -0 -0 -1 -0 -0 -1 -0 -0 -1 -0 -0 -1 -0 -0 -1 -0 -0 -1 -0 -0 -1 -0 -0 -1 -0 -0 -1 -0 -0 -1 -0 -0 -1 -0 -0 -1 -0 -0 -1 -0 -0 -1 -0 -0 -1 -0 -0 -1 -0 -0 -1 -0 -0 -1 -0 -0 -1 -0 -0 -1 -0 -0 -1 -0 -0 -1 -0 -0 -1 -0 -0 -1 -0 -0 -1 0 1 0 0 1 0 0 1 0 0 1 0 -1 -1.83697e-16 0 -1 -1.83697e-16 0 -1 -1.83697e-16 0 -1 -1.83697e-16 0 1 1.83697e-16 0 1 1.83697e-16 0 1 1.83697e-16 0 1 1.83697e-16 0 1.22465e-16 -1 0 1.22465e-16 -1 0 1.22465e-16 -1 0 1.22465e-16 -1 0 -1 -1.83697e-16 0 -1 -1.83697e-16 0 -1 -1.83697e-16 0 -1 -1.83697e-16 0 0.986361 0.164595 0 1 -8.74228e-08 0 1 -8.74228e-08 0 0.986361 0.164595 0 0.945817 0.324699 0 0.945817 0.3247 0 0.879474 0.475947 0 0.78914 0.614213 0 0.879474 0.475947 0 0.789141 0.614213 0 0.677282 0.735724 0 0.677282 0.735724 0 0.546948 0.837166 0 0.401695 0.915773 0 0.546948 0.837166 0 0.401695 0.915773 0 0.245485 0.9694 0 0.245485 0.9694 0 0.0825792 0.996584 0 -0.0825794 0.996584 0 0.0825794 0.996584 0 -0.0825794 0.996584 0 -0.245485 0.9694 0 -0.245485 0.9694 0 -0.401695 0.915773 0 -0.401695 0.915773 0 -0.546948 0.837166 0 -0.546948 0.837166 0 -0.677282 0.735724 0 -0.677282 0.735724 0 -0.789141 0.614213 0 -0.789141 0.614213 0 -0.879474 0.475947 0 -0.879474 0.475947 0 -0.945817 0.324699 0 -0.945817 0.324699 0 -0.986361 0.164595 0 -0.986361 0.164595 0 -1 -1.37149e-11 0 -1 -1.21812e-27 0 0.986361 -0.164595 0 0.945817 -0.324699 0 0.986361 -0.164595 0 0.945817 -0.324699 0 0.879474 -0.475947 0 0.879474 -0.475947 0 0.78914 -0.614213 0 0.677282 -0.735724 0 0.78914 -0.614213 0 0.677282 -0.735724 0 0.546948 -0.837167 0 0.546948 -0.837167 0 0.401695 -0.915773 0 0.245486 -0.9694 0 0.401695 -0.915773 0 0.245486 -0.9694 0 0.0825794 -0.996584 0 0.0825794 -0.996584 0 -0.0825794 -0.996584 0 -0.0825794 -0.996584 0 -0.245486 -0.9694 0 -0.245485 -0.9694 0 -0.401695 -0.915773 0 -0.401695 -0.915773 0 -0.546948 -0.837166 0 -0.546948 -0.837166 0 -0.677282 -0.735724 0 -0.677282 -0.735724 0 -0.789141 -0.614213 0 -0.78914 -0.614213 0 -0.879474 -0.475947 0 -0.879474 -0.475948 0 -0.945817 -0.3247 0 -0.945817 -0.324699 0 -0.986361 -0.164595 0 -0.986361 -0.164595 0 0.996397 0.0848059 0 1 -8.74228e-08 0 0.986361 0.164595 0 0.945817 0.3247 0 0.967733 0.251978 0 0.879474 0.475947 0 0.911228 0.411901 0 0.82851 0.559975 0 0.789141 0.614213 0 0.677282 0.735724 0 0.721956 0.691939 0 0.546948 0.837166 0 0.594633 0.803997 0 0.450204 0.892926 0 0.401695 0.915773 0 0.245485 0.9694 0 0.292823 0.956167 0 0.0825794 0.996584 0 0.127018 0.9919 0 -0.0424412 0.999099 0 -0.0825794 0.996584 0 -0.245485 0.9694 0 -0.210679 0.977555 0 -0.401695 0.915773 0 -0.372857 0.927889 0 -0.524307 0.851529 0 -0.546948 0.837166 0 -0.677282 0.735724 0 -0.660675 0.750672 0 -0.789141 0.614213 0 -0.778036 0.62822 0 -0.873014 0.487695 0 -0.879474 0.475947 0 -0.945817 0.324699 0 -0.942877 0.33314 0 -0.986361 0.164595 0 -0.985616 0.169001 0 -1 -1.37193e-11 0 -1 9.8688e-23 0 0.996397 -0.0848059 0 0.986361 -0.164595 0 0.967733 -0.251978 0 0.911228 -0.411901 0 0.945817 -0.324699 0 0.82851 -0.559975 0 0.879474 -0.475947 0 0.78914 -0.614213 0 0.721956 -0.691939 0 0.594633 -0.803997 0 0.677282 -0.735724 0 0.450204 -0.892926 0 0.546948 -0.837167 0 0.401695 -0.915773 0 0.292823 -0.956167 0 0.127018 -0.9919 0 0.245486 -0.9694 0 0.0825794 -0.996584 0 -0.0825794 -0.996584 0 -0.042441 -0.999099 0 -0.210679 -0.977555 0 -0.245486 -0.9694 0 -0.372857 -0.927889 0 -0.401695 -0.915773 0 -0.546948 -0.837166 0 -0.524307 -0.851529 0 -0.660675 -0.750672 0 -0.677282 -0.735724 0 -0.778036 -0.62822 0 -0.78914 -0.614213 0 -0.879474 -0.475948 0 -0.873014 -0.487695 0 -0.942877 -0.33314 0 -0.945817 -0.3247 0 -0.985616 -0.169001 0 -0.986361 -0.164595 0 0 0 -1 0 0 -1 0 0 -1 0 0 -1 -0 -0 -1 -0 -0 -1 -0 -0 -1 -0 -0 -1 -0 -0 -1 -0 -0 -1 -0 -0 -1 -0 -0 -1 -0 -0 -1 -0 -0 -1 -0 -0 -1 -0 -0 -1 -0 -0 -1 -0 -0 -1 -0 -0 -1 -0 -0 -1 -0 -0 -1 -0 -0 -1 -0 -0 -1 -0 -0 -1 -0 -0 -1 -0 -0 -1 -0 -0 -1 -0 -0 -1 -0 -0 -1 -0 -0 -1 -0 -0 -1 -0 -0 -1 -0 -0 -1 -0 -0 -1 -0 -0 -1 -0 -0 -1 -0 -0 -1 -0 -0 -1 -0 -0 -1 -0 -0 -1 -0 -0 -1 0 0 -1 0 0 -1 0 0 -1 0 0 -1 0 0 -1 0 0 -1 0 0 -1 0 0 -1 0 0 -1 0 0 -1 0 0 -1 0 0 -1 0 0 -1 0 0 -1 0 0 -1 0 0 -1 0 0 -1 0 0 -1 0 0 -1 0 0 -1 0 0 -1 0 0 -1 0 0 -1 0 0 -1 0 0 -1 0 0 -1 0 0 -1 0 0 -1 0 0 -1 0 0 -1 0 0 -1 0 0 -1 0 0 -1 0 0 -1 0 0 -1 0 0 -1 0 0 -1 0 0 -1 0 0 -1 0 0 -1 0 0 -1 -0.866025 -0.5 -0 -0.5 -0.866025 0 -0.866025 -0.5 -0 -1 -6.95355e-08 -0 -1 -6.95355e-08 -0 -0.5 -0.866025 0 -5.96244e-09 -1 0 -5.96244e-09 -1 0 1.22465e-16 -1 -6.95355e-08 1.06058e-16 -0.866025 -0.5 1.06058e-16 -0.866025 -0.5 1.22465e-16 -1 -6.95355e-08 6.12323e-17 -0.5 -0.866025 6.12323e-17 -0.5 -0.866025 7.30188e-25 -5.96244e-09 -1 7.30188e-25 -5.96244e-09 -1 0.5 -0.866025 0 0.5 -0.866025 0 0.866025 -0.5 0 5.96244e-09 -1 0 5.96244e-09 -1 0 0.866025 -0.5 0 1 -6.95355e-08 0 1 -6.95355e-08 0 -0.751643 -0.452339 -0.480024 -0.866078 6.74528e-05 -0.49991 -0.866026 -0.499999 2.70078e-05 -0.500001 -0.866025 4.70682e-05 3.82906e-08 -1 -2.47072e-08 -0.398169 -0.823004 -0.405124 -0.499992 0.000149087 -0.86603 -0.436011 -0.264837 -0.860091 -1 7.57256e-09 -8.59648e-08 -0.000198594 -0.500047 -0.865998 5.76615e-08 4.31051e-08 -1 -0.000443013 -0.866072 -0.499919 0.480024 -0.452339 -0.751643 0.49991 6.74528e-05 -0.866078 -2.70078e-05 -0.499999 -0.866026 -4.70682e-05 -0.866025 -0.500001 2.47072e-08 -1 3.82906e-08 0.405124 -0.823004 -0.398169 0.86603 0.000149087 -0.499992 0.860091 -0.264837 -0.436011 8.59648e-08 7.57256e-09 -1 0.865998 -0.500047 -0.000198594 1 4.31051e-08 5.76615e-08 0.499919 -0.866072 -0.000443013 -1 -1.83697e-16 -6.95355e-08 -0.866025 -1.59086e-16 -0.5 -0.866025 -1.59086e-16 -0.5 -1 -1.83697e-16 -6.95355e-08 -0.5 -9.18485e-17 -0.866025 -0.5 -9.18485e-17 -0.866025 -5.96244e-09 -1.09528e-24 -1 -5.96244e-09 -1.09528e-24 -1 0.5 9.18485e-17 -0.866025 0.866025 1.59086e-16 -0.5 0.5 9.18485e-17 -0.866025 6.95355e-08 1.27735e-23 -1 6.95355e-08 1.27735e-23 -1 0.866025 1.59086e-16 -0.5 1 1.83697e-16 -5.96244e-09 1 1.83697e-16 -5.96244e-09 -0.405124 0.823004 -0.398169 -0.865998 0.500047 -0.000198594 -0.860091 0.264837 -0.436011 -0.480024 0.452339 -0.751643 -1 -4.31051e-08 5.76615e-08 4.70682e-05 0.866025 -0.500001 2.70078e-05 0.499999 -0.866026 -2.47072e-08 1 3.82906e-08 -0.49991 -6.74528e-05 -0.866078 -0.86603 -0.000149087 -0.499992 -8.59648e-08 -7.57256e-09 -1 -0.499919 0.866072 -0.000443013 -0.751643 0.480024 -0.452339 -0.866078 0.49991 6.74528e-05 -0.866026 -2.70078e-05 -0.499999 -0.500001 -4.70682e-05 -0.866025 3.82906e-08 2.47072e-08 -1 -0.398169 0.405124 -0.823004 -0.499992 0.86603 0.000149087 -0.436011 0.860091 -0.264837 -1 8.59648e-08 7.57256e-09 -0.000198594 0.865998 -0.500047 5.76615e-08 1 4.31051e-08 -0.000443013 0.499919 -0.866072 0.480024 0.751643 -0.452339 0.49991 0.866078 6.74528e-05 -2.70078e-05 0.866026 -0.499999 -4.70682e-05 0.500001 -0.866025 2.47072e-08 -3.82906e-08 -1 0.405124 0.398169 -0.823004 0.86603 0.499992 0.000149087 0.860091 0.436011 -0.264837 8.59648e-08 1 7.57256e-09 0.865998 0.000198594 -0.500047 1 -5.76615e-08 4.31051e-08 0.499919 0.000443013 -0.866072 0.823004 0.405124 -0.398169 0.500047 0.865998 -0.000198594 0.264837 0.860091 -0.436011 0.452339 0.480024 -0.751643 -4.31051e-08 1 5.76615e-08 0.866025 -4.70682e-05 -0.500001 0.499999 -2.70078e-05 -0.866026 1 2.47072e-08 3.82906e-08 -6.74528e-05 0.49991 -0.866078 -0.000149087 0.86603 -0.499992 -7.57256e-09 8.59648e-08 -1 0.866072 0.499919 -0.000443013 0 0.866025 -0.5 0 0.763345 -0.645991 0 0.942442 -0.33437 0 1 -6.95355e-08 0 1 -6.95355e-08 0 0.5 -0.866025 0 5.96244e-09 -1 0 0.446029 -0.895019 0 5.96244e-09 -1 -0.446154 -8.19571e-17 -0.894956 -0.5 -9.18485e-17 -0.866025 -0.763504 -1.40253e-16 -0.645803 -5.96244e-09 -1.09528e-24 -1 -5.96244e-09 -1.09528e-24 -1 -0.866025 -1.59086e-16 -0.5 -1 -1.83697e-16 -6.95355e-08 -0.942524 -1.73139e-16 -0.334138 -1 -1.83697e-16 -6.95355e-08 -0.942442 0.33437 0 -0.866025 0.5 0 -0.763345 0.645991 0 -1 5.96244e-09 0 -1 5.96244e-09 0 -0.5 0.866025 0 -6.95355e-08 1 0 -0.446029 0.895019 0 -6.95355e-08 1 0 0.5 0.866025 0 0.763504 0.645803 0 0.446154 0.894956 0 6.95355e-08 1 0 6.95355e-08 1 0 0.866025 0.5 0 1 5.96244e-09 0 0.942524 0.334138 0 1 5.96244e-09 0 0.866025 1.59086e-16 -0.5 0.763345 1.40224e-16 -0.645991 0.942442 1.73124e-16 -0.33437 1 1.83697e-16 -6.95355e-08 1 1.83697e-16 -6.95355e-08 0.5 9.18485e-17 -0.866025 5.96244e-09 1.09528e-24 -1 0.446029 8.19342e-17 -0.895019 5.96244e-09 1.09528e-24 -1 0 0.5 -0.866025 0 0.763504 -0.645803 0 0.446154 -0.894956 0 6.95355e-08 -1 0 6.95355e-08 -1 0 0.866025 -0.5 0 1 -5.96244e-09 0 0.942524 -0.334138 0 1 -5.96244e-09 -0.645803 0.763504 0 -0.866025 0.5 0 -0.5 0.866025 0 -6.95355e-08 1 0 -0.334138 0.942524 0 -6.95355e-08 1 0 -0.894956 0.446154 0 -1 5.96244e-09 0 -1 5.96244e-09 0 0.645991 0.763345 0 0.5 0.866025 0 0.866025 0.5 0 1 6.95355e-08 0 0.895019 0.446029 0 1 6.95355e-08 0 0.33437 0.942442 0 5.96244e-09 1 0 5.96244e-09 1 0 0 0.866025 -0.5 0 0.5 -0.866025 0 0.866025 -0.5 0 1 -6.95355e-08 0 1 -6.95355e-08 0 0.5 -0.866025 0 5.96244e-09 -1 0 5.96244e-09 -1 -0.480024 0.452339 -0.751643 -0.49991 -6.74528e-05 -0.866078 2.70078e-05 0.499999 -0.866026 4.70682e-05 0.866025 -0.500001 -2.47072e-08 1 3.82906e-08 -0.405124 0.823004 -0.398169 -0.86603 -0.000149087 -0.499992 -0.860091 0.264837 -0.436011 -8.59648e-08 -7.57256e-09 -1 -0.865998 0.500047 -0.000198594 -1 -4.31051e-08 5.76615e-08 -0.499919 0.866072 -0.000443013 0.751643 0.452339 -0.480024 0.866078 -6.74528e-05 -0.49991 0.866026 0.499999 2.70078e-05 0.500001 0.866025 4.70682e-05 -3.82906e-08 1 -2.47072e-08 0.398169 0.823004 -0.405124 0.499992 -0.000149087 -0.86603 0.436011 0.264837 -0.860091 1 -7.57256e-09 -8.59648e-08 0.000198594 0.500047 -0.865998 -5.76615e-08 -4.31051e-08 -1 0.000443013 0.866072 -0.499919 -0.5 -9.18485e-17 -0.866025 -0.5 -9.18485e-17 -0.866025 -0.866025 -1.59086e-16 -0.5 -5.96244e-09 -1.09528e-24 -1 -5.96244e-09 -1.09528e-24 -1 -0.866025 -1.59086e-16 -0.5 -1 -1.83697e-16 -6.95355e-08 -1 -1.83697e-16 -6.95355e-08 0.866025 1.59086e-16 -0.5 0.5 9.18485e-17 -0.866025 0.866025 1.59086e-16 -0.5 1 1.83697e-16 -6.95355e-08 1 1.83697e-16 -6.95355e-08 0.5 9.18485e-17 -0.866025 5.96244e-09 1.09528e-24 -1 5.96244e-09 1.09528e-24 -1 -0.956843 -1.75769e-16 -0.290605 -0.904931 -1.66233e-16 -0.425557 -0.82382 -1.51333e-16 -0.566852 -0.249402 -4.58144e-17 -0.9684 -0.590423 -1.08459e-16 -0.807094 -0.637802 -1.17162e-16 -0.770201 -1 -1.83697e-16 2.68536e-08 -1 -1.83697e-16 2.68536e-08 0.637802 1.17162e-16 -0.770201 0.823953 1.51358e-16 -0.566659 0.590658 1.08502e-16 -0.806922 0.249402 4.58144e-17 -0.9684 0.904931 1.66233e-16 -0.425557 1 1.83697e-16 2.68536e-08 0.956936 1.75786e-16 -0.2903 1 1.83697e-16 2.68536e-08 0.186428 0.463945 -0.866025 0.322903 0.803575 -0.5 0.182454 0.846588 -0.5 -0.862906 -0.073444 -0.5 -0.986361 -0.164595 -1.74846e-07 -0.838081 -0.21822 -0.5 0.454063 0.737446 -0.5 0.262154 0.425765 -0.866025 0.10534 0.488778 -0.866025 0.0367552 0.865245 -0.5 0.0212206 0.49955 -0.866025 0.330337 0.375336 -0.866025 0.572161 0.650101 -0.5 0.389018 0.31411 -0.866025 0.673799 0.544054 -0.5 0.756052 0.422356 -0.5 0.436507 0.243847 -0.866025 0.471439 0.16657 -0.866025 0.816556 0.288508 -0.5 0.492808 0.0845004 -0.866025 0.853568 0.146359 -0.5 1.37071e-07 2.35031e-08 -1 1.39071e-07 3.70559e-22 -1 0.5 3.41042e-10 -0.866025 1.31127e-07 4.63301e-08 -1 0.986361 0.164595 -1.74846e-07 0.866025 1.1814e-09 -0.5 1 5.91675e-10 -1.74846e-07 -0.063509 0.49595 -0.866025 -0.110001 0.859011 -0.5 -0.253592 0.828065 -0.5 -0.146411 0.478083 -0.866025 -0.225102 0.446463 -0.866025 -0.389888 0.773296 -0.5 -0.514968 0.696282 -0.5 -0.297317 0.401999 -0.866025 -0.625232 0.599237 -0.5 -0.360978 0.345969 -0.866025 -0.414255 0.279987 -0.866025 -0.71751 0.484952 -0.5 -0.78914 0.614213 -1.74846e-07 -0.789147 0.356717 -0.5 -0.455614 0.205951 -0.866025 -0.879474 0.475947 -1.74846e-07 -0.483867 0.125989 -0.866025 -0.838081 0.218219 -0.5 -0.945817 0.324699 -1.74846e-07 -0.862906 0.0734441 -0.5 -0.498199 0.042403 -0.866025 -0.986361 0.164595 -1.74846e-07 -0.498199 -0.0424031 -0.866025 -0.360978 -0.345969 -0.866025 -0.414255 -0.279987 -0.866025 -0.625232 -0.599236 -0.5 -0.483867 -0.125989 -0.866025 -0.146411 -0.478083 -0.866025 -0.225102 -0.446463 -0.866025 -0.253592 -0.828065 -0.5 -0.78914 -0.614213 -1.74846e-07 -0.71751 -0.484952 -0.5 0.182454 -0.846588 -0.5 0.10534 -0.488778 -0.866025 0.0212205 -0.49955 -0.866025 -0.389888 -0.773297 -0.5 -0.401695 -0.915773 -1.74846e-07 0.322903 -0.803576 -0.5 0.401695 -0.915773 -1.74846e-07 0.454063 -0.737446 -0.5 0.0367554 -0.865245 -0.5 0.0825794 -0.996584 -1.74846e-07 0.389018 -0.31411 -0.866025 0.756052 -0.422356 -0.5 0.436507 -0.243847 -0.866025 0.330337 -0.375336 -0.866025 0.673799 -0.544055 -0.5 0.492808 -0.0845004 -0.866025 0.853568 -0.146359 -0.5 0.879474 -0.475947 -1.74846e-07 0.816556 -0.288507 -0.5 0.986361 -0.164595 -1.74846e-07 0.471439 -0.16657 -0.866025 1.37071e-07 -2.35031e-08 -1 0.945817 -0.324699 -1.74846e-07 0.78914 -0.614213 -1.74846e-07 0.546948 -0.837166 -1.74846e-07 0.572161 -0.650101 -0.5 0.677281 -0.735724 -1.74846e-07 0.245485 -0.9694 -1.74846e-07 0.262154 -0.425765 -0.866025 0.186428 -0.463944 -0.866025 -0.245486 -0.9694 -1.74846e-07 -0.110001 -0.859011 -0.5 -0.0825794 -0.996584 -1.74846e-07 -0.0635089 -0.49595 -0.866025 -0.677282 -0.735724 -1.74846e-07 -0.514967 -0.696282 -0.5 -0.546948 -0.837167 -1.74846e-07 -0.297317 -0.401999 -0.866025 -0.789147 -0.356717 -0.5 -0.945817 -0.324699 -1.74846e-07 -0.879474 -0.475947 -1.74846e-07 -0.455614 -0.205951 -0.866025 -1 -8.74228e-08 -1.74846e-07 0.945817 0.324699 -1.74846e-07 1.21411e-07 6.78242e-08 -1 0.879474 0.475947 -1.74846e-07 1.08202e-07 8.73671e-08 -1 0.789141 0.614213 -1.74846e-07 9.18806e-08 1.04397e-07 -1 0.677282 0.735724 -1.74846e-07 7.29159e-08 1.18423e-07 -1 0.546948 0.837166 -1.74846e-07 5.18535e-08 1.29042e-07 -1 0.401695 0.915773 -1.74846e-07 2.92994e-08 1.3595e-07 -1 0.245485 0.9694 -1.74846e-07 5.90234e-09 1.38946e-07 -1 0.0825794 0.996584 -1.74846e-07 -1.76645e-08 1.37945e-07 -1 -0.0825792 0.996584 -1.74846e-07 -4.07231e-08 1.32975e-07 -1 -0.245485 0.9694 -1.74846e-07 -6.26102e-08 1.2418e-07 -1 -0.401695 0.915773 -1.74846e-07 -8.26962e-08 1.11813e-07 -1 -0.546948 0.837166 -1.74846e-07 -1.00403e-07 9.62286e-08 -1 -0.677282 0.735724 -1.74846e-07 -1.15222e-07 7.78762e-08 -1 -1.26725e-07 5.72835e-08 -1 -1.34584e-07 3.50428e-08 -1 -1.3857e-07 1.1794e-08 -1 -1.3857e-07 -1.1794e-08 -1 -1.34584e-07 -3.50428e-08 -1 -1.26725e-07 -5.72835e-08 -1 -1.15222e-07 -7.78762e-08 -1 -1.00403e-07 -9.62286e-08 -1 -8.26962e-08 -1.11813e-07 -1 -6.26102e-08 -1.2418e-07 -1 -4.07231e-08 -1.32975e-07 -1 -1.76645e-08 -1.37945e-07 -1 5.90238e-09 -1.38946e-07 -1 2.92994e-08 -1.3595e-07 -1 5.18535e-08 -1.29042e-07 -1 7.29159e-08 -1.18423e-07 -1 9.18807e-08 -1.04397e-07 -1 1.08202e-07 -8.73671e-08 -1 1.21411e-07 -6.78242e-08 -1 1.31127e-07 -4.63301e-08 -1 0.498199 -0.0424029 -0.866025 1.18819e-08 -1.0113e-09 -1 0.483866 -0.125989 -0.866025 -0.942877 0.33314 1.74846e-07 -0.853568 0.146359 -0.5 -0.816556 0.288507 -0.5 1.15401e-08 -3.00481e-09 -1 0.455614 -0.205951 -0.866025 0.789147 -0.356717 -0.5 0.838081 -0.21822 -0.5 0.414255 -0.279987 -0.866025 0.71751 -0.484952 -0.5 0.514967 -0.696282 -0.5 0.625232 -0.599237 -0.5 0.360978 -0.345969 -0.866025 9.87988e-09 -6.67763e-09 -1 1.08663e-08 -4.91187e-09 -1 0.389888 -0.773296 -0.5 0.297317 -0.401998 -0.866025 8.60924e-09 -8.25129e-09 -1 0.225102 -0.446463 -0.866025 0.253592 -0.828065 -0.5 7.09093e-09 -9.58757e-09 -1 -0.322903 -0.803575 -0.5 -0.454063 -0.737446 -0.5 -0.524307 -0.851529 1.74846e-07 5.36862e-09 -1.0648e-08 -1 0.146411 -0.478083 -0.866025 -0.036755 -0.865245 -0.5 0.110001 -0.859011 -0.5 0.0635088 -0.49595 -0.866025 3.49188e-09 -1.14022e-08 -1 -0.0212205 -0.499549 -0.866025 -0.182454 -0.846588 -0.5 1.51468e-09 -1.18283e-08 -1 -0.10534 -0.488778 -0.866025 -5.0611e-10 -1.19141e-08 -1 -0.186428 -0.463944 -0.866025 -2.51233e-09 -1.16572e-08 -1 -0.572161 -0.650101 -0.5 -0.262154 -0.425765 -0.866025 -0.673799 -0.544055 -0.5 -0.330337 -0.375336 -0.866025 -6.2523e-09 -1.01544e-08 -1 -0.389018 -0.31411 -0.866025 -7.87847e-09 -8.95168e-09 -1 -0.436507 -0.243847 -0.866025 -0.816556 -0.288507 -0.5 -0.756052 -0.422356 -0.5 -9.27798e-09 -7.49145e-09 -1 -0.5 -1.50996e-07 -0.866025 -1.17534e-08 -2.01531e-09 -1 -1.19249e-08 2.08501e-15 -1 -0.866025 1.51421e-07 -0.5 -0.492808 -0.0845004 -0.866025 -1.04106e-08 -5.8157e-09 -1 -0.471439 -0.16657 -0.866025 -1.12437e-08 -3.97265e-09 -1 -0.853568 -0.146359 -0.5 -1 1.74846e-07 1.74846e-07 0.862905 0.0734441 -0.5 0.498199 0.042403 -0.866025 0.862905 -0.0734442 -0.5 1.18819e-08 1.0113e-09 -1 0.996397 -0.0848059 1.74846e-07 0.455614 0.205951 -0.866025 0.483866 0.125989 -0.866025 0.838081 0.218219 -0.5 1.08663e-08 4.91187e-09 -1 1.15401e-08 3.00481e-09 -1 0.967733 0.251978 1.74846e-07 0.789147 0.356717 -0.5 0.71751 0.484952 -0.5 0.360978 0.345969 -0.866025 0.414255 0.279987 -0.866025 8.60924e-09 8.25129e-09 -1 9.87988e-09 6.67763e-09 -1 0.82851 0.559975 1.74846e-07 0.625232 0.599237 -0.5 0.297317 0.401998 -0.866025 0.514967 0.696282 -0.5 0.225102 0.446463 -0.866025 7.09093e-09 9.58757e-09 -1 5.36863e-09 1.0648e-08 -1 0.389888 0.773296 -0.5 0.594633 0.803997 1.74846e-07 0.0635089 0.49595 -0.866025 0.253592 0.828065 -0.5 0.110001 0.859011 -0.5 0.146411 0.478083 -0.866025 3.49188e-09 1.14022e-08 -1 0.292823 0.956167 1.74846e-07 1.51467e-09 1.18283e-08 -1 -0.0367552 0.865245 -0.5 -0.10534 0.488778 -0.866025 -0.0212206 0.499549 -0.866025 -2.51232e-09 1.16572e-08 -1 -5.06106e-10 1.19141e-08 -1 -0.186428 0.463944 -0.866025 -0.182454 0.846588 -0.5 -0.0424412 0.999099 1.74846e-07 -0.322903 0.803575 -0.5 -0.262154 0.425765 -0.866025 -4.44627e-09 1.1065e-08 -1 -6.2523e-09 1.01544e-08 -1 -0.454063 0.737446 -0.5 -0.572161 0.650101 -0.5 -0.673799 0.544054 -0.5 -0.389018 0.31411 -0.866025 -0.330337 0.375336 -0.866025 -7.87847e-09 8.95168e-09 -1 -0.756052 0.422356 -0.5 -0.436507 0.243847 -0.866025 -9.27798e-09 7.49145e-09 -1 -0.778036 0.62822 1.74846e-07 -1.04106e-08 5.8157e-09 -1 -0.492808 0.0845004 -0.866025 -0.471439 0.16657 -0.866025 -1.12437e-08 3.97265e-09 -1 -1.17534e-08 2.01531e-09 -1 -0.985616 0.169001 1.74846e-07 -0.873014 0.487695 1.74846e-07 -0.660675 0.750672 1.74846e-07 -0.524307 0.851529 1.74846e-07 -0.372856 0.927889 1.74846e-07 -0.210679 0.977555 1.74846e-07 0.127018 0.9919 1.74846e-07 0.450204 0.892926 1.74846e-07 0.721956 0.691939 1.74846e-07 0.911229 0.411901 1.74846e-07 0.996397 0.0848059 1.74846e-07 0.967733 -0.251978 1.74846e-07 0.911228 -0.411901 1.74846e-07 0.82851 -0.559975 1.74846e-07 0.721956 -0.691939 1.74846e-07 0.594633 -0.803997 1.74846e-07 0.450204 -0.892926 1.74846e-07 0.292823 -0.956167 1.74846e-07 0.127018 -0.9919 1.74846e-07 -0.210679 -0.977555 1.74846e-07 -0.0424415 -0.999099 1.74846e-07 -0.372856 -0.927889 1.74846e-07 -4.44627e-09 -1.1065e-08 -1 -0.660675 -0.750672 1.74846e-07 -0.778036 -0.62822 1.74846e-07 -0.873014 -0.487695 1.74846e-07 -0.942877 -0.33314 1.74846e-07 -0.985616 -0.169001 1.74846e-07 2.44929e-16 -1 0 2.44929e-16 -1 0 2.44929e-16 -1 0 2.44929e-16 -1 0 2.44929e-16 -1 0 2.44929e-16 -1 0 2.44929e-16 -1 0 2.44929e-16 -1 0 2.44929e-16 -1 0 2.44929e-16 -1 0 2.44929e-16 -1 0 2.44929e-16 -1 0 2.44929e-16 -1 0 2.44929e-16 -1 0 -1 -1.83697e-16 -0 -1 -1.83697e-16 -0 -1 -1.83697e-16 -0 -1 -1.83697e-16 -0 -1 -1.83697e-16 -0 -1 -1.83697e-16 -0 -1 -1.83697e-16 -0 -1 -1.83697e-16 -0 -1 -1.83697e-16 -0 0 0 1 0 0 1 0 0 1 0 0 1 0 0 1 0 0 1 0 0 1 0 0 1 0 0 1 0 0 1 0 0 1 0 0 1 0 0 1 0 0 1 0 0 1 0 0 1 0 0 1 0 0 1 0 0 1 0 0 1 0 0 1 0 0 1 0 0 1 0 0 1 0 0 1 0 0 1 0 0 1 0 0 1 0 0 1 0 0 1 0 0 1 0 0 1 0 0 1 0 0 1 0 0 1 0 0 1 0 0 1 0 0 1 0 0 1 0 0 1 0 0 1 0 0 1 0 0 1 0 0 1 0 0 1 0 0 1 0 0 1 0 0 1 0 0 1 0 0 1 0 0 1 0 0 1 0 0 1 0 0 1 0 0 1 0 0 1 0 0 1 0 0 1 0 0 1 0 0 1 0 0 1 0 0 1 0 0 1 0 0 1 0 0 1 0 0 1 0 0 1 0 0 1 0 0 1 0 0 1 0 0 1 0 0 1 0 0 1 0 0 1 0 0 1 0 0 1 0 0 1 0 0 1 0 0 1 0 0 1 0 0 1 0 0 1 0 0 1 0 0 1 0 0 1 0 0 1 0 0 1 0 0 1 0 0 1 0 0 1 0 0 1 0 0 1 0 0 1 0 0 1 0 0 1 0 0 1 0 0 1 0 0 1 0 0 1 0 0 1 0 0 1 0 0 1 0 0 1 0 0 1 0 0 1 0 0 1 0 0 1 0 0 1 0 0 1 0 0 1 0 0 1 0 0 1 0 0 1 0 0 1 0 0 1 0 0 1 -0 -1 -0 -0 -1 -0 -0 -1 -0 -0 -1 -0 -0 -1 -0 -0 -1 -0 -0 -1 -0 -0 -1 -0 -0 -1 -0 -0 -1 -0 -0 -1 -0 -0 -1 -0 -0 -1 -0 -0 -1 -0 1 1.83697e-16 0 1 1.83697e-16 0 1 1.83697e-16 0 1 1.83697e-16 0 1 1.83697e-16 0 1 1.83697e-16 0 1 1.83697e-16 0 1 1.83697e-16 0 1 1.83697e-16 0 -1 -1.83697e-16 0 -1 -1.83697e-16 0 -1 -1.83697e-16 0 -1 -1.83697e-16 0 -1 -1.83697e-16 0 -1 -1.83697e-16 0 -1 -1.83697e-16 0 -1 -1.83697e-16 0 -1 -1.83697e-16 0 -1.22465e-16 1 0 -1.22465e-16 1 0 -1.22465e-16 1 0 -1.22465e-16 1 0 1 1.83697e-16 0 1 1.83697e-16 0 1 1.83697e-16 0 1 1.83697e-16 0 1 1.83697e-16 0 1 1.83697e-16 0 1 1.83697e-16 0 1 1.83697e-16 0 1 1.83697e-16 0 -1.22465e-16 1 0 -1.22465e-16 1 0 -1.22465e-16 1 0 -1.22465e-16 1 0 0.0825794 -0.996584 0 0.0825794 -0.996584 0 -0.0825794 -0.996584 -0 -0.986361 0.164595 0 -1 8.74228e-08 0 -1 8.74228e-08 0 0.245485 -0.9694 0 0.245485 -0.9694 0 0.401695 -0.915773 0 0.401695 -0.915773 0 0.546948 -0.837166 0 0.546948 -0.837166 0 0.677282 -0.735724 0 0.677282 -0.735724 0 0.789141 -0.614213 0 0.789141 -0.614213 0 0.879474 -0.475947 0 0.879474 -0.475947 0 0.945817 -0.324699 0 0.945817 -0.324699 0 0.986361 -0.164595 0 0.986361 -0.164595 0 1 1.37149e-11 0 1 0 0 -0.0825792 -0.996584 -0 -0.245485 -0.9694 -0 -0.245485 -0.9694 -0 -0.401695 -0.915773 -0 -0.401695 -0.915773 -0 -0.546948 -0.837166 -0 -0.546948 -0.837166 -0 -0.677282 -0.735724 -0 -0.677282 -0.735724 -0 -0.789141 -0.614213 -0 -0.78914 -0.614213 -0 -0.879474 -0.475947 -0 -0.879474 -0.475947 -0 -0.945817 -0.3247 -0 -0.945817 -0.324699 -0 -0.986361 -0.164595 -0 -0.986361 -0.164595 -0 -0.78914 0.614213 0 -0.879474 0.475947 0 -0.879474 0.475947 0 -0.945817 0.324699 0 -0.945817 0.324699 0 -0.986361 0.164595 0 -0.546948 0.837167 0 -0.546948 0.837167 0 -0.401695 0.915773 0 -0.78914 0.614213 0 -0.677282 0.735724 0 -0.677282 0.735724 0 -0.0825794 0.996584 0 0.0825794 0.996584 0 -0.0825794 0.996584 0 -0.245486 0.9694 0 -0.245486 0.9694 0 -0.401695 0.915773 0 0.546948 0.837166 0 0.401695 0.915773 0 0.401695 0.915773 0 0.245485 0.9694 0 0.0825794 0.996584 0 0.245486 0.9694 0 0.789141 0.614213 0 0.677282 0.735724 0 0.78914 0.614213 0 0.546948 0.837166 0 0.677282 0.735724 0 0.879474 0.475948 0 0.879474 0.475947 0 0.945817 0.3247 0 0.945817 0.324699 0 0.986361 0.164595 0 0.986361 0.164595 0 0.986361 -0.164595 0 1 1.37193e-11 0 1 9.59975e-23 0 0.789141 -0.614213 0 0.873014 -0.487695 0 0.879474 -0.475947 0 0.945817 -0.324699 0 0.942877 -0.33314 0 0.985616 -0.169001 0 0.524307 -0.851529 0 0.546948 -0.837166 0 0.401695 -0.915773 0 0.778036 -0.62822 0 0.677282 -0.735724 0 0.660675 -0.750672 0 0.0825794 -0.996584 0 -0.0825794 -0.996584 -0 0.0424412 -0.999099 0 0.245485 -0.9694 0 0.210679 -0.977555 0 0.372857 -0.927889 0 -0.546948 -0.837166 -0 -0.450204 -0.892926 -0 -0.401695 -0.915773 -0 -0.292823 -0.956167 -0 -0.127018 -0.9919 -0 -0.245485 -0.9694 -0 -0.82851 -0.559975 -0 -0.789141 -0.614213 -0 -0.879474 -0.475947 -0 -0.594633 -0.803997 -0 -0.677282 -0.735724 -0 -0.721956 -0.691939 -0 -0.986361 -0.164595 -0 -1 8.74228e-08 0 -0.996397 -0.0848059 -0 -0.945817 -0.3247 -0 -0.967733 -0.251978 -0 -0.911228 -0.411901 -0 -0.879474 0.475947 0 -0.911228 0.411901 0 -0.945817 0.324699 0 -0.967733 0.251978 0 -0.996397 0.0848059 0 -0.986361 0.164595 0 -0.594633 0.803997 0 -0.677282 0.735724 0 -0.546948 0.837167 0 -0.82851 0.559975 0 -0.78914 0.614213 0 -0.721956 0.691939 0 -0.245486 0.9694 0 -0.0825794 0.996584 0 -0.127018 0.9919 0 -0.401695 0.915773 0 -0.292823 0.956167 0 -0.450204 0.892926 0 0.042441 0.999099 0 0.0825794 0.996584 0 0.210679 0.977555 0 0.372857 0.927889 0 0.245486 0.9694 0 0.401695 0.915773 0 0.524307 0.851529 0 0.546948 0.837166 0 0.660675 0.750672 0 0.778036 0.62822 0 0.677282 0.735724 0 0.78914 0.614213 0 0.873014 0.487695 0 0.879474 0.475948 0 0.942877 0.33314 0 0.985616 0.169001 0 0.945817 0.3247 0 0.986361 0.164595 0 0 0 1 0 0 1 0 0 1 0 0 1 0 0 1 0 0 1 0 0 1 0 0 1 0 0 1 0 0 1 0 0 1 0 0 1 0 0 1 0 0 1 0 0 1 0 0 1 0 0 1 0 0 1 0 0 1 0 0 1 0 0 1 0 0 1 0 0 1 0 0 1 0 0 1 0 0 1 0 0 1 0 0 1 0 0 1 0 0 1 0 0 1 0 0 1 0 0 1 0 0 1 0 0 1 0 0 1 0 0 1 0 0 1 0 0 1 0 0 1 0 0 1 0 0 1 0 0 1 0 0 1 0 0 1 0 0 1 0 0 1 0 0 1 0 0 1 0 0 1 0 0 1 0 0 1 0 0 1 0 0 1 0 0 1 0 0 1 0 0 1 0 0 1 0 0 1 0 0 1 0 0 1 0 0 1 0 0 1 0 0 1 0 0 1 0 0 1 0 0 1 0 0 1 0 0 1 0 0 1 0 0 1 0 0 1 0 0 1 0 0 1 0 0 1 0 0 1 0 0 1 0 0 1 0 0 1 0 0 1 0 0 1 0 0 1 0 0 1 0 0 1 0 0 1 0 0 1 -7.30187e-25 5.96243e-09 1 -1.22465e-16 1 -1.68883e-07 -1.22465e-16 1 6.95355e-08 -7.30187e-25 5.96243e-09 1 -5.96244e-09 -1.03272e-08 1 1 5.96244e-09 8.74228e-08 6.95355e-08 1 8.74228e-08 -1.03273e-08 -5.96244e-09 1 -8.29202e-16 -1.19249e-08 1 -1.19249e-08 -7.11014e-17 1 5.96244e-09 -1.03273e-08 1 -5.96244e-09 1 8.74228e-08 1.03272e-08 -5.96244e-09 1 -1 6.95355e-08 8.74228e-08 1.19249e-08 -8.29202e-16 1 7.11014e-17 -1.19249e-08 1 1 1.83697e-16 5.96244e-09 6.95355e-08 1.27735e-23 1 1 1.83697e-16 5.96244e-09 -1.68883e-07 -3.10233e-23 1 1 6.95355e-08 0 1 -1.68883e-07 0 5.96244e-09 1 0 5.96244e-09 1 0 -1.22465e-16 1 6.95355e-08 -1.22465e-16 1 -1.68883e-07 -7.30187e-25 5.96243e-09 1 -7.30187e-25 5.96243e-09 1 -5.96244e-09 1 0 -1 6.95355e-08 0 -1 -1.68883e-07 -0 -5.96244e-09 1 0 -5.96245e-09 -1.09529e-24 1 -1 -1.83697e-16 6.95354e-08 -5.96245e-09 -1.09529e-24 1 -1 -1.83697e-16 -1.68883e-07 0 -1 5.96244e-09 0 -6.95355e-08 1 0 -1 5.96244e-09 0 1.68883e-07 1 -5.96244e-09 1.03273e-08 1 5.96244e-09 -1 8.74228e-08 -1.03272e-08 5.96244e-09 1 1 -6.95355e-08 8.74228e-08 -1.19249e-08 8.29202e-16 1 -7.11014e-17 1.19249e-08 1 -4.51468e-08 -6.16248e-08 1 -3.82906e-08 1 2.47072e-08 1 -7.57256e-09 8.59648e-08 -1 -6.16248e-08 -4.51468e-08 -2.47072e-08 1 -3.82906e-08 -8.59648e-08 -7.57256e-09 1 1.03273e-08 5.96244e-09 1 -1 -5.96244e-09 8.74228e-08 5.96244e-09 1.03272e-08 1 -6.95355e-08 -1 8.74228e-08 8.29202e-16 1.19249e-08 1 1.19249e-08 7.11014e-17 1 6.95355e-08 -1 0 -1.68883e-07 -1 -0 1 -5.96244e-09 0 1 -5.96244e-09 0 1 1.83697e-16 6.95355e-08 1 1.83697e-16 -1.68883e-07 5.96245e-09 1.09528e-24 1 5.96245e-09 1.09528e-24 1 1.46038e-24 -5.96243e-09 1 2.44929e-16 -1 6.95355e-08 2.44929e-16 -1 -1.68883e-07 1.46038e-24 -5.96243e-09 1 -6.95355e-08 -1.27735e-23 1 1.68883e-07 3.10233e-23 1 -1 -1.83697e-16 5.96245e-09 -1 -1.83697e-16 5.96245e-09 -1 -5.96244e-09 -0 -6.95355e-08 -1 -0 1.68883e-07 -1 0 -1 -5.96244e-09 -0 1 1.54655e-07 -1.15275e-07 -3.50847e-08 -1 -1.15331e-08 1.74694e-08 7.92133e-09 1 -4.51468e-08 -1 -6.16248e-08 -3.82906e-08 -2.47072e-08 1 1 -8.59648e-08 -7.57256e-09 -1 4.51468e-08 -6.16248e-08 -2.47072e-08 3.82906e-08 1 -8.59648e-08 -1 -7.57256e-09 1.54655e-07 -1 -1.15275e-07 -1 3.50847e-08 -1.15331e-08 7.92133e-09 -1.74694e-08 1 0 -1 6.95355e-08 -0 -1 -1.68883e-07 0 -5.96244e-09 1 0 -5.96244e-09 1 5.96243e-09 1.09528e-24 1 1 1.83697e-16 6.95355e-08 1 1.83697e-16 -1.68883e-07 5.96243e-09 1.09528e-24 1 1 -5.96244e-09 0 6.95355e-08 -1 0 -1.68883e-07 -1 -0 1 -5.96244e-09 0 -6.95355e-08 -1 -0 1.68883e-07 -1 0 -1 -5.96244e-09 -0 -1 -5.96244e-09 -0 -1 -1.83697e-16 6.95355e-08 -1 -1.83697e-16 -1.68883e-07 -5.96243e-09 -1.09528e-24 1 -5.96243e-09 -1.09528e-24 1 0 -6.95355e-08 1 0 1.68883e-07 1 0 -1 5.96244e-09 0 -1 5.96244e-09 -5.96244e-09 -1 -1.03273e-08 -1.03272e-08 -1 -5.96244e-09 5.96244e-09 -8.74228e-08 1 1 -8.74228e-08 6.95355e-08 -1.19249e-08 -1 -8.29202e-16 -7.11014e-17 -1 -1.19249e-08 8.74228e-08 -1 5.96244e-09 1 5.96244e-09 -1.03272e-08 8.74228e-08 -6.95355e-08 1 1 1.03273e-08 -5.96244e-09 1 1.19249e-08 -7.11014e-17 1 1.0129e-15 -1.19249e-08 8.74228e-08 -6.95355e-08 1 -1 -3.22319e-15 4.37114e-08 -1 -2.18557e-08 3.78552e-08 8.74228e-08 -1 5.96244e-09 -1 -4.37114e-08 2.60627e-16 -1 -3.78552e-08 2.18557e-08 -1 -8.74228e-08 5.96244e-09 5.96244e-09 -1 -1.03272e-08 -6.95355e-08 -8.74228e-08 1 1.03273e-08 -1 -5.96244e-09 1.19249e-08 -1 -7.11014e-17 8.29202e-16 -1 -1.19249e-08 6.95355e-08 -1 0 -1.68883e-07 -1 -0 1 -5.96244e-09 0 1 -5.96244e-09 0 0.820476 1.50719e-16 0.571681 -1.68883e-07 -3.10233e-23 1 6.95355e-08 1.27735e-23 1 1 1.83697e-16 5.96244e-09 1 1.83697e-16 5.96244e-09 2.44929e-16 -1 5.96244e-09 1.70313e-23 -6.95355e-08 1 2.44929e-16 -1 5.96244e-09 -4.13644e-23 1.68883e-07 1 1.04656e-16 -0.427292 0.904114 -4.13644e-23 1.68883e-07 1 1.70313e-23 -6.95355e-08 1 2.44929e-16 -1 5.96242e-09 2.44929e-16 -1 5.96242e-09 -5.96244e-09 -1.09528e-24 1 -1 -1.83697e-16 -1.68883e-07 -1 -1.83697e-16 6.95355e-08 -5.96244e-09 -1.09528e-24 1 -1 -6.95355e-08 0 -1 1.68883e-07 0 -5.96244e-09 -1 -0 -5.96244e-09 -1 -0 0 -1 6.95355e-08 -0 -1 -1.68883e-07 0 -5.96244e-09 1 0 -5.96244e-09 1 1 6.16248e-08 -4.51468e-08 2.47072e-08 -1 -3.82906e-08 8.59648e-08 7.57256e-09 1 0.512585 -0.518578 0.68435 -1.01539e-07 -1 7.71175e-08 4.80575e-08 1.7162e-08 1 0.820718 7.86832e-09 0.571333 1 -1.64499e-07 -1.43397e-07 -1 3.79067e-08 2.94561e-08 5.30961e-11 -3.07485e-08 1 -0.518578 -0.512584 0.68435 3.86494e-08 -0.427743 0.9039 -1.00867e-07 -1 -9.51788e-08 4.51468e-08 6.16248e-08 1 3.82906e-08 -1 2.47072e-08 -1 7.57256e-09 8.59648e-08 5.96244e-09 1.09528e-24 1 1 1.83697e-16 6.95355e-08 1 1.83697e-16 -1.68883e-07 5.96244e-09 1.09528e-24 1 1 -5.96244e-09 0 -1.68883e-07 -1 -0 6.95355e-08 -1 0 1 -5.96244e-09 0 2.44929e-16 -1 5.96245e-09 -4.13644e-23 1.68883e-07 1 1.70313e-23 -6.95355e-08 1 2.44929e-16 -1 5.96245e-09 -1 -5.96244e-09 0 -6.95355e-08 -1 0 -1 -5.96244e-09 0 1.68883e-07 -1 0 -1 -1.83697e-16 6.95355e-08 -1 -1.83697e-16 -1.68883e-07 -5.96244e-09 -1.09528e-24 1 -5.96244e-09 -1.09528e-24 1 -7.30188e-25 5.96243e-09 1 -1.22465e-16 1 6.95355e-08 -1.22465e-16 1 -1.68883e-07 -7.30188e-25 5.96243e-09 1 1 -4.51468e-08 -6.16248e-08 2.47072e-08 -3.82906e-08 1 8.59648e-08 1 -7.57256e-09 3.78552e-08 -1 2.18557e-08 1 8.74228e-08 6.95355e-08 5.96244e-09 8.74228e-08 1 2.18557e-08 -1 3.78552e-08 5.05556e-16 -1 4.37114e-08 4.37114e-08 -1 3.03949e-15 -2.18557e-08 -1 3.78552e-08 -6.95355e-08 8.74228e-08 1 -1 8.74228e-08 5.96244e-09 -3.78552e-08 -1 2.18557e-08 -4.37114e-08 -1 2.60626e-16 -2.79456e-15 -1 4.37114e-08 4.51468e-08 1 -6.16248e-08 3.82906e-08 2.47072e-08 1 -1 8.59648e-08 -7.57256e-09 5.96244e-09 1 0 1 6.95355e-08 0 1 -1.68883e-07 0 5.96244e-09 1 0 1 1.83697e-16 5.96244e-09 6.95355e-08 1.27735e-23 1 -1.68883e-07 -3.10233e-23 1 1 1.83697e-16 5.96244e-09 -6.95355e-08 -1.27735e-23 1 1.68883e-07 3.10233e-23 1 -1 -1.83697e-16 5.96244e-09 -1 -1.83697e-16 5.96244e-09 -1 5.96244e-09 0 -6.95355e-08 1 0 1.68883e-07 1 0 -1 5.96244e-09 0 8.74228e-08 5.96244e-09 1 1 -1.03272e-08 -5.96244e-09 8.74228e-08 1 6.95355e-08 1 -5.96244e-09 -1.03273e-08 1 1.12596e-16 -1.19249e-08 1 -1.19249e-08 -8.29202e-16 -8.74228e-08 1 5.96244e-09 -1 -5.96244e-09 -1.03272e-08 -8.74228e-08 6.95355e-08 1 -1 -1.03273e-08 -5.96244e-09 -1 -1.19249e-08 -7.11014e-17 -1 -1.0129e-15 -1.19249e-08 -1.22465e-16 1 5.96243e-09 2.06822e-23 -1.68883e-07 1 -8.51564e-24 6.95355e-08 1 -1.22465e-16 1 5.96243e-09 -1.39071e-07 -4.94079e-22 1 -1.37071e-07 -2.35031e-08 1 -0.986361 -0.164595 1.74846e-07 -0.879474 -0.475947 1.74846e-07 -0.945817 -0.324699 1.74846e-07 -1.31127e-07 -4.63301e-08 1 -0.546948 -0.837166 1.74846e-07 -0.677282 -0.735724 1.74846e-07 -9.18806e-08 -1.04397e-07 1 -0.78914 -0.614213 1.74846e-07 -1.21411e-07 -6.78242e-08 1 -1.08202e-07 -8.73671e-08 1 -0.245485 -0.9694 1.74846e-07 -2.92994e-08 -1.3595e-07 1 -0.0825794 -0.996584 1.74846e-07 -7.29159e-08 -1.18423e-07 1 -5.18535e-08 -1.29042e-07 1 -0.401695 -0.915773 1.74846e-07 4.07231e-08 -1.32975e-07 1 0.401695 -0.915773 1.74846e-07 0.245486 -0.9694 1.74846e-07 1.76645e-08 -1.37945e-07 1 0.0825793 -0.996584 1.74846e-07 -5.90234e-09 -1.38946e-07 1 0.78914 -0.614213 1.74846e-07 0.677282 -0.735724 1.74846e-07 1.00403e-07 -9.62286e-08 1 0.546948 -0.837167 1.74846e-07 6.26102e-08 -1.2418e-07 1 8.26962e-08 -1.11813e-07 1 0.945817 -0.324699 1.74846e-07 1.34584e-07 -3.50428e-08 1 0.986361 -0.164595 1.74846e-07 1.15222e-07 -7.78762e-08 1 1.26725e-07 -5.72835e-08 1 0.879474 -0.475947 1.74846e-07 1.34584e-07 3.50428e-08 1 0.945817 0.3247 1.74846e-07 0.986361 0.164595 1.74846e-07 1.3857e-07 1.1794e-08 1 1 8.74228e-08 1.74846e-07 1.3857e-07 -1.1794e-08 1 0.677281 0.735724 1.74846e-07 0.78914 0.614213 1.74846e-07 1.00403e-07 9.62286e-08 1 0.879474 0.475947 1.74846e-07 1.26725e-07 5.72835e-08 1 1.15222e-07 7.78762e-08 1 0.401695 0.915773 1.74846e-07 4.07231e-08 1.32975e-07 1 0.245485 0.9694 1.74846e-07 8.26962e-08 1.11813e-07 1 6.26102e-08 1.2418e-07 1 0.546948 0.837166 1.74846e-07 -5.90238e-09 1.38946e-07 1 -2.92994e-08 1.3595e-07 1 -0.0825794 0.996584 1.74846e-07 0.0825794 0.996584 1.74846e-07 -0.245486 0.9694 1.74846e-07 -5.18535e-08 1.29042e-07 1 -7.29159e-08 1.18423e-07 1 -0.401696 0.915773 1.74846e-07 -9.18807e-08 1.04397e-07 1 -0.546948 0.837166 1.74846e-07 -0.677282 0.735724 1.74846e-07 -1.08202e-07 8.73671e-08 1 -1.21411e-07 6.78242e-08 1 -0.789141 0.614213 1.74846e-07 -1.31127e-07 4.63301e-08 1 -0.879474 0.475948 1.74846e-07 -0.945817 0.3247 1.74846e-07 -1.37071e-07 2.35031e-08 1 -0.986361 0.164595 1.74846e-07 -1 3.01992e-07 1.74846e-07 1.76645e-08 1.37945e-07 1 1 8.74228e-08 8.74228e-08 0.986361 0.164595 8.74228e-08 -1.18819e-08 -1.0113e-09 1 0.945817 0.3247 8.74228e-08 -1.15401e-08 -3.00481e-09 1 -1.08663e-08 -4.91187e-09 1 0.879474 0.475948 8.74228e-08 0.789141 0.614213 8.74228e-08 -8.60924e-09 -8.25129e-09 1 -9.87988e-09 -6.67763e-09 1 0.677282 0.735724 8.74228e-08 -7.09093e-09 -9.58757e-09 1 -5.36862e-09 -1.0648e-08 1 0.546948 0.837167 8.74228e-08 0.401696 0.915773 8.74228e-08 -3.49188e-09 -1.14022e-08 1 0.245486 0.9694 8.74228e-08 -1.51467e-09 -1.18283e-08 1 5.0611e-10 -1.19141e-08 1 0.0825794 0.996584 8.74228e-08 -0.789141 0.614213 8.74228e-08 -0.879474 0.475947 8.74228e-08 1.04106e-08 -5.8157e-09 1 -0.0825794 0.996584 8.74228e-08 -0.245485 0.9694 8.74228e-08 2.51233e-09 -1.16572e-08 1 -0.401695 0.915773 8.74228e-08 4.44627e-09 -1.1065e-08 1 6.2523e-09 -1.01544e-08 1 -0.546948 0.837166 8.74228e-08 -0.677282 0.735724 8.74228e-08 7.87847e-09 -8.95168e-09 1 9.27798e-09 -7.49145e-09 1 -0.945817 0.3247 8.74228e-08 1.12437e-08 -3.97265e-09 1 -0.986361 0.164595 8.74228e-08 1.19249e-08 2.08501e-15 1 1.17534e-08 -2.01531e-09 1 -1 3.01992e-07 8.74228e-08 -1.18819e-08 1.0113e-09 1 0.986361 -0.164595 8.74228e-08 -1.15401e-08 3.00481e-09 1 -1.08663e-08 4.91187e-09 1 0.945817 -0.324699 8.74228e-08 -9.87988e-09 6.67763e-09 1 0.879474 -0.475947 8.74228e-08 0.789141 -0.614213 8.74228e-08 -8.60924e-09 8.25129e-09 1 -7.09093e-09 9.58757e-09 1 0.677282 -0.735724 8.74228e-08 -5.36863e-09 1.0648e-08 1 0.546948 -0.837167 8.74228e-08 0.401696 -0.915773 8.74228e-08 -3.49188e-09 1.14022e-08 1 -1.51467e-09 1.18283e-08 1 0.245485 -0.9694 8.74228e-08 0.0825793 -0.996584 8.74228e-08 -0.0825794 -0.996584 8.74228e-08 5.06106e-10 1.19141e-08 1 2.51232e-09 1.16572e-08 1 -0.245485 -0.9694 8.74228e-08 4.44627e-09 1.1065e-08 1 -0.401695 -0.915773 8.74228e-08 -0.546948 -0.837166 8.74228e-08 6.2523e-09 1.01544e-08 1 7.87847e-09 8.95168e-09 1 -0.677282 -0.735724 8.74228e-08 9.27798e-09 7.49145e-09 1 -0.789141 -0.614213 8.74228e-08 -0.879474 -0.475947 8.74228e-08 1.04106e-08 5.8157e-09 1 1.12437e-08 3.97265e-09 1 -0.945817 -0.324699 8.74228e-08 1.17534e-08 2.01531e-09 1 -0.986361 -0.164595 8.74228e-08 1.12437e-08 3.97265e-09 1 0.942877 0.33314 -1.74846e-07 0.985616 0.169001 -1.74846e-07 1 -1.74846e-07 -1.74846e-07 1.19249e-08 3.60121e-15 1 1.17534e-08 2.01531e-09 1 0.778036 0.62822 -1.74846e-07 7.87846e-09 8.95168e-09 1 0.660675 0.750672 -1.74846e-07 9.27799e-09 7.49145e-09 1 0.873014 0.487695 -1.74846e-07 1.04106e-08 5.8157e-09 1 2.51233e-09 1.16572e-08 1 0.210679 0.977555 -1.74846e-07 0.372856 0.927889 -1.74846e-07 4.44627e-09 1.1065e-08 1 0.524307 0.851529 -1.74846e-07 6.2523e-09 1.01544e-08 1 -0.292823 0.956167 -1.74846e-07 -0.127018 0.9919 -1.74846e-07 -3.49188e-09 1.14022e-08 1 0.0424415 0.999099 -1.74846e-07 5.06104e-10 1.19141e-08 1 -1.51467e-09 1.18283e-08 1 -0.594633 0.803997 -1.74846e-07 -8.60924e-09 8.25129e-09 1 -0.721956 0.691939 -1.74846e-07 -5.36863e-09 1.0648e-08 1 -7.09093e-09 9.58757e-09 1 -0.450204 0.892926 -1.74846e-07 -1.15401e-08 3.00481e-09 1 -0.967733 0.251978 -1.74846e-07 -0.911228 0.411901 -1.74846e-07 -1.08663e-08 4.91187e-09 1 -0.82851 0.559975 -1.74846e-07 -9.87988e-09 6.67763e-09 1 -0.967733 -0.251978 -1.74846e-07 -0.996397 -0.0848059 -1.74846e-07 -1.15401e-08 -3.00481e-09 1 -0.996397 0.0848059 -1.74846e-07 -1.18819e-08 1.0113e-09 1 -1.18819e-08 -1.0113e-09 1 -0.82851 -0.559975 -1.74846e-07 -8.60924e-09 -8.25129e-09 1 -0.721956 -0.691939 -1.74846e-07 -1.08663e-08 -4.91187e-09 1 -9.87988e-09 -6.67763e-09 1 -0.911229 -0.411901 -1.74846e-07 -3.49188e-09 -1.14022e-08 1 -0.292823 -0.956167 -1.74846e-07 -0.450204 -0.892926 -1.74846e-07 -5.36863e-09 -1.0648e-08 1 -0.594633 -0.803997 -1.74846e-07 -7.09093e-09 -9.58757e-09 1 2.51233e-09 -1.16572e-08 1 0.0424412 -0.999099 -1.74846e-07 5.06106e-10 -1.19141e-08 1 -0.127018 -0.9919 -1.74846e-07 -1.51467e-09 -1.18283e-08 1 4.44627e-09 -1.1065e-08 1 0.210679 -0.977555 -1.74846e-07 0.372856 -0.927889 -1.74846e-07 6.2523e-09 -1.01544e-08 1 7.87847e-09 -8.95168e-09 1 0.524307 -0.851529 -1.74846e-07 9.27798e-09 -7.49145e-09 1 0.660675 -0.750672 -1.74846e-07 0.778036 -0.62822 -1.74846e-07 1.04106e-08 -5.8157e-09 1 1.12437e-08 -3.97265e-09 1 0.873014 -0.487695 -1.74846e-07 1.17534e-08 -2.01531e-09 1 0.942877 -0.33314 -1.74846e-07 0.985616 -0.169001 -1.74846e-07 1 8.74228e-08 8.74228e-08 0.986361 0.164595 8.74228e-08 -1.18819e-08 -1.0113e-09 1 0.945817 0.3247 8.74228e-08 -1.15401e-08 -3.00481e-09 1 -1.08663e-08 -4.91187e-09 1 0.879474 0.475948 8.74228e-08 0.789141 0.614213 8.74228e-08 -8.60924e-09 -8.25129e-09 1 -9.87988e-09 -6.67763e-09 1 0.677282 0.735724 8.74228e-08 -7.09093e-09 -9.58757e-09 1 -5.36862e-09 -1.0648e-08 1 0.546948 0.837167 8.74228e-08 0.401696 0.915773 8.74228e-08 -3.49188e-09 -1.14022e-08 1 0.245486 0.9694 8.74228e-08 -1.51467e-09 -1.18283e-08 1 5.0611e-10 -1.19141e-08 1 0.0825794 0.996584 8.74228e-08 -0.789141 0.614213 8.74228e-08 -0.879474 0.475947 8.74228e-08 1.04106e-08 -5.8157e-09 1 -0.0825794 0.996584 8.74228e-08 -0.245485 0.9694 8.74228e-08 2.51233e-09 -1.16572e-08 1 -0.401695 0.915773 8.74228e-08 4.44627e-09 -1.1065e-08 1 6.2523e-09 -1.01544e-08 1 -0.546948 0.837166 8.74228e-08 -0.677282 0.735724 8.74228e-08 7.87847e-09 -8.95168e-09 1 9.27798e-09 -7.49145e-09 1 -0.945817 0.3247 8.74228e-08 1.12437e-08 -3.97265e-09 1 -0.986361 0.164595 8.74228e-08 1.19249e-08 2.08501e-15 1 1.17534e-08 -2.01531e-09 1 -1 3.01992e-07 8.74228e-08 -1.18819e-08 1.0113e-09 1 0.986361 -0.164595 8.74228e-08 -1.15401e-08 3.00481e-09 1 -1.08663e-08 4.91187e-09 1 0.945817 -0.324699 8.74228e-08 -9.87988e-09 6.67763e-09 1 0.879474 -0.475947 8.74228e-08 0.789141 -0.614213 8.74228e-08 -8.60924e-09 8.25129e-09 1 -7.09093e-09 9.58757e-09 1 0.677282 -0.735724 8.74228e-08 -5.36863e-09 1.0648e-08 1 0.546948 -0.837167 8.74228e-08 0.401696 -0.915773 8.74228e-08 -3.49188e-09 1.14022e-08 1 -1.51467e-09 1.18283e-08 1 0.245485 -0.9694 8.74228e-08 0.0825793 -0.996584 8.74228e-08 -0.0825794 -0.996584 8.74228e-08 5.06106e-10 1.19141e-08 1 2.51232e-09 1.16572e-08 1 -0.245485 -0.9694 8.74228e-08 4.44627e-09 1.1065e-08 1 -0.401695 -0.915773 8.74228e-08 -0.546948 -0.837166 8.74228e-08 6.2523e-09 1.01544e-08 1 7.87847e-09 8.95168e-09 1 -0.677282 -0.735724 8.74228e-08 9.27798e-09 7.49145e-09 1 -0.789141 -0.614213 8.74228e-08 -0.879474 -0.475947 8.74228e-08 1.04106e-08 5.8157e-09 1 1.12437e-08 3.97265e-09 1 -0.945817 -0.324699 8.74228e-08 1.17534e-08 2.01531e-09 1 -0.986361 -0.164595 8.74228e-08 0.425397 -0.905007 0 3.54727e-09 -1 0 3.54727e-09 -1 0 0.968267 -0.249919 0 0.769974 -0.638076 0 0.968267 -0.249919 0 0.769974 -0.638076 0 0.425397 -0.905007 0 0.769974 0.638076 0 0.968267 0.249919 0 0.968267 0.249919 0 6.71203e-08 1 0 0.425397 0.905007 0 6.71203e-08 1 0 0.425397 0.905007 0 0.769974 0.638076 0 -0.425397 0.905007 0 -3.54725e-09 1 0 -3.54725e-09 1 0 -0.968267 0.249919 0 -0.769974 0.638076 0 -0.968267 0.249919 0 -0.769974 0.638076 0 -0.425397 0.905007 0 -0.769974 -0.638076 0 -0.968267 -0.249919 0 -0.968267 -0.249919 0 -6.71203e-08 -1 0 -0.425397 -0.905007 0 -6.71203e-08 -1 0 -0.425397 -0.905007 0 -0.769974 -0.638076 0 0.425397 -0.905007 -1.59453e-08 -2.67691e-08 3.45558e-08 -1 -1.55055e-16 4.37114e-08 -1 -4.23243e-08 1.09243e-08 -1 0.769974 -0.638076 -1.59453e-08 0.968267 -0.249919 -1.59453e-08 3.54725e-09 -1 -1.59453e-08 1.22465e-16 -1 -5.96241e-09 8.51564e-24 -6.95355e-08 -1 1.22465e-16 -1 -5.96241e-09 1.22465e-16 -1 -5.96241e-09 8.51564e-24 -6.95355e-08 -1 8.51564e-24 -6.95355e-08 -1 -4.23243e-08 1.09243e-08 -1 0.996457 -0.0840994 -4.07005e-08 -4.35565e-08 3.6761e-09 -1 0.968267 0.249919 -4.07005e-08 -4.35565e-08 -3.6761e-09 -1 0.996457 0.0840994 -4.07005e-08 -4.23243e-08 -1.09243e-08 -1 0.968267 -0.249919 -4.07005e-08 -0.769974 -0.638076 -1.59453e-08 2.67691e-08 3.45558e-08 -1 4.23243e-08 1.09243e-08 -1 2.93392e-15 4.37114e-08 -1 -0.425397 -0.905007 -1.59453e-08 -6.71203e-08 -1 -1.59453e-08 -0.968267 -0.249919 -1.59453e-08 -4.23243e-08 -1.09243e-08 -1 0.769974 0.638076 -1.59453e-08 -2.67691e-08 -3.45558e-08 -1 6.71203e-08 1 -1.59453e-08 -2.93392e-15 -4.37114e-08 -1 0.425397 0.905007 -1.59453e-08 0.968267 0.249919 -1.59453e-08 -0.996457 0.0840994 -4.07005e-08 4.35565e-08 -3.6761e-09 -1 4.23243e-08 -1.09243e-08 -1 -0.968267 -0.249919 -4.07005e-08 4.35565e-08 3.6761e-09 -1 -0.996457 -0.0840994 -4.07005e-08 -0.968267 0.249919 -4.07005e-08 4.23243e-08 1.09243e-08 -1 -1.22465e-16 1 -5.96245e-09 -8.51564e-24 6.95354e-08 -1 -8.51564e-24 6.95354e-08 -1 -1.22465e-16 1 -5.96245e-09 -8.51564e-24 6.95354e-08 -1 -1.22465e-16 1 -5.96245e-09 -0.425397 0.905007 -1.59453e-08 2.67691e-08 -3.45558e-08 -1 1.55055e-16 -4.37114e-08 -1 4.23243e-08 -1.09243e-08 -1 -0.769974 0.638076 -1.59453e-08 -0.968267 0.249919 -1.59453e-08 -3.54725e-09 1 -1.59453e-08 0.425397 -0.905007 -1.74846e-07 3.54725e-09 -1 -1.74846e-07 4.23005e-17 -1.19249e-08 1 0.769974 -0.638076 -1.74846e-07 1.15465e-08 -2.98025e-09 1 0.968267 -0.249919 -1.74846e-07 7.30286e-09 -9.42714e-09 1 0.996457 -0.0840994 -1.74846e-07 0.968267 -0.249919 -1.74846e-07 1.15465e-08 -2.98025e-09 1 0.968267 0.249919 -1.74846e-07 1.18826e-08 1.00287e-09 1 1.15465e-08 2.98025e-09 1 0.996457 0.0840994 -1.74846e-07 1.18826e-08 -1.00288e-09 1 1.22465e-16 -1 5.96245e-09 8.51564e-24 -6.95354e-08 1 8.51564e-24 -6.95354e-08 1 1.22465e-16 -1 5.96245e-09 8.51564e-24 -6.95354e-08 1 1.22465e-16 -1 5.96245e-09 0.769974 0.638076 -1.74846e-07 0.968267 0.249919 -1.74846e-07 1.15465e-08 2.98025e-09 1 0.425397 0.905007 -1.74846e-07 8.00401e-16 1.19249e-08 1 6.71203e-08 1 -1.74846e-07 7.30286e-09 9.42714e-09 1 -1.15465e-08 -2.98025e-09 1 -0.769974 -0.638076 -1.74846e-07 -0.968267 -0.249919 -1.74846e-07 -8.00401e-16 -1.19249e-08 1 -0.425397 -0.905007 -1.74846e-07 -7.30286e-09 -9.42714e-09 1 -6.71203e-08 -1 -1.74846e-07 -1.22465e-16 1 5.96244e-09 -8.51564e-24 6.95355e-08 1 -1.22465e-16 1 5.96244e-09 -1.22465e-16 1 5.96244e-09 -8.51564e-24 6.95355e-08 1 -8.51564e-24 6.95355e-08 1 -1.18826e-08 1.00288e-09 1 -0.996457 -0.0840994 -1.74846e-07 -0.996457 0.0840994 -1.74846e-07 -0.968267 -0.249919 -1.74846e-07 -1.18826e-08 -1.00287e-09 1 -1.15465e-08 -2.98025e-09 1 -1.15465e-08 2.98025e-09 1 -0.968267 0.249919 -1.74846e-07 -0.425397 0.905007 -1.74846e-07 -3.54725e-09 1 -1.74846e-07 -4.23005e-17 1.19249e-08 1 -0.769974 0.638076 -1.74846e-07 -1.15465e-08 2.98025e-09 1 -0.968267 0.249919 -1.74846e-07 -7.30286e-09 9.42714e-09 1</float_array>
          <technique_common>
            <accessor count="2158" source="#ID7" stride="3">
              <param name="X" type="float"/>
              <param name="Y" type="float"/>
              <param name="Z" type="float"/>
            </accessor>
          </technique_common>
        </source>
        <vertices id="ID8">
          <input semantic="POSITION" source="#ID4"/>
          <input semantic="NORMAL" source="#ID6"/>
        </vertices>
        <triangles count="2056" material="ID9">
          <input offset="0" semantic="VERTEX" source="#ID8"/>
          <p>0 2 1 3 0 1 4 1 2 2 5 4 6 8 7 9 11 10 12 10 13 6 12 13 9 10 12 8 6 13 14 16 15 17 19 18 15 17 18 14 15 18 20 22 21 23 25 24 26 24 27 20 26 27 23 24 26 22 20 27 28 30 29 31 30 28 31 32 30 28 29 33 29 34 33 33 34 35 36 38 37 39 41 40 36 41 39 42 38 36 40 41 43 44 46 45 45 42 47 42 39 47 45 47 44 39 42 36 48 50 49 49 51 48 52 50 53 54 56 55 52 56 54 53 57 56 54 59 58 60 49 54 49 60 51 49 52 54 58 60 54 50 52 49 53 56 52 59 54 55 61 63 62 64 66 65 67 63 61 66 68 63 64 69 68 68 71 70 72 71 69 71 68 69 65 66 73 64 68 66 68 70 63 62 63 70 73 66 67 63 67 66 74 76 75 77 78 74 74 75 77 75 76 79 80 79 81 76 81 79 80 81 82 83 85 84 83 87 86 86 87 88 87 89 88 83 86 85 90 92 91 93 92 94 92 90 94 94 95 93 95 96 93 97 99 98 100 102 101 98 99 103 97 104 99 101 102 103 98 103 102 100 101 105 106 108 107 106 107 109 110 112 111 113 115 114 114 116 111 117 119 118 120 121 114 114 121 116 113 114 122 114 115 120 117 123 114 122 114 123 124 125 117 117 125 123 117 118 126 117 126 124 127 128 119 119 128 118 129 130 119 119 130 127 131 132 119 119 132 129 133 134 119 119 134 131 119 135 133 119 136 135 137 138 136 136 138 135 139 140 136 136 140 137 141 142 136 136 142 139 143 144 136 136 144 141 111 112 136 136 112 143 145 146 111 111 146 110 147 148 111 111 148 145 149 150 111 111 150 147 151 152 111 111 152 149 116 151 111 153 155 154 156 158 157 159 155 160 161 163 162 164 166 165 163 167 162 157 168 156 169 157 170 164 172 171 173 172 174 164 171 166 153 165 175 163 159 167 176 178 177 155 153 160 167 159 160 179 180 153 153 180 160 153 175 179 166 175 165 181 171 172 173 158 182 172 184 183 181 172 183 173 184 172 173 182 184 182 158 156 169 168 157 185 186 169 169 186 168 169 187 185 169 188 187 178 176 188 187 188 176 189 177 162 162 177 178 167 190 162 162 190 189 191 193 192 194 196 195 197 199 198 198 199 200 196 202 201 203 204 198 198 204 197 205 191 192 206 207 198 198 207 203 208 209 198 198 209 206 205 210 198 198 210 208 191 205 198 191 212 211 193 191 211 213 212 201 191 201 212 214 215 201 201 215 213 216 217 201 201 217 214 201 202 216 200 218 196 196 194 202 219 220 196 196 220 195 221 222 196 196 222 219 223 224 196 196 224 221 196 218 225 196 225 223 226 227 200 200 227 218 228 229 200 200 229 226 230 231 200 200 231 228 232 233 200 200 233 230 199 232 200 234 236 235 234 235 237 238 240 239 238 239 241 242 244 243 243 245 242 246 248 247 248 246 249 250 252 251 252 250 253 254 256 255 254 258 257 257 256 254 259 258 260 258 259 257 261 262 260 259 260 262 261 264 263 263 262 261 265 264 266 264 265 263 267 268 266 265 266 268 267 270 269 269 268 267 271 270 272 270 271 269 273 274 272 271 272 274 273 275 274 275 277 276 277 275 273 278 276 279 277 279 276 280 281 278 278 279 280 281 283 282 283 281 280 284 282 285 283 285 282 286 287 284 284 285 286 287 289 288 289 287 286 290 288 291 289 291 288 292 293 290 290 291 292 294 255 256 295 296 294 255 294 296 295 298 297 297 296 295 299 298 300 298 299 297 301 302 300 299 300 302 301 304 303 303 302 301 305 304 306 304 305 303 307 308 306 305 306 308 307 310 309 309 308 307 310 311 309 312 311 313 310 313 311 314 315 312 312 313 314 315 317 316 317 315 314 318 316 319 317 319 316 320 321 318 318 319 320 321 323 322 323 321 320 324 322 325 323 325 322 326 327 324 324 325 326 327 329 328 329 327 326 329 293 328 328 293 292 330 332 331 332 334 333 334 332 330 335 333 336 334 336 333 337 338 335 335 336 337 338 340 339 340 338 337 341 339 342 340 342 339 343 344 341 341 342 343 344 346 345 346 344 343 347 345 348 346 348 345 349 350 347 347 348 349 350 352 351 352 350 349 353 351 354 352 354 351 355 356 353 353 354 355 356 358 357 358 356 355 359 357 360 358 360 357 361 362 359 359 360 361 362 364 363 364 362 361 365 363 366 364 366 363 367 368 365 365 366 367 330 331 369 370 371 369 369 331 370 371 373 372 373 371 370 374 372 375 373 375 372 376 377 374 374 375 376 377 379 378 379 377 376 380 378 381 379 381 378 382 383 380 380 381 382 383 385 384 385 383 382 385 386 384 387 388 386 384 386 388 387 390 389 389 388 387 391 390 392 390 391 389 393 394 392 391 392 394 393 396 395 395 394 393 397 396 398 396 397 395 399 400 398 397 398 400 399 402 401 401 400 399 403 402 404 402 403 401 403 404 367 367 404 368 405 407 406 405 406 408 409 411 410 412 414 413 412 413 415 416 417 414 413 414 417 418 416 419 416 418 417 419 421 420 420 418 419 422 424 423 420 421 425 426 428 427 429 431 430 432 434 433 435 437 436 438 440 439 441 443 442 444 441 445 445 436 444 441 444 443 438 437 435 435 436 445 439 437 438 432 433 440 433 439 440 428 434 427 434 432 427 429 426 431 428 426 429 430 409 410 431 409 430 411 422 423 411 423 410 421 424 425 425 424 422 446 448 447 449 451 450 449 452 451 453 450 454 451 454 450 455 456 453 453 454 455 456 458 457 458 456 455 459 461 460 458 462 457 463 465 464 466 468 467 469 471 470 472 474 473 475 477 476 478 480 479 481 482 478 482 481 474 478 479 481 475 472 473 472 482 474 477 475 473 469 476 471 471 476 477 464 465 470 470 465 469 466 467 463 464 466 463 468 448 446 467 468 446 447 461 459 447 448 461 457 462 460 462 459 460 483 485 484 485 483 486 487 489 488 490 489 487 490 491 489 487 488 492 488 493 492 492 493 494 495 497 496 495 498 497 497 499 496 499 500 496 499 501 500 500 501 502 503 505 504 506 507 503 503 504 506 504 505 508 505 509 508 508 509 510 511 513 512 511 514 513 515 514 516 517 518 512 519 512 513 516 518 520 518 521 520 514 511 516 516 511 518 515 516 522 512 518 511 521 518 517 520 522 516 523 525 524 523 526 525 527 526 528 529 530 524 531 524 525 528 530 532 530 533 532 526 523 528 528 523 530 527 528 534 524 530 523 533 530 529 532 534 528 535 537 536 535 538 537 537 539 536 539 540 536 539 541 540 540 541 542 543 545 544 546 545 543 546 547 545 543 544 548 544 549 548 548 549 550 551 553 552 553 551 554 552 553 555 556 557 554 556 551 558 559 560 553 561 559 557 559 554 557 558 551 562 556 554 551 559 553 554 555 553 560 552 562 551 563 565 564 563 566 565 567 566 568 569 570 564 571 564 565 568 570 572 570 573 572 566 563 568 568 563 570 567 568 574 564 570 563 573 570 569 572 574 568 575 577 576 575 578 577 579 578 580 581 582 576 583 576 577 580 582 584 582 585 584 578 575 580 580 575 582 579 580 586 576 582 575 585 582 581 584 586 580 587 589 588 589 587 590 588 589 591 592 593 590 592 587 594 595 596 589 597 595 593 595 590 593 594 587 598 592 590 587 595 589 590 591 589 596 588 598 587 599 601 600 602 601 599 602 603 601 599 600 604 605 604 606 600 606 604 605 606 607 608 610 609 611 612 608 608 609 611 609 610 613 614 613 615 610 615 613 614 615 616 617 619 618 620 621 617 617 618 620 618 619 622 623 622 624 619 624 622 623 624 625 626 628 627 629 628 626 629 630 628 626 627 631 632 631 633 627 633 631 632 633 634 635 637 636 638 637 635 638 639 637 635 636 640 641 640 642 636 642 640 641 642 643 644 646 645 647 646 644 647 648 646 644 645 649 650 649 651 645 651 649 650 651 652 653 655 654 655 657 656 657 655 653 657 658 656 654 659 653 654 660 659 659 660 661 662 664 663 664 666 665 666 664 662 666 667 665 663 668 662 663 669 668 668 669 670 671 673 672 674 675 673 671 674 673 676 671 672 672 677 676 676 677 678 679 681 680 679 682 681 683 682 684 685 686 680 687 680 681 684 686 688 686 689 688 682 679 684 684 679 686 683 684 690 680 686 679 689 686 685 688 690 684 691 693 692 691 694 693 695 694 696 697 698 692 699 692 693 696 698 700 698 701 700 694 691 696 696 691 698 695 696 702 692 698 691 701 698 697 700 702 696 703 705 704 706 707 703 703 704 706 704 705 708 705 709 708 708 709 710 711 713 712 714 713 711 714 715 713 711 712 716 712 717 716 716 717 718 719 721 720 722 724 723 721 724 720 725 719 720 721 723 724 726 719 725 727 729 728 727 730 729 731 727 728 732 731 733 728 733 731 734 732 733 735 737 736 738 740 739 741 742 736 743 745 744 741 747 746 737 735 743 748 747 749 735 736 742 750 751 749 746 742 741 750 753 752 747 748 746 754 753 755 748 749 751 756 754 757 751 750 752 758 754 755 752 756 759 760 762 761 755 761 758 743 744 737 763 764 745 764 744 745 765 763 766 763 765 764 767 768 766 765 766 768 767 770 769 769 768 767 771 770 772 770 771 769 773 774 772 774 775 771 776 773 777 774 776 778 779 780 777 781 776 780 779 783 782 782 784 780 738 783 785 786 788 787 789 740 785 790 792 791 793 794 788 795 797 796 798 792 799 800 802 801 795 804 803 805 807 806 808 805 809 810 761 811 806 813 812 814 811 762 811 815 810 810 816 758 817 813 814 816 757 758 761 810 758 815 813 807 809 806 818 819 802 820 809 821 820 800 822 795 820 823 808 796 824 800 824 823 802 792 826 825 826 803 827 826 790 828 803 828 797 829 788 830 831 830 798 832 830 786 791 798 832 833 834 740 794 835 833 789 836 833 836 787 794 837 782 738 755 760 761 757 754 758 754 752 753 838 760 755 756 752 754 751 759 839 840 838 753 755 753 838 759 751 752 748 839 841 842 840 750 753 750 840 839 748 751 746 841 843 844 842 749 750 749 842 841 746 748 742 843 845 846 844 747 749 747 844 843 742 746 735 845 847 848 846 741 747 741 846 845 735 742 743 847 849 850 848 736 741 736 848 847 743 735 745 849 851 852 850 737 736 737 850 849 745 743 763 851 853 854 852 744 737 744 852 851 763 745 766 853 855 856 854 764 744 764 854 853 766 763 767 855 857 858 856 765 764 765 856 855 767 766 770 857 859 860 858 768 765 768 858 857 770 767 772 859 861 862 860 769 768 769 860 859 772 770 773 861 863 775 862 771 769 771 862 861 773 772 777 863 864 775 774 778 772 774 771 863 777 773 779 864 865 778 776 781 773 776 774 864 779 777 783 865 866 781 780 784 777 780 776 865 783 779 785 866 867 784 782 837 779 782 780 866 785 783 789 867 868 837 738 739 783 738 782 867 789 785 836 868 869 739 740 834 785 740 738 868 836 789 787 869 870 834 833 835 789 833 740 869 787 836 786 870 871 835 794 793 836 794 833 870 786 787 832 871 872 793 788 829 787 788 794 871 832 786 791 872 873 829 830 831 786 830 788 872 791 832 790 873 874 831 798 799 832 798 830 873 790 791 828 874 875 799 792 825 791 792 798 874 828 790 797 875 876 825 826 827 790 826 792 875 797 828 796 876 877 827 803 804 828 803 826 876 796 797 824 877 878 804 795 822 797 795 803 877 824 796 878 879 823 822 800 801 796 800 795 878 823 824 879 880 808 801 802 819 824 802 800 879 808 823 880 881 805 819 820 821 823 820 802 880 805 808 807 881 882 821 809 818 808 809 820 881 807 805 815 882 883 818 806 812 805 806 809 882 815 807 810 883 816 812 813 817 807 813 806 883 810 815 762 811 761 814 813 811 815 811 813 884 886 885 887 889 888 890 886 891 886 893 892 894 891 895 895 891 892 896 898 897 899 900 894 901 902 896 902 903 898 901 905 904 902 904 906 907 909 908 910 904 911 912 914 913 910 911 915 912 917 916 914 916 918 919 916 917 920 916 919 907 921 919 919 922 920 905 911 904 923 924 908 925 926 923 926 927 924 926 925 928 928 929 926 930 932 931 929 928 933 934 936 935 937 934 938 939 930 940 938 941 940 942 938 940 938 935 941 937 942 943 944 946 945 900 891 894 947 945 884 948 946 944 949 951 950 952 950 953 954 951 955 952 949 950 956 958 957 958 960 959 956 962 961 957 958 959 963 965 964 966 967 963 968 969 964 963 967 965 970 972 971 973 965 974 975 971 972 976 970 973 977 979 978 979 981 980 982 983 978 984 977 983 982 986 985 987 988 982 985 986 989 982 988 986 990 992 991 993 986 994 991 996 995 997 992 993 995 998 991 992 999 996 889 1000 888 1001 996 1002 1000 936 934 1003 1000 1001 934 937 888 943 1004 937 1004 887 888 1004 888 937 1005 889 887 936 1000 1003 934 888 1000 1005 998 995 889 995 1001 1003 1001 1002 1000 889 1001 1005 995 889 991 998 1006 1002 996 999 1001 995 996 1006 1007 990 990 991 1006 999 992 997 996 991 992 1007 1008 989 990 989 993 997 993 994 992 990 993 1007 989 990 1009 985 1008 994 986 988 993 989 986 1008 985 989 978 983 977 985 1009 983 987 982 978 985 983 982 1009 984 983 980 978 979 978 980 987 984 1010 977 971 975 1011 977 1010 972 981 979 970 977 972 979 1010 975 972 981 970 976 979 972 970 1011 969 968 971 968 973 976 973 974 970 971 973 1011 968 971 965 968 964 974 965 967 973 968 965 969 1012 964 957 962 956 964 1012 962 966 963 957 964 962 963 1012 961 962 966 957 959 963 962 957 961 1013 956 949 955 951 956 1013 955 960 958 949 956 955 958 1013 954 955 960 949 952 958 955 949 954 1014 951 946 948 1015 951 1014 944 953 950 945 951 944 950 1014 948 944 953 945 947 950 944 945 1015 1016 893 946 893 884 947 884 885 945 946 884 1015 893 946 1017 892 1016 885 886 890 884 893 886 1016 892 893 1018 895 1017 890 891 900 886 892 891 1017 895 892 897 1018 1019 895 1018 897 899 894 898 897 894 895 1019 1020 896 899 898 903 894 897 898 1019 896 897 1021 901 1020 903 902 906 898 896 902 1020 901 896 1022 905 1021 906 904 910 902 901 904 1021 905 901 1023 912 1024 905 1022 913 915 911 914 905 913 911 1022 1024 913 915 914 918 911 913 914 1024 912 913 1025 917 1023 918 916 920 914 912 916 1023 917 912 921 907 908 917 1025 907 922 919 921 917 907 919 1025 909 907 1026 921 924 921 1026 922 909 1027 908 1028 923 1027 1026 924 927 921 908 924 1028 1029 925 1027 923 908 927 926 929 924 923 926 1030 932 1029 1028 925 923 925 1029 932 933 928 930 932 928 925 1030 1031 931 933 930 939 928 932 930 942 1031 943 1030 931 932 939 940 941 930 931 940 931 1031 942 940 931 942 934 935 938 937 938 942 1032 1034 1033 1035 1032 1033 1036 1038 1037 1036 1039 1035 1035 1033 1036 1039 1036 1037 1034 1041 1040 1032 1042 1034 1040 1044 1043 1041 1045 1040 1040 1045 1044 1034 1042 1041 1046 1048 1047 1049 1051 1050 1047 1048 1052 1050 1053 1049 1048 1053 1052 1050 1054 1053 1053 1054 1052 1055 1057 1056 1057 1059 1058 1059 1061 1060 1055 1063 1062 1064 1059 1065 1059 1060 1065 1066 1059 1067 1059 1064 1067 1068 1059 1069 1059 1066 1069 1070 1059 1071 1059 1068 1071 1059 1070 1058 1072 1057 1073 1057 1058 1073 1074 1057 1075 1057 1072 1075 1076 1057 1077 1057 1074 1077 1078 1057 1079 1057 1076 1079 1057 1078 1056 1061 1055 1080 1055 1056 1063 1081 1055 1082 1055 1062 1082 1083 1055 1084 1055 1081 1084 1085 1055 1086 1055 1083 1086 1055 1087 1080 1055 1085 1087 1088 1061 1089 1061 1080 1089 1090 1061 1091 1061 1088 1091 1092 1061 1093 1061 1090 1093 1094 1061 1095 1061 1092 1095 1060 1061 1094 1096 1098 1097 1099 1101 1100 1102 1097 1103 1104 1106 1105 1101 1099 1107 1105 1109 1108 1110 1112 1111 1113 1108 1109 1112 1107 1114 1112 1114 1115 1099 1114 1107 1116 1117 1100 1118 1117 1119 1120 1122 1121 1115 1123 1112 1111 1112 1113 1123 1113 1112 1109 1111 1113 1105 1108 1104 1124 1104 1125 1104 1108 1125 1104 1124 1121 1104 1121 1122 1097 1120 1096 1121 1096 1120 1097 1127 1126 1098 1127 1097 1119 1103 1126 1097 1126 1103 1117 1118 1100 1126 1118 1119 1128 1100 1129 1100 1118 1129 1100 1128 1099 1130 1132 1131 1133 1134 1130 1132 1136 1135 1134 1138 1137 1139 1132 1140 1132 1135 1140 1141 1132 1142 1132 1139 1142 1143 1132 1144 1132 1141 1144 1145 1132 1146 1132 1143 1146 1132 1145 1131 1147 1130 1148 1130 1131 1148 1149 1130 1150 1130 1147 1150 1151 1130 1152 1130 1149 1152 1153 1130 1154 1130 1151 1154 1130 1153 1133 1136 1134 1155 1134 1133 1138 1156 1134 1157 1134 1137 1157 1158 1134 1159 1134 1156 1159 1160 1134 1161 1134 1158 1161 1134 1162 1155 1134 1160 1162 1163 1136 1164 1136 1155 1164 1165 1136 1166 1136 1163 1166 1167 1136 1168 1136 1165 1168 1169 1136 1170 1136 1167 1170 1135 1136 1169 1171 1173 1172 1174 1176 1175 1171 1177 1173 1178 1174 1175 1177 1179 1173 1180 1178 1181 1180 1174 1178 1174 1180 1182 1183 1181 1178 1184 1175 1176 1177 1184 1179 1176 1179 1184 1185 1187 1186 1188 1185 1189 1186 1190 1185 1190 1189 1185 1191 1187 1185 1187 1191 1192 1189 1193 1188 1194 1196 1195 1197 1198 1194 1196 1194 1199 1199 1194 1198 1200 1194 1195 1195 1201 1200 1198 1197 1202 1203 1205 1204 1203 1206 1205 1207 1209 1208 1210 1212 1211 1213 1214 1210 1213 1207 1214 1207 1208 1214 1212 1210 1214 1212 1215 1211 1216 1218 1217 1216 1219 1218 1220 1222 1221 1223 1225 1224 1221 1227 1226 1226 1220 1221 1228 1229 1227 1226 1227 1229 1230 1228 1231 1228 1230 1229 1231 1233 1232 1232 1230 1231 1234 1235 1233 1232 1233 1235 1236 1234 1237 1234 1236 1235 1237 1239 1238 1238 1236 1237 1240 1241 1239 1238 1239 1241 1242 1240 1243 1240 1242 1241 1220 1244 1222 1245 1244 1246 1244 1245 1222 1246 1248 1247 1247 1245 1246 1249 1250 1248 1247 1248 1250 1251 1249 1252 1249 1251 1250 1252 1254 1253 1253 1251 1252 1255 1256 1254 1253 1254 1256 1257 1255 1258 1255 1257 1256 1258 1260 1259 1259 1257 1258 1259 1260 1225 1260 1224 1225 1261 1263 1262 1264 1266 1265 1267 1269 1268 1270 1272 1271 1273 1275 1274 1276 1278 1277 1279 1281 1280 1282 1284 1283 1285 1287 1286 1288 1286 1289 1290 1285 1291 1285 1290 1287 1291 1293 1292 1292 1290 1291 1294 1295 1293 1292 1293 1295 1243 1294 1242 1294 1243 1295 1279 1288 1289 1286 1287 1289 1280 1281 1282 1288 1279 1280 1284 1274 1283 1281 1284 1282 1273 1277 1275 1274 1275 1283 1269 1278 1276 1276 1277 1273 1272 1267 1268 1267 1278 1269 1270 1271 1261 1272 1268 1271 1262 1263 1265 1270 1261 1262 1264 1223 1266 1263 1264 1265 1224 1266 1223 1296 1298 1297 1299 1301 1300 1302 1304 1303 1305 1307 1306 1308 1310 1309 1311 1313 1312 1314 1316 1315 1317 1319 1318 1320 1322 1321 1323 1325 1324 1326 1328 1327 1329 1331 1330 1332 1334 1333 1335 1337 1336 1338 1340 1339 1341 1343 1342 1344 1346 1345 1347 1349 1348 1350 1352 1351 1353 1355 1354 1354 1348 1353 1356 1357 1355 1354 1355 1357 1358 1356 1359 1356 1358 1357 1359 1361 1360 1360 1358 1359 1362 1363 1361 1360 1361 1363 1364 1362 1365 1362 1364 1363 1365 1367 1366 1366 1364 1365 1368 1369 1367 1366 1367 1369 1370 1368 1297 1368 1370 1369 1298 1370 1297 1351 1349 1347 1348 1349 1353 1343 1352 1350 1350 1351 1347 1346 1341 1342 1341 1352 1343 1344 1345 1335 1346 1342 1345 1336 1337 1338 1344 1335 1336 1340 1330 1339 1337 1340 1338 1329 1333 1331 1330 1331 1339 1325 1334 1332 1332 1333 1329 1328 1323 1324 1323 1334 1325 1326 1327 1317 1328 1324 1327 1318 1319 1320 1326 1317 1318 1322 1312 1321 1319 1322 1320 1311 1315 1313 1312 1313 1321 1307 1316 1314 1314 1315 1311 1310 1305 1306 1305 1316 1307 1308 1309 1299 1310 1306 1309 1300 1301 1303 1308 1299 1300 1302 1296 1304 1301 1302 1303 1297 1304 1296 1371 1373 1372 1371 1374 1373 1375 1377 1376 1378 1380 1379 1378 1381 1380 1382 1379 1383 1380 1383 1379 1384 1385 1382 1382 1383 1384 1385 1387 1386 1387 1385 1384 1388 1390 1389 1387 1391 1386 1392 1394 1393 1395 1397 1396 1398 1400 1399 1401 1403 1402 1404 1406 1405 1407 1409 1408 1410 1411 1407 1411 1410 1403 1407 1408 1410 1404 1401 1402 1401 1411 1403 1406 1404 1402 1398 1405 1400 1400 1405 1406 1393 1394 1399 1399 1394 1398 1395 1396 1392 1393 1395 1392 1397 1377 1375 1396 1397 1375 1376 1390 1388 1376 1377 1390 1386 1391 1389 1391 1388 1389 1412 1414 1413 1415 1417 1416 1415 1416 1418 1419 1420 1417 1416 1417 1420 1421 1419 1422 1419 1421 1420 1422 1424 1423 1423 1421 1422 1425 1427 1426 1423 1424 1428 1429 1431 1430 1432 1434 1433 1435 1437 1436 1438 1440 1439 1441 1443 1442 1444 1446 1445 1447 1444 1448 1448 1439 1447 1444 1447 1446 1441 1440 1438 1438 1439 1448 1442 1440 1441 1435 1436 1443 1436 1442 1443 1431 1437 1430 1437 1435 1430 1432 1429 1434 1431 1429 1432 1433 1412 1413 1434 1412 1433 1414 1425 1426 1414 1426 1413 1424 1427 1428 1428 1427 1425 1449 1451 1450 1450 1452 1449 1453 1455 1454 1455 1453 1456 1457 1459 1458 1459 1457 1460 1461 1463 1462 1462 1464 1461 1461 1465 1463 1462 1466 1464 1467 1469 1468 1469 1470 1468 1469 1471 1470 1467 1468 1472 1473 1475 1474 1473 1474 1476 1477 1479 1478 1477 1480 1479 1481 1483 1482 1481 1484 1483 1485 1487 1486 1486 1488 1485 1489 1491 1490 1489 1490 1492 1493 1495 1494 1493 1494 1496 1497 1499 1498 1499 1500 1498 1499 1501 1500 1497 1498 1502 1503 1505 1504 1506 1508 1507 1509 1511 1510 1511 1512 1510 1511 1513 1512 1509 1510 1514 1515 1517 1516 1515 1518 1517 1519 1521 1520 1519 1522 1521 1523 1525 1524 1524 1526 1523 1527 1529 1528 1527 1530 1529 1531 1533 1532 1532 1534 1531 1535 1537 1536 1538 1540 1539 1541 1543 1542 1544 1546 1545 1547 1549 1548 1547 1550 1549 1551 1553 1552 1552 1554 1551 1555 1557 1556 1556 1558 1555 1559 1561 1560 1559 1562 1561 1563 1565 1564 1563 1566 1565 1567 1569 1568 1567 1570 1569 1571 1573 1572 1572 1573 1574 1572 1574 1575 1571 1576 1573 1577 1579 1578 1577 1578 1580 1577 1580 1581 1582 1578 1579 1583 1585 1584 1583 1586 1585 1587 1588 1586 1586 1588 1585 1589 1591 1590 1589 1590 1592 1589 1592 1593 1594 1590 1591 1595 1597 1596 1595 1598 1597 1599 1601 1600 1601 1599 1602 1599 1603 1602 1604 1606 1605 1604 1605 1607 1608 1610 1609 1610 1608 1611 1608 1612 1611 1613 1615 1614 1615 1613 1616 1617 1619 1618 1617 1620 1619 1621 1623 1622 1621 1624 1623 1625 1627 1626 1628 1630 1629 1631 1630 1628 1631 1628 1632 1628 1629 1632 1633 1635 1634 1636 1634 1635 1636 1635 1637 1633 1637 1635 1638 1640 1639 1641 1643 1642 1642 1644 1641 1645 1647 1646 1647 1645 1648 1649 1651 1650 1651 1649 1652 1653 1655 1654 1653 1654 1656 1657 1659 1658 1657 1660 1659 1661 1663 1662 1662 1664 1661 1665 1667 1666 1668 1670 1669 1671 1672 1670 1671 1670 1668 1668 1669 1673 1674 1676 1675 1677 1678 1676 1677 1676 1674 1674 1675 1679 1680 1682 1681 1683 1685 1684 1684 1686 1683 1687 1689 1688 1688 1690 1687 1691 1693 1692 1691 1694 1693 1695 1697 1696 1696 1698 1695 1699 1701 1700 1699 1700 1702 1699 1702 1703 1704 1700 1701 1705 1707 1706 1705 1706 1708 1705 1708 1709 1710 1706 1707 1711 1713 1712 1713 1711 1714 1715 1717 1716 1718 1720 1719 1721 1723 1722 1724 1726 1725 1727 1729 1728 1730 1732 1731 1733 1735 1734 1736 1738 1737 1739 1741 1740 1742 1744 1743 1745 1747 1746 1748 1750 1749 1751 1753 1752 1754 1756 1755 1757 1759 1758 1760 1762 1761 1763 1765 1764 1766 1768 1767 1769 1771 1770 1771 1769 1772 1773 1774 1770 1770 1771 1773 1775 1774 1776 1773 1776 1774 1775 1778 1777 1778 1775 1776 1779 1780 1777 1777 1778 1779 1781 1780 1782 1779 1782 1780 1781 1784 1783 1784 1781 1782 1785 1786 1783 1783 1784 1785 1715 1786 1787 1785 1787 1786 1788 1715 1787 1769 1789 1772 1765 1789 1764 1789 1765 1772 1768 1763 1767 1767 1763 1764 1757 1766 1759 1757 1768 1766 1758 1762 1760 1758 1759 1762 1761 1751 1752 1760 1761 1752 1754 1755 1753 1751 1754 1753 1746 1747 1756 1756 1747 1755 1750 1745 1749 1749 1745 1746 1739 1748 1741 1739 1750 1748 1740 1744 1742 1740 1741 1744 1743 1733 1734 1742 1743 1734 1736 1737 1735 1733 1736 1735 1728 1729 1738 1738 1729 1737 1732 1727 1731 1731 1727 1728 1721 1730 1723 1721 1732 1730 1722 1726 1724 1722 1723 1726 1725 1720 1718 1724 1725 1718 1716 1717 1719 1720 1716 1719 1715 1788 1717 1790 1792 1791 1793 1791 1794 1792 1794 1791 1795 1796 1793 1793 1794 1795 1797 1799 1798 1799 1796 1795 1800 1798 1801 1798 1800 1797 1802 1803 1801 1800 1801 1803 1802 1805 1804 1804 1803 1802 1806 1805 1807 1805 1806 1804 1808 1809 1807 1806 1807 1809 1810 1812 1811 1813 1815 1814 1808 1815 1813 1816 1814 1817 1815 1817 1814 1818 1819 1816 1816 1817 1818 1819 1821 1820 1821 1819 1818 1810 1820 1822 1821 1822 1820 1809 1808 1813 1810 1822 1812 1811 1824 1823 1812 1824 1811 1825 1827 1826 1824 1827 1823 1825 1823 1827 1828 1825 1826 1796 1799 1797 1792 1790 1829 1830 1831 1829 1829 1790 1830 1831 1833 1832 1833 1831 1830 1834 1832 1835 1833 1835 1832 1836 1837 1834 1834 1835 1836 1837 1839 1838 1839 1837 1836 1840 1838 1841 1839 1841 1838 1842 1843 1840 1840 1841 1842 1843 1845 1844 1845 1843 1842 1845 1846 1844 1847 1848 1846 1844 1846 1848 1847 1850 1849 1849 1848 1847 1851 1850 1852 1850 1851 1849 1853 1854 1852 1851 1852 1854 1853 1856 1855 1855 1854 1853 1857 1856 1858 1856 1857 1855 1859 1860 1858 1857 1858 1860 1859 1862 1861 1861 1860 1859 1863 1862 1864 1862 1863 1861 1863 1864 1826 1826 1864 1828 1865 1867 1866 1868 1870 1869 1871 1873 1872 1874 1876 1875 1877 1879 1878 1880 1882 1881 1883 1885 1884 1886 1888 1887 1889 1891 1890 1892 1894 1893 1895 1897 1896 1898 1900 1899 1901 1903 1902 1904 1906 1905 1907 1909 1908 1910 1912 1911 1913 1915 1914 1916 1918 1917 1919 1921 1920 1922 1921 1923 1919 1925 1924 1925 1919 1920 1926 1927 1924 1924 1925 1926 1928 1927 1929 1926 1929 1927 1928 1931 1930 1931 1928 1929 1932 1933 1930 1930 1931 1932 1934 1933 1935 1932 1935 1933 1934 1937 1936 1937 1934 1935 1938 1869 1936 1936 1937 1938 1921 1922 1920 1938 1868 1869 1923 1914 1922 1916 1915 1913 1913 1914 1923 1917 1915 1916 1905 1895 1896 1918 1908 1909 1909 1917 1918 1907 1908 1911 1912 1910 1901 1907 1911 1912 1903 1906 1902 1910 1903 1901 1904 1905 1896 1906 1904 1902 1899 1897 1898 1898 1897 1895 1891 1900 1890 1891 1899 1900 1889 1893 1894 1889 1890 1893 1892 1885 1883 1894 1892 1883 1884 1885 1888 1888 1886 1884 1877 1878 1887 1878 1886 1887 1881 1879 1880 1879 1877 1880 1873 1882 1872 1881 1882 1873 1871 1874 1875 1872 1874 1871 1876 1865 1866 1876 1866 1875 1868 1867 1870 1870 1867 1865 1939 1941 1940 1942 1940 1943 1941 1943 1940 1944 1945 1942 1942 1943 1944 1946 1948 1947 1948 1945 1944 1949 1947 1950 1947 1949 1946 1951 1952 1950 1949 1950 1952 1951 1954 1953 1953 1952 1951 1955 1954 1956 1954 1955 1953 1957 1958 1956 1955 1956 1958 1959 1961 1960 1962 1964 1963 1957 1964 1962 1965 1963 1966 1964 1966 1963 1967 1968 1965 1965 1966 1967 1968 1970 1969 1970 1968 1967 1959 1969 1971 1970 1971 1969 1958 1957 1962 1959 1971 1961 1960 1973 1972 1961 1973 1960 1974 1976 1975 1973 1976 1972 1974 1972 1976 1977 1974 1975 1945 1948 1946 1941 1939 1978 1979 1980 1978 1978 1939 1979 1980 1982 1981 1982 1980 1979 1983 1981 1984 1982 1984 1981 1985 1986 1983 1983 1984 1985 1986 1988 1987 1988 1986 1985 1989 1987 1990 1988 1990 1987 1991 1992 1989 1989 1990 1991 1992 1994 1993 1994 1992 1991 1994 1995 1993 1996 1997 1995 1993 1995 1997 1996 1999 1998 1998 1997 1996 2000 1999 2001 1999 2000 1998 2002 2003 2001 2000 2001 2003 2002 2005 2004 2004 2003 2002 2006 2005 2007 2005 2006 2004 2008 2009 2007 2006 2007 2009 2008 2011 2010 2010 2009 2008 2012 2011 2013 2011 2012 2010 2012 2013 1975 1975 2013 1977 2014 2016 2015 2017 2019 2018 2020 2018 2021 2014 2020 2021 2017 2018 2020 2016 2014 2021 2022 2024 2023 2025 2027 2026 2028 2026 2029 2022 2028 2029 2025 2026 2028 2024 2022 2029 2030 2032 2031 2033 2035 2034 2036 2034 2037 2030 2036 2037 2033 2034 2036 2032 2030 2037 2038 2040 2039 2041 2043 2042 2044 2042 2045 2038 2044 2045 2041 2042 2044 2040 2038 2045 2046 2048 2047 2049 2051 2050 2046 2047 2050 2046 2052 2048 2050 2047 2049 2053 2055 2054 2056 2057 2055 2053 2054 2058 2055 2057 2054 2059 2061 2060 2062 2064 2063 2065 2062 2063 2064 2061 2063 2059 2060 2066 2061 2064 2060 2067 2069 2068 2070 2072 2071 2067 2068 2071 2067 2073 2069 2071 2068 2070 2074 2076 2075 2077 2079 2078 2078 2079 2076 2074 2075 2080 2076 2079 2075 2081 2083 2082 2084 2086 2085 2086 2081 2082 2081 2087 2083 2084 2085 2088 2086 2082 2085 2089 2091 2090 2090 2093 2092 2092 2089 2090 2089 2094 2091 2095 2097 2096 2098 2100 2099 2095 2096 2099 2095 2101 2097 2099 2096 2098 2102 2104 2103 2105 2107 2106 2102 2105 2108 2104 2102 2108 2105 2106 2108 2109 2111 2110 2112 2114 2113 2115 2113 2116 2109 2115 2116 2112 2113 2115 2111 2109 2116 2117 2119 2118 2118 2121 2120 2120 2117 2118 2117 2122 2119 2123 2125 2124 2126 2128 2127 2123 2126 2129 2125 2123 2129 2126 2127 2129 2130 2132 2131 2133 2135 2134 2135 2131 2134 2130 2131 2135 2133 2134 2136 2137 2139 2138 2140 2141 2139 2137 2138 2142 2139 2141 2138 2143 2145 2144 2146 2148 2147 2147 2143 2144 2149 2150 2145 2149 2145 2143 2146 2147 2144 2151 2153 2152 2154 2156 2155 2151 2154 2157 2153 2151 2157 2154 2155 2157</p>
        </triangles>
      </mesh>
    </geometry>
  </library_geometries>

  <library_visual_scenes>
    <visual_scene id="ID1">
      <node id="ID2">
        <instance_geometry url="#ID3">
          <bind_material>
            <technique_common>
              <instance_material symbol="ID9" target="#ID9"/>
            </technique_common>
          </bind_material>
        </instance_geometry>
      </node>
    </visual_scene>
  </library_visual_scenes>

  <scene>
    <instance_visual_scene url="#ID1"/>
  </scene>

  <library_nodes/>

</COLLADA>
