<?xml version="1.0" encoding="UTF-8" standalone="no" ?>
<COLLADA version="1.4.1" xmlns="http://www.collada.org/2005/11/COLLADASchema">

  <asset>
    <contributor>
      <authoring_tool>ONSHAPE BY PTC INC, 1.202</authoring_tool>
    </contributor>
    <created>2025-08-08T11:05:24</created>
    <modified>2025-08-08T11:05:24</modified>
    <unit meter="1" name="meters"/>
    <up_axis>Z_UP</up_axis>
  </asset>

  <library_materials>
    <material id="ID9" name="ID9">
      <instance_effect url="#ID9-fx"/>
    </material>
  </library_materials>

  <library_effects>
    <effect id="ID9-fx" name="ID9">
      <profile_COMMON>
        <technique sid="COMMON">
          <lambert>
            <diffuse>
              <color sid="diffuse">0.772549 0.752941 0.733333 1</color>
            </diffuse>
            <transparent opaque="A_ONE">
              <color sid="transparent">1 1 1 1</color>
            </transparent>
            <transparency>
              <float sid="transparency">1</float>
            </transparency>
          </lambert>
        </technique>
        <extra>
          <technique profile="OTHER">
            <double_sided>1</double_sided>
          </technique>
        </extra>
      </profile_COMMON>
    </effect>
  </library_effects>

  <library_geometries>
    <geometry id="ID3">
      <mesh>
        <source id="ID4">
          <float_array count="10773" id="ID5">-0.0172613 0.005 -0.0393826 0.0393739 0.005 0.0172819 0.0378122 0.005 0.0204732 0.036001 0.005 -0.0235142 0.0235295 0.005 -0.03599 0.026414 0.005 -0.0339308 0.0204681 0.005 -0.037816 0.0393806 0.005 -0.0172671 0.0172848 0.005 -0.039372 0.0291322 0.005 -0.0316263 0.0316391 0.005 -0.0291197 0.0339403 0.005 -0.0264001 0.0378225 0.005 -0.0204539 0.0406731 0.005 -0.0139499 0.0416858 0.005 -0.010549 0.0139638 0.005 -0.0406695 0.0105686 0.005 -0.04168 0.00707848 0.005 -0.0424134 0.0424144 0.005 -0.00706552 0.0428535 0.005 -0.00354309 0.00356401 0.005 -0.0428512 0.0429989 0.005 1.14432e-05 0 0.005 -0.043 0.0416816 0.005 0.0105648 -0.00707848 0.005 -0.0424134 0.0424107 0.005 0.007088 0.0428521 0.005 0.00355944 0.035992 0.005 0.0235274 -0.0204612 0.005 -0.0378192 -0.0105434 0.005 -0.0416866 0.0406659 0.005 0.0139712 0.0291176 0.005 0.0316402 -0.0291143 0.005 -0.0316434 0.0316282 0.005 0.029131 -0.0264058 0.005 -0.0339363 0.0339274 0.005 0.0264169 -0.0359927 0.005 -0.0235254 0.0235138 0.005 0.0360007 0.0204548 0.005 0.0378226 0.0264016 0.005 0.0339397 -0.033926 0.005 -0.0264194 0.0172689 0.005 0.0393795 0.01395 0.005 0.0406735 -0.0393735 0.005 -0.0172812 0.00706476 0.005 0.0424149 0.00355001 0.005 0.0428531 -0.0424118 0.005 -0.00708633 0.0105533 0.005 0.0416845 -0.0406667 0.005 -0.0139711 -0.00709054 0.005 0.0424105 -0.042853 0.005 0.00353911 -0.00355137 0.005 0.0428531 -1.31135e-05 0.005 0.0429992 -0.0428511 0.005 -0.0035619 -0.0406721 0.005 0.0139557 -0.0139745 0.005 0.0406649 -0.017275 0.005 0.0393773 -0.0424145 0.005 0.00707019 -0.0105572 0.005 0.0416839 -0.0204771 0.005 0.0378101 -0.03782 0.005 0.0204606 -0.0393823 0.005 0.0172608 -0.0235214 0.005 0.0359964 -0.0291261 0.005 0.0316333 -0.033936 0.005 0.0264072 -0.0264211 0.005 0.033924 -0.0360044 0.005 0.0235073 -0.0316443 0.005 0.0291126 -0.0416861 0.005 0.0105437 -0.0429997 0.005 -8.20922e-06 -0.0416807 0.005 -0.0105657 -0.0378121 0.005 -0.0204746 -0.0316305 0.005 -0.029128 -0.0235085 0.005 -0.0360042 -0.0139588 0.005 -0.0406708 -0.00356401 0.005 -0.0428512 -0.00884785 0.24179 -0.0286654 -0.00538094 0.24179 -0.0244134 -0.00798418 0.24179 -0.0236908 0.0266917 0.24179 -0.013694 0.0279258 0.24179 -0.0109613 0.0232243 0.24179 -0.00925378 0.0240861 0.24179 -0.00669535 0.0288755 0.24179 -0.0081339 0.0220844 0.24179 -0.0117159 0.0251976 0.24179 -0.0162803 0.0295432 0.24179 -0.0052145 0.0246696 0.24179 -0.0040499 0.0214694 0.24179 -0.0209528 0.0190527 0.24179 -0.0161862 0.0171868 0.24179 -0.0181547 0.0234508 0.24179 -0.0187096 0.0206879 0.24179 -0.0140349 0.0249629 0.24179 -0.00135596 0.0299149 0.24179 -0.00224861 0.0299905 0.24179 0.00073975 0.0168916 0.24179 -0.0247919 0.0192815 0.24179 -0.022983 0.0151248 0.24179 -0.0199051 0.0128856 0.24179 -0.0214233 0.0104899 0.24179 -0.0226922 0.014345 0.24179 -0.0263477 0.008835 0.24179 -0.0286688 0.011646 0.24179 -0.0276469 0.00797953 0.24179 -0.023692 0.0297672 0.24179 0.00372955 0.0249632 0.24179 0.00134564 0.00536915 0.24179 -0.0244165 0.00270931 0.24179 -0.0248525 0.00594031 0.24179 -0.0294059 0.0246712 0.24179 0.00404055 0.0292493 0.24179 0.00666633 0.028439 0.24179 0.00955099 0.0273478 0.24179 0.012331 0.0232268 0.24179 0.00924629 0.0240896 0.24179 0.00668335 0.017193 0.24179 0.0181494 0.0224991 0.24179 0.0198433 0.0204069 0.24179 0.02199 -0.00270931 0.24179 -0.0248525 -0.00595052 0.24179 -0.0294032 -0.00299531 0.24179 -0.0298497 -0.014349 0.24179 -0.0263459 -0.0128934 0.24179 -0.021418 -0.0169067 0.24179 -0.0247816 0.0104989 0.24179 0.0226884 0.0128936 0.24179 0.0214183 0.0130212 0.24179 0.0270261 -0.019056 0.24179 -0.0161817 -0.0234596 0.24179 -0.0186976 -0.0214805 0.24179 -0.0209421 0.00448036 0.24179 0.0296628 0.00537847 0.24179 0.0244145 0.00740347 0.24179 0.0290721 -0.00446335 0.24179 0.0296657 -0.00270023 0.24179 0.0248537 -0.00148821 0.24179 0.0299623 -0.0130134 0.24179 0.0270305 -0.0104963 0.24179 0.0226898 -0.0102516 0.24179 0.0281934 -0.0232246 0.24179 -0.00925279 -0.0266998 0.24179 -0.0136777 -0.0220909 0.24179 -0.0117031 -0.0299163 0.24179 -0.00223742 -0.0249634 0.24179 -0.00135208 -0.0299897 0.24179 0.000757253 -0.0295448 0.24179 -0.00520196 -0.0246712 0.24179 -0.00403736 -0.0284353 0.24179 0.00956006 -0.0292455 0.24179 0.00668385 -0.0240879 0.24179 0.00669116 -0.0249626 0.24179 0.00136058 -0.0297671 0.24179 0.0037307 -0.0273426 0.24179 0.0123438 -0.0220855 0.24179 0.0117136 -0.0259756 0.24179 0.0150074 -0.022487 0.24179 0.019857 -0.0171914 0.24179 0.0181507 -0.0204019 0.24179 0.0219939 -0.0232211 0.24179 0.00926042 -0.0206895 0.24179 0.0140334 -0.024357 0.24179 0.0175139 -0.0246691 0.24179 0.00405034 -0.0190485 0.24179 0.0161902 -0.0156356 0.24179 0.0256024 -0.0181084 0.24179 0.023918 -0.0151245 0.24179 0.0199057 -0.0240901 0.24179 -0.00668218 -0.0288805 0.24179 -0.00811768 -0.0128822 0.24179 0.0214247 -0.0279268 0.24179 -0.0109581 -0.00740125 0.24179 0.0290725 -0.00536801 0.24179 0.0244163 -0.00797581 0.24179 0.0236932 -0.0206948 0.24179 -0.0140255 -0.0252024 0.24179 -0.0162738 0.00270738 0.24179 0.0248525 0.00150019 0.24179 0.0299623 7.6241e-06 0.24179 0.0249995 -0.0192868 0.24179 -0.022978 -0.015132 0.24179 -0.0199002 -0.0171978 0.24179 -0.0181442 0.0102686 0.24179 0.0281873 0.00798976 0.24179 0.0236883 -0.0116612 0.24179 -0.02764 -0.0105037 0.24179 -0.0226859 0.0151349 0.24179 0.0198973 0.0181207 0.24179 0.023908 0.0156482 0.24179 0.0255954 0.0243598 0.24179 0.0175093 0.0206954 0.24179 0.0140239 0.0259841 0.24179 0.0149936 0.0190582 0.24179 0.0161793 0.00299531 0.24179 -0.0298497 0 0.24179 -0.025 0 0.24179 -0.03 0.0220889 0.24179 0.0117081 -0.0204612 0 -0.0378192 -0.0393735 0 -0.0172812 -0.0172613 0 -0.0393826 0.0406731 0 -0.0139499 0.0393806 0 -0.0172671 -0.0139745 0 0.0406649 -0.0264058 0 -0.0339363 -0.0316305 0 -0.029128 -0.0359927 0 -0.0235254 -0.0235085 0 -0.0360042 -0.033926 0 -0.0264194 -0.0291143 0 -0.0316434 -0.0139588 0 -0.0406708 -0.0378121 0 -0.0204746 -0.0416807 0 -0.0105657 -0.0406667 0 -0.0139711 -0.0105434 0 -0.0416866 -0.00707848 0 -0.0424134 -0.0424118 0 -0.00708633 -0.0428511 0 -0.0035619 -0.00356401 0 -0.0428512 -0.0429997 0 -8.20922e-06 0 -5.20417e-18 -0.043 -0.0416861 0 0.0105437 0.00707848 0 -0.0424134 -0.0424145 0 0.00707019 -0.042853 0 0.00353911 0.0172848 0 -0.039372 -0.0393823 0 0.0172608 -0.03782 0 0.0204606 0.0105686 0 -0.04168 -0.0406721 0 0.0139557 -0.033936 0 0.0264072 -0.0316443 0 0.0291126 0.026414 0 -0.0339308 -0.0360044 0 0.0235073 0.0204681 0 -0.037816 -0.0235214 0 0.0359964 0.0339403 0 -0.0264001 -0.0264211 0 0.033924 -0.0291261 0 0.0316333 0.0291322 0 -0.0316263 -0.017275 0 0.0393773 0.036001 0 -0.0235142 -0.0204771 0 0.0378101 -0.00709054 0 0.0424105 -0.00355137 0 0.0428531 0.0424144 0 -0.00706552 -0.0105572 0 0.0416839 0.00706476 0 0.0424149 0.0428521 0 0.00355944 0.00355001 0 0.0428531 -1.31135e-05 0 0.0429992 0.0428535 0 -0.00354309 0.0406659 0 0.0139712 0.01395 0 0.0406735 0.0172689 0 0.0393795 0.0424107 0 0.007088 0.0105533 0 0.0416845 0.0204548 0 0.0378226 0.0378122 0 0.0204732 0.0393739 0 0.0172819 0.0291176 0 0.0316402 0.0339274 0 0.0264169 0.0235138 0 0.0360007 0.0316282 0 0.029131 0.0264016 0 0.0339397 0.035992 0 0.0235274 0.0416816 0 0.0105648 0.0429989 0 1.14432e-05 0.0416858 0 -0.010549 0.0378225 0 -0.0204539 0.0316391 0 -0.0291197 0.0235295 0 -0.03599 0.0139638 0 -0.0406695 0.00356401 0 -0.0428512 0.044694 0.0022918 0.0225342 0.0459725 0.00351472 0.0231789 0.0478594 0.0022918 0.0146568 0.040072 0.00014774 0.0202039 0.0375533 0.000587322 0.0277742 0.041707 0.000587322 0.0210282 0.0503978 0.00494658 0.0154342 0.0470645 0.00494658 0.0237294 0.047943 0.00655211 0.0241724 0.0355122 0.012 0.0419968 0.0379544 0.0101228 0.0396009 0.0307159 0.0101228 0.0454456 0.0492285 0.00351472 0.0150761 0.0510683 0.00351472 0.00653955 0.035992 0 0.0235274 0.0378122 0 0.0204732 0.049648 0.0022918 0.00635768 0.0522813 0.00494658 0.00669488 0.0513386 0.00655211 0.0157223 0.0514389 0.00351472 -0.0021851 0.0500083 0.0022918 -0.00212433 0.0463299 0.000587322 0.00593277 0.0463243 0.00130792 0.0141866 0.0480555 0.00130792 0.00615374 0.0526607 0.00494658 -0.002237 0.0532572 0.00655211 0.00681985 0.0503297 0.00351472 -0.0108469 0.0536437 0.00655211 -0.00227876 0.0515252 0.00494658 -0.0111045 0.0484042 0.00130792 -0.00205619 0.0466661 0.000587322 -0.00198235 0.04893 0.0022918 -0.0105452 0.0477726 0.00351472 -0.0191966 0.048979 0.0101228 0.0246947 0.0501017 0.012 0.0226889 0.0524479 0.0101228 0.016062 0.0473605 0.00130792 -0.010207 0.0456599 0.000587322 -0.00984045 0.0489074 0.00494658 -0.0196526 0.0438412 0.00351472 -0.0269941 0.046444 0.0022918 -0.0186627 0.04334 0.000587322 -0.0174155 0.0449543 0.00130792 -0.0180641 0.052487 0.00655211 -0.0113118 0.0448826 0.00494658 -0.0276353 0.0386486 0.00351472 -0.034015 0.0426219 0.0022918 -0.0262434 0.0412548 0.00130792 -0.0254016 0.0397734 0.000587322 -0.0244895 0.0498203 0.00655211 -0.0200194 0.0323441 0.00351472 -0.0400574 0.0395666 0.00494658 -0.034823 0.0457204 0.00655211 -0.0281511 0.0363685 0.00130792 -0.0320083 0.0350626 0.000587322 -0.0308589 0.0375737 0.0022918 -0.033069 0.0251091 0.00351472 -0.0449474 0.0331123 0.00494658 -0.0410089 0.0403052 0.00655211 -0.035473 0.029343 0.000587322 -0.0363407 0.0304359 0.00130792 -0.0376942 0.0314446 0.0022918 -0.0389434 0.0257055 0.00494658 -0.046015 0.0171518 0.00351472 -0.0485443 0.0523122 0.012 -0.0169792 0.0508968 0.0101228 -0.020452 0.0536211 0.0101228 -0.0115562 0.0337304 0.00655211 -0.0417744 0.0244108 0.0022918 -0.0436973 0.0261854 0.00655211 -0.0468739 0.0175592 0.00494658 -0.0496974 0.0336881 0.00014774 -0.0296492 0.0281928 0.00014774 -0.0349161 0.0166748 0.0022918 -0.0471942 0.00870105 0.00351472 -0.0507447 0.00890773 0.00494658 -0.05195 0.017887 0.00655211 -0.050625 0.0218864 0.00014774 -0.0391784 0.0411761 0.0101228 -0.0362395 0.0370647 0.012 -0.0406331 0.0344593 0.0101228 -0.042677 0.00845907 0.0022918 -0.0493334 0.00407894 0.012 -0.0548473 7.67331e-17 0.012 -0.055 -1.34349e-17 0.0101228 -0.0548523 0.00907401 0.00655211 -0.0529198 -1.29098e-17 0.00494658 -0.0527082 0.0267512 0.0101228 -0.0478868 0.0306754 0.012 -0.0456497 -1.31508e-17 0.00655211 -0.0536921 0.00919579 0.0082918 -0.05363 0.00927008 0.0101228 -0.0540633 0.00810722 0.012 -0.0543991 0.0121124 0.012 -0.0536482 0.0160367 0.012 -0.0526097 -1.33273e-17 0.0082918 -0.0544127 0.0272092 0.012 -0.0477976 0.0339532 0.012 -0.0432687 -1.26103e-17 0.00351472 -0.0514853 0.0236147 0.012 -0.0496716 0.0182735 0.0101228 -0.051719 0.0149504 0.00014774 -0.0423137 0.0227794 0.000587322 -0.0407769 -5.67159e-17 0.0022918 -0.0500534 0.0155604 0.000587322 -0.0440401 0.00758429 0.00014774 -0.0442317 -5.48967e-17 0.00130792 -0.0484479 -5.29254e-17 0.000587322 -0.0467082 0.00818773 0.00130792 -0.047751 0.00789373 0.000587322 -0.0460364 -5.08507e-17 0.00014774 -0.0448772 0.00356401 0 -0.0428512 0 -5.20417e-18 -0.043 0.0360812 0.00014774 0.0266855 0.0323192 0.000587322 0.0337213 0.041394 0.00351472 0.0306149 0.0402428 0.0022918 0.0297634 0.0423772 0.00494658 0.031342 0.0431683 0.00655211 0.0319271 0.0371516 0.00655211 0.0387633 0.0364709 0.00494658 0.038053 0.0346339 0.0022918 0.0361364 0.0356247 0.00351472 0.0371701 0.0261554 0.000587322 0.0386982 0.0310523 0.00014774 0.0323994 0.0046518 0.0101228 0.0546547 0.0100891 0.012 0.0540654 0.0138216 0.0101228 0.0530823 0.0280287 0.0022918 0.0414697 0.0288305 0.00351472 0.0426561 0.0251301 0.00014774 0.0371812 0.0192392 0.000587322 0.0425618 0.0295153 0.00494658 0.0436693 0.0300662 0.00655211 0.0444844 0.0206171 0.0022918 0.0456101 0.0212069 0.00351472 0.0469149 0.018485 0.00014774 0.0408934 0.0117694 0.000587322 0.0452011 0.0135292 0.00655211 0.0519596 0.0217106 0.00494658 0.0480292 0.0132813 0.00494658 0.0510075 0.0221158 0.00655211 0.0489257 0.0113081 0.00014774 0.0434292 0.00396113 0.000587322 0.0465399 0.00446997 0.00494658 0.0525183 0.00455341 0.00655211 0.0534987 0.0126124 0.0022918 0.0484383 0.0129732 0.00351472 0.049824 0.00436626 0.00351472 0.0512998 -0.00446997 0.00494658 0.0525183 -0.0307159 0.0101228 0.0454456 -0.0289621 0.012 0.0467564 -0.0225937 0.0101228 0.0499829 0.00424483 0.0022918 0.0498731 -0.00436626 0.00351472 0.0512998 -0.00424483 0.0022918 0.0498731 -0.00455341 0.00655211 0.0534987 -0.0132813 0.00494658 0.0510075 -0.0135292 0.00655211 0.0519596 -0.0126124 0.0022918 0.0484383 -0.0129732 0.00351472 0.049824 -0.0217106 0.00494658 0.0480292 -0.0251301 0.00014774 0.0371812 -0.0261554 0.000587322 0.0386982 -0.018485 0.00014774 0.0408934 -0.0221158 0.00655211 0.0489257 -0.0206171 0.0022918 0.0456101 -0.0212069 0.00351472 0.0469149 -0.0310523 0.00014774 0.0323994 -0.0323192 0.000587322 0.0337213 -0.046227 0.012 0.0297979 -0.0441011 0.0101228 0.032617 -0.048979 0.0101228 0.0246947 -0.0280287 0.0022918 0.0414697 -0.0288305 0.00351472 0.0426561 -0.0375533 0.000587322 0.0277742 -0.0360812 0.00014774 0.0266855 -0.0300662 0.00655211 0.0444844 -0.0295153 0.00494658 0.0436693 -0.0346339 0.0022918 0.0361364 -0.0356247 0.00351472 0.0371701 -0.033523 0.00130792 0.0349772 -0.038952 0.00130792 0.0288087 -0.0364709 0.00494658 0.038053 -0.0371516 0.00655211 0.0387633 -0.0423772 0.00494658 0.031342 -0.0431683 0.00655211 0.0319271 -0.0432604 0.00130792 0.0218114 -0.041394 0.00351472 0.0306149 -0.0402428 0.0022918 0.0297634 -0.0459725 0.00351472 0.0231789 -0.044694 0.0022918 0.0225342 -0.0470645 0.00494658 0.0237294 -0.047943 0.00655211 0.0241724 -0.0548028 0.0101228 -0.002328 -0.0536211 0.0101228 -0.0115562 -0.0542388 0.012 -0.00911648 -0.0478594 0.0022918 0.0146568 -0.0492285 0.00351472 0.0150761 -0.041707 0.000587322 0.0210282 -0.0463243 0.00130792 0.0141866 -0.0513386 0.00655211 0.0157223 -0.0503978 0.00494658 0.0154342 -0.0532572 0.00655211 0.00681985 -0.0522813 0.00494658 0.00669488 -0.0480555 0.00130792 0.00615374 -0.0446608 0.000587322 0.0136772 -0.0510683 0.00351472 0.00653955 -0.049648 0.0022918 0.00635768 -0.0526607 0.00494658 -0.002237 -0.0536437 0.00655211 -0.00227876 -0.0463299 0.000587322 0.00593277 -0.0484042 0.00130792 -0.00205619 -0.0500083 0.0022918 -0.00212433 -0.0514389 0.00351472 -0.0021851 -0.04263 0.012 -0.0347513 -0.0467083 0.0101228 -0.0287594 -0.0411761 0.0101228 -0.0362395 -0.0473605 0.00130792 -0.010207 -0.0466661 0.000587322 -0.00198235 -0.0503297 0.00351472 -0.0108469 -0.04893 0.0022918 -0.0105452 -0.0515252 0.00494658 -0.0111045 -0.052487 0.00655211 -0.0113118 -0.0382143 0.00014774 -0.0235294 -0.0350626 0.000587322 -0.0308589 -0.0397734 0.000587322 -0.0244895 -0.0498203 0.00655211 -0.0200194 -0.0489074 0.00494658 -0.0196526 -0.0403052 0.00655211 -0.035473 -0.0457204 0.00655211 -0.0281511 -0.0448826 0.00494658 -0.0276353 -0.0182735 0.0101228 -0.051719 -0.0120848 0.012 -0.0536554 -0.0160118 0.012 -0.0526162 -0.0370426 0.012 -0.0406544 -0.0344593 0.0101228 -0.042677 -0.0306476 0.012 -0.0456685 -0.0267512 0.0101228 -0.0478868 -0.0235856 0.012 -0.0496847 -0.0456599 0.000587322 -0.00984045 -0.0449543 0.00130792 -0.0180641 -0.0257055 0.00494658 -0.046015 -0.017887 0.00655211 -0.050625 -0.0261854 0.00655211 -0.0468739 -0.04334 0.000587322 -0.0174155 -0.0416411 0.00014774 -0.0167328 -0.00919579 0.0082918 -0.05363 -0.00927008 0.0101228 -0.0540633 -0.018127 0.0082918 -0.0513045 -0.00407894 0.012 -0.0548473 -0.00810722 0.012 -0.0543991 -0.046444 0.0022918 -0.0186627 -0.0477726 0.00351472 -0.0191966 -0.0438412 0.00351472 -0.0269941 -0.0386486 0.00351472 -0.034015 -0.0395666 0.00494658 -0.034823 -0.0412548 0.00130792 -0.0254016 -0.0363685 0.00130792 -0.0320083 -0.0172613 0 -0.0393826 -0.0149504 0.00014774 -0.0423137 -0.0218864 0.00014774 -0.0391784 -0.0426219 0.0022918 -0.0262434 -0.0375737 0.0022918 -0.033069 -0.0304359 0.00130792 -0.0376942 -0.029343 0.000587322 -0.0363407 -0.0336881 0.00014774 -0.0296492 -0.0281928 0.00014774 -0.0349161 -0.0227794 0.000587322 -0.0407769 -0.00707848 0 -0.0424134 -0.00758429 0.00014774 -0.0442317 -0.0105434 0 -0.0416866 -0.0155604 0.000587322 -0.0440401 -0.00789373 0.000587322 -0.0460364 -0.00356401 0 -0.0428512 0.0198789 0.012 -0.0512805 0.0399599 0.012 -0.0377913 0.018127 0.0082918 -0.0513045 0.0509107 0.012 -0.0208111 0.0492404 0.012 -0.0245005 0.0161399 0.00130792 -0.0456804 0.0105686 0 -0.04168 0.00707848 0 -0.0424134 0.045093 0.012 -0.031489 0.0426438 0.012 -0.0347326 0.0265368 0.0082918 -0.047503 0.0467083 0.0101228 -0.0287594 0.0236278 0.00130792 -0.0422957 0.0172848 0 -0.039372 0.0139638 0 -0.0406695 0.047292 0.012 -0.0280781 0.0341831 0.0082918 -0.042335 0.0235295 0 -0.03599 0.0204681 0 -0.037816 0.053422 0.012 -0.0130794 0.0408461 0.0082918 -0.0359491 0.054408 0.0101228 0.00696721 0.0538629 0.012 0.0111201 0.0545402 0.012 0.00709596 0.0339403 0 -0.0264001 0.0382143 0.00014774 -0.0235294 0.0291322 0 -0.0316263 0.026414 0 -0.0339308 0.054766 0.012 -0.00506274 0.0542422 0.012 -0.00909021 0.046334 0.0082918 -0.028529 0.0548028 0.0101228 -0.002328 0.0378225 0 -0.0204539 0.0416411 0.00014774 -0.0167328 0.0316391 0 -0.0291197 0.0549897 0.012 -0.00100628 0.0549138 0.012 0.00306312 0.0504889 0.0082918 -0.0202881 0.0406731 0 -0.0139499 0.04387 0.00014774 -0.0094547 0.036001 0 -0.0235142 0.0528989 0.012 0.0150564 0.0531914 0.0082918 -0.0114636 0.0424144 0 -0.00706552 0.0448368 0.00014774 -0.00190464 0.0393806 0 -0.0172671 0.0516374 0.012 0.018932 0.0543637 0.0082918 -0.00230934 0.0385276 0.012 0.0392507 0.0413113 0.012 0.0363078 0.0429989 0 1.14432e-05 0.0445137 0.00014774 0.00570021 0.0416858 0 -0.010549 0.0482874 0.012 0.0263284 0.0462105 0.012 0.0298247 0.053972 0.0082918 0.00691138 0.0441011 0.0101228 0.032617 0.0424107 0 0.007088 0.0429101 0.00014774 0.0131411 0.0428535 0 -0.00354309 0.0438876 0.012 0.0331484 0.0520276 0.0082918 0.0159333 0.0406659 0 0.0139712 0.0446608 0.000587322 0.0136772 0.0428521 0 0.00355944 0.0323211 0.012 0.0445008 0.0485865 0.0082918 0.0244968 0.0140703 0.012 0.0531698 0.017944 0.012 0.0519895 0.0432604 0.00130792 0.0218114 0.0393739 0 0.0172819 0.0416816 0 0.0105648 0.0254093 0.012 0.0487781 0.028941 0.012 0.0467682 0.0437476 0.0082918 0.0323556 0.0225937 0.0101228 0.0499829 0.038952 0.00130792 0.0288087 0.033523 0.00130792 0.0349772 0.0217421 0.012 0.0505191 0.0376502 0.0082918 0.0392836 0.0271296 0.00130792 0.0401395 0.0316282 0 0.029131 0.0339274 0 0.0264169 0.00607923 0.012 0.0546629 0.0304697 0.0082918 0.0450814 -0.0138216 0.0101228 0.0530823 -0.0179754 0.012 0.0519784 -0.0140732 0.012 0.0531688 0.0199557 0.00130792 0.0441471 0.0264016 0 0.0339397 0.0291176 0 0.0316402 -0.00204395 0.012 0.0549616 0.00201676 0.012 0.0549616 0.0224126 0.0082918 0.0495824 -0.0046518 0.0101228 0.0546547 0.0122078 0.00130792 0.0468846 0.0204548 0 0.0378226 0.0235138 0 0.0360007 -0.00609636 0.012 0.0546599 -0.0101211 0.012 0.0540599 0.0137108 0.0082918 0.0526569 0.00410867 0.00130792 0.0482734 0.01395 0 0.0406735 0.0172689 0 0.0393795 -0.0217541 0.012 0.0505149 0.00461452 0.0082918 0.0542167 0.00380585 0.00014774 0.0447155 -0.00380585 0.00014774 0.0447155 -0.00396113 0.000587322 0.0465399 -0.00410867 0.00130792 0.0482734 0.00706476 0 0.0424149 0.0105533 0 0.0416845 -0.0254352 0.012 0.0487637 -0.00461452 0.0082918 0.0542167 -0.0438925 0.012 0.0331428 -0.0413335 0.012 0.0362826 -0.0113081 0.00014774 0.0434292 -0.0117694 0.000587322 0.0452011 -1.31135e-05 0 0.0429992 0.00355001 0 0.0428531 -0.0323378 0.012 0.0444873 -0.0355364 0.012 0.0419773 -0.0137108 0.0082918 0.0526569 -0.0379544 0.0101228 0.0396009 -0.0192392 0.000587322 0.0425618 -0.0122078 0.00130792 0.0468846 -0.00709054 0 0.0424105 -0.00355137 0 0.0428531 -0.0385334 0.012 0.0392441 -0.0224126 0.0082918 0.0495824 -0.0199557 0.00130792 0.0441471 -0.0139745 0 0.0406649 -0.0105572 0 0.0416839 -0.0482982 0.012 0.0263109 -0.0304697 0.0082918 0.0450814 -0.054408 0.0101228 0.00696721 -0.0545405 0.012 0.00709443 -0.0538699 0.012 0.0110877 -0.0271296 0.00130792 0.0401395 -0.0204771 0 0.0378101 -0.017275 0 0.0393773 -0.0516483 0.012 0.018905 -0.050111 0.012 0.0226658 -0.0376502 0.0082918 0.0392836 -0.0524479 0.0101228 0.016062 -0.0264211 0 0.033924 -0.0235214 0 0.0359964 -0.0529018 0.012 0.0150428 -0.0437476 0.0082918 0.0323556 -0.0360044 0 0.0235073 -0.040072 0.00014774 0.0202039 -0.0316443 0 0.0291126 -0.0291261 0 0.0316333 -0.0549152 0.012 0.00303038 -0.0549904 0.012 -0.00102254 -0.0485865 0.0082918 0.0244968 -0.0508968 0.0101228 -0.020452 -0.0492254 0.012 -0.0245303 -0.0509086 0.012 -0.0208152 -0.0393823 0 0.0172608 -0.0429101 0.00014774 0.0131411 -0.033936 0 0.0264072 -0.0547625 0.012 -0.00509037 -0.0520276 0.0082918 0.0159333 -0.0416861 0 0.0105437 -0.0445137 0.00014774 0.00570021 -0.03782 0 0.0204606 -0.0534166 0.012 -0.0130971 -0.0523027 0.012 -0.01701 -0.053972 0.0082918 0.00691138 -0.042853 0 0.00353911 -0.0448368 0.00014774 -0.00190464 -0.0406721 0 0.0139557 -0.0472868 0.012 -0.0280883 -0.0543637 0.0082918 -0.00230934 -0.0428511 0 -0.0035619 -0.04387 0.00014774 -0.0094547 -0.0424145 0 0.00707019 -0.045075 0.012 -0.0315133 -0.0531914 0.0082918 -0.0114636 -0.0272042 0.012 -0.0478009 -0.0416807 0 -0.0105657 -0.0429997 0 -8.20922e-06 -0.0399437 0.012 -0.0378068 -0.0504889 0.0082918 -0.0202881 -0.0393735 0 -0.0172812 -0.0378121 0 -0.0204746 -0.0406667 0 -0.0139711 -0.0424118 0 -0.00708633 -0.0339448 0.012 -0.0432744 -0.046334 0.0082918 -0.028529 -0.0198611 0.012 -0.0512886 -0.0408461 0.0082918 -0.0359491 -0.0161399 0.00130792 -0.0456804 -0.033926 0 -0.0264194 -0.0359927 0 -0.0235254 -0.0337304 0.00655211 -0.0417744 -0.0341831 0.0082918 -0.042335 -0.0331123 0.00494658 -0.0410089 -0.0323441 0.00351472 -0.0400574 -0.0314446 0.0022918 -0.0389434 -0.0236278 0.00130792 -0.0422957 -0.0291143 0 -0.0316434 -0.0316305 0 -0.029128 -0.0265368 0.0082918 -0.047503 -0.0251091 0.00351472 -0.0449474 -0.0244108 0.0022918 -0.0436973 -0.0235085 0 -0.0360042 -0.0264058 0 -0.0339363 -0.0175592 0.00494658 -0.0496974 -0.0171518 0.00351472 -0.0485443 -0.0166748 0.0022918 -0.0471942 -0.0139588 0 -0.0406708 -0.0204612 0 -0.0378192 -0.00907401 0.00655211 -0.0529198 -0.00890773 0.00494658 -0.05195 -0.00870105 0.00351472 -0.0507447 -0.00845907 0.0022918 -0.0493334 -0.00818773 0.00130792 -0.047751 0.00201676 0.012 0.0549616 -0.00204395 0.187 0.0549616 0.00201676 0.187 0.0549616 0.00607923 0.187 0.0546629 0.00607923 0.012 0.0546629 0.0100891 0.187 0.0540654 0.0100891 0.012 0.0540654 0.0140703 0.012 0.0531698 0.0140703 0.187 0.0531698 0.017944 0.187 0.0519895 0.017944 0.012 0.0519895 0.0217421 0.187 0.0505191 0.0217421 0.012 0.0505191 0.0254093 0.012 0.0487781 0.0254093 0.187 0.0487781 0.028941 0.187 0.0467682 0.028941 0.012 0.0467682 0.0323211 0.187 0.0445008 0.0323211 0.012 0.0445008 0.0355122 0.012 0.0419968 0.0355122 0.187 0.0419968 0.0385276 0.187 0.0392507 0.0385276 0.012 0.0392507 0.0413113 0.187 0.0363078 0.0413113 0.012 0.0363078 0.0438876 0.012 0.0331484 0.0438876 0.187 0.0331484 0.0462105 0.187 0.0298247 0.0462105 0.012 0.0298247 0.0482874 0.187 0.0263284 0.0482874 0.012 0.0263284 0.0501017 0.012 0.0226889 0.0501017 0.187 0.0226889 0.0516374 0.187 0.018932 0.0516374 0.012 0.018932 0.0528989 0.187 0.0150564 0.0528989 0.012 0.0150564 0.0538629 0.012 0.0111201 0.0538629 0.187 0.0111201 0.0545402 0.187 0.00709596 0.0545402 0.012 0.00709596 0.0549138 0.187 0.00306312 0.0549138 0.012 0.00306312 0.0549897 0.012 -0.00100628 0.0549897 0.187 -0.00100628 0.054766 0.187 -0.00506274 0.054766 0.012 -0.00506274 0.0542422 0.187 -0.00909021 0.0542422 0.012 -0.00909021 0.053422 0.012 -0.0130794 0.053422 0.187 -0.0130794 0.0523122 0.187 -0.0169792 0.0523122 0.012 -0.0169792 0.0509107 0.187 -0.0208111 0.0509107 0.012 -0.0208111 0.0492404 0.012 -0.0245005 0.0492404 0.187 -0.0245005 0.047292 0.187 -0.0280781 0.047292 0.012 -0.0280781 0.045093 0.187 -0.031489 0.045093 0.012 -0.031489 0.0426438 0.012 -0.0347326 0.0426438 0.187 -0.0347326 0.0399599 0.187 -0.0377913 0.0399599 0.012 -0.0377913 0.0370647 0.187 -0.0406331 0.0370647 0.012 -0.0406331 0.0339532 0.012 -0.0432687 0.0339532 0.187 -0.0432687 0.0306754 0.187 -0.0456497 0.0306754 0.012 -0.0456497 0.0272092 0.187 -0.0477976 0.0272092 0.012 -0.0477976 0.0236147 0.012 -0.0496716 0.0236147 0.187 -0.0496716 0.0198789 0.187 -0.0512805 0.0198789 0.012 -0.0512805 0.0160367 0.187 -0.0526097 0.0160367 0.012 -0.0526097 0.0121124 0.012 -0.0536482 0.0121124 0.187 -0.0536482 0.00810722 0.187 -0.0543991 0.00810722 0.012 -0.0543991 0.00407894 0.187 -0.0548473 0.00407894 0.012 -0.0548473 7.67331e-17 0.012 -0.055 0 0.187 -0.055 -0.00204395 0.012 0.0549616 -0.00609636 0.187 0.0546599 -0.00609636 0.012 0.0546599 -0.0101211 0.012 0.0540599 -0.0101211 0.187 0.0540599 -0.0140732 0.012 0.0531688 -0.0140732 0.187 0.0531688 -0.0179754 0.187 0.0519784 -0.0179754 0.012 0.0519784 -0.0217541 0.012 0.0505149 -0.0217541 0.187 0.0505149 -0.0254352 0.012 0.0487637 -0.0254352 0.187 0.0487637 -0.0289621 0.187 0.0467564 -0.0289621 0.012 0.0467564 -0.0323378 0.012 0.0444873 -0.0323378 0.187 0.0444873 -0.0355364 0.012 0.0419773 -0.0355364 0.187 0.0419773 -0.0385334 0.187 0.0392441 -0.0385334 0.012 0.0392441 -0.0413335 0.012 0.0362826 -0.0413335 0.187 0.0362826 -0.0438925 0.012 0.0331428 -0.0438925 0.187 0.0331428 -0.046227 0.187 0.0297979 -0.046227 0.012 0.0297979 -0.0482982 0.012 0.0263109 -0.0482982 0.187 0.0263109 -0.050111 0.012 0.0226658 -0.050111 0.187 0.0226658 -0.0516483 0.187 0.018905 -0.0516483 0.012 0.018905 -0.0529018 0.012 0.0150428 -0.0529018 0.187 0.0150428 -0.0538699 0.012 0.0110877 -0.0538699 0.187 0.0110877 -0.0545405 0.187 0.00709443 -0.0545405 0.012 0.00709443 -0.0549152 0.012 0.00303038 -0.0549152 0.187 0.00303038 -0.0549904 0.012 -0.00102254 -0.0549904 0.187 -0.00102254 -0.0547625 0.187 -0.00509037 -0.0547625 0.012 -0.00509037 -0.0542388 0.012 -0.00911648 -0.0542388 0.187 -0.00911648 -0.0534166 0.012 -0.0130971 -0.0534166 0.187 -0.0130971 -0.0523027 0.187 -0.01701 -0.0523027 0.012 -0.01701 -0.0509086 0.012 -0.0208152 -0.0509086 0.187 -0.0208152 -0.0492254 0.012 -0.0245303 -0.0492254 0.187 -0.0245303 -0.0472868 0.187 -0.0280883 -0.0472868 0.012 -0.0280883 -0.045075 0.012 -0.0315133 -0.045075 0.187 -0.0315133 -0.04263 0.012 -0.0347513 -0.04263 0.187 -0.0347513 -0.0399437 0.187 -0.0378068 -0.0399437 0.012 -0.0378068 -0.0370426 0.012 -0.0406544 -0.0370426 0.187 -0.0406544 -0.0339448 0.012 -0.0432744 -0.0339448 0.187 -0.0432744 -0.0306476 0.187 -0.0456685 -0.0306476 0.012 -0.0456685 -0.0272042 0.012 -0.0478009 -0.0272042 0.187 -0.0478009 -0.0235856 0.012 -0.0496847 -0.0235856 0.187 -0.0496847 -0.0198611 0.187 -0.0512886 -0.0198611 0.012 -0.0512886 -0.0160118 0.012 -0.0526162 -0.0160118 0.187 -0.0526162 -0.0120848 0.012 -0.0536554 -0.0120848 0.187 -0.0536554 -0.00810722 0.187 -0.0543991 -0.00810722 0.012 -0.0543991 -0.00407894 0.012 -0.0548473 -0.00407894 0.187 -0.0548473 0.0340596 0.20106 0.0355371 0.0376811 0.203099 0.0278688 0.0395754 0.20106 0.0292698 0.0302584 0.193136 0.0447688 0.0306627 0.190106 0.045367 0.0225546 0.190106 0.0498965 0.0182156 0.204746 0.0402975 0.0247639 0.204746 0.0366394 0.0193047 0.203099 0.0427068 0.0439528 0.20106 0.0221605 0.041849 0.203099 0.0210998 0.0170343 0.205963 0.0376842 0.0179398 0.20672 0.0338753 0.023158 0.205963 0.0342633 0.0373891 0.193136 0.0390111 0.0378887 0.190106 0.0395324 0.0305998 0.204746 0.0319272 0.0262445 0.203099 0.03883 0.0355553 0.204746 0.0262966 0.0324293 0.203099 0.0338361 0.0286154 0.205963 0.0298568 0.0236241 0.20672 0.0301874 0.0355122 0.187 0.0419968 0.0470657 0.20106 0.0144137 0.0448129 0.203099 0.0137238 0.0285701 0.20672 0.0255564 0.0332496 0.205963 0.0245913 0.0394881 0.204746 0.0199095 0.0440248 0.190106 0.0325605 0.0413113 0.187 0.0363078 0.0464877 0.203099 0.00595298 0.0488247 0.20106 0.00625224 0.0326234 0.20672 0.0201271 0.0369273 0.205963 0.0186183 0.0482495 0.193136 0.0243269 0.0488943 0.190106 0.024652 0.0422848 0.204746 0.0129496 0.046825 0.203099 -0.0019891 0.049179 0.20106 -0.0020891 0.043865 0.204746 0.00561714 0.0523572 0.190106 0.0160342 0.0516668 0.193136 0.0158228 0.0458153 0.203099 -0.00987396 0.0481186 0.20106 -0.0103703 0.0356575 0.20672 0.0140691 0.0395426 0.205963 0.0121098 0.0441834 0.204746 -0.00187689 0.0471924 0.196018 0.0237939 0.0489886 0.198681 0.0150026 0.0505348 0.196018 0.0154761 0.0456738 0.20106 -0.0183532 0.0434876 0.203099 -0.0174748 0.0543138 0.190106 0.00695516 0.0538629 0.187 0.0111201 0.0528038 0.196018 -0.00224308 0.0516652 0.196018 -0.0111347 0.0539866 0.193136 -0.00229332 0.0375775 0.20672 0.00757168 0.0410204 0.205963 0.00525287 0.0419151 0.20106 -0.0258082 0.0399088 0.203099 -0.0245728 0.0432306 0.204746 -0.00931692 0.0383237 0.20672 0.000837855 0.0413181 0.205963 -0.00175517 0.0528225 0.193136 -0.0113841 0.0535283 0.190106 -0.0115362 0.054708 0.190106 -0.00232397 0.0436275 0.198681 -0.0268625 0.0490402 0.196018 -0.019706 0.0475398 0.198681 -0.0191031 0.0410342 0.204746 -0.0164889 0.0378727 0.20672 -0.00592205 0.0404272 0.205963 -0.00871272 0.0369506 0.20106 -0.0325206 0.035182 0.203099 -0.030964 0.0508088 0.190106 -0.0204166 0.0523122 0.187 -0.0169792 0.0376574 0.204746 -0.0231866 0.0383732 0.205963 -0.0154196 0.0362388 0.20672 -0.0124969 0.029443 0.203099 -0.0364644 0.0309231 0.20106 -0.0382975 0.0228569 0.203099 -0.0409158 0.024006 0.20106 -0.0429727 0.0460127 0.193136 -0.0283311 0.0450045 0.196018 -0.0277104 0.0396741 0.196018 -0.0349176 0.0411048 0.190106 -0.0361768 0.0466275 0.190106 -0.0287097 0.0405628 0.193136 -0.0356998 0.0331971 0.204746 -0.0292172 0.0156134 0.203099 -0.0441901 0.0163983 0.20106 -0.0464116 0.0334729 0.20672 -0.0186813 0.0352153 0.205963 -0.0216829 0.0339461 0.193136 -0.0420414 0.0343997 0.190106 -0.0426032 0.0277819 0.204746 -0.0344072 0.0215674 0.204746 -0.0386075 0.0296615 0.20672 -0.0242822 0.0310443 0.205963 -0.0273225 0.00831879 0.20106 -0.0485153 0.00792061 0.203099 -0.0461931 0.0370647 0.187 -0.0406331 2.38898e-17 0.20672 -0.0383333 -9.94764e-18 0.206196 -0.0406143 0.0033993 0.20672 -0.0381816 0.0147325 0.204746 -0.0416971 0.0267049 0.190106 -0.0478039 0.0306754 0.187 -0.0456497 0.0222464 0.20672 -0.0312165 0.0201688 0.205963 -0.0361038 0.0259803 0.205963 -0.032176 -1.14792e-17 0.203099 -0.0468673 -1.19186e-17 0.201607 -0.0486613 0.006748 0.20672 -0.0377347 0.00698909 0.205963 -0.0407605 0.0164024 0.20672 -0.0346459 0.0137771 0.205963 -0.0389931 0.0100461 0.20672 -0.0369926 0.0132852 0.20672 -0.0359575 0.0273954 0.20672 -0.0268116 0.0249238 0.20672 -0.0291246 -1.04851e-17 0.205412 -0.0428086 -1.09986e-17 0.204375 -0.0449052 0.00747376 0.204746 -0.0435871 0.0194076 0.20672 -0.0330573 0.0182419 0.190106 -0.0516295 0.0180013 0.193136 -0.0509487 -1.23131e-17 0.199913 -0.050272 0.00865865 0.198681 -0.0504974 -1.26569e-17 0.198042 -0.0516755 0.00893193 0.196018 -0.0520912 -1.29449e-17 0.196018 -0.0528514 0.00925404 0.190106 -0.0539697 0.00913201 0.193136 -0.0532581 -1.33374e-17 0.19164 -0.0544541 -1.31723e-17 0.193877 -0.0537799 0.00810722 0.187 -0.0543991 0.00407894 0.187 -0.0548473 -1.34375e-17 0.189337 -0.054863 0 0.187 -0.055 0.0222572 0.193136 0.0492385 0.0217696 0.196018 0.0481597 0.0295955 0.196018 0.0437879 0.0104206 0.205963 0.040021 0.00350718 0.205963 0.0412064 0.00841755 0.20672 0.0373976 0.0100891 0.187 0.0540654 0.00464375 0.190106 0.0545601 0.0137977 0.190106 0.0529905 0.0275638 0.20106 0.040782 0.00170264 0.20672 0.0382953 -0.00350718 0.205963 0.0412064 0.0111433 0.204746 0.0427963 0.0118095 0.203099 0.045355 0.0129099 0.198681 0.0495812 0.0211035 0.198681 0.0466862 0.0133174 0.196018 0.051146 0.0202752 0.20106 0.0448537 -0.0050655 0.20672 0.0379969 -0.0104206 0.205963 0.040021 0.00397462 0.203099 0.0466984 0.00375039 0.204746 0.0440639 0.00458252 0.193136 0.0538407 -0.00464375 0.190106 0.0545601 0.0124032 0.20106 0.0476351 -0.00397462 0.203099 0.0466984 -0.00375039 0.204746 0.0440639 0.00448211 0.196018 0.052661 -0.00458252 0.193136 0.0538407 -0.00448211 0.196018 0.052661 -0.0116755 0.20672 0.0365116 -0.0170343 0.205963 0.0376842 -0.0179754 0.187 0.0519784 -0.0225546 0.190106 0.0498965 -0.0137977 0.190106 0.0529905 0.00417443 0.20106 0.049046 -0.0179209 0.20672 0.0338859 -0.023158 0.205963 0.0342633 -0.0111433 0.204746 0.0427963 -0.0118095 0.203099 0.045355 -0.0211035 0.198681 0.0466862 -0.0217696 0.196018 0.0481597 -0.0295955 0.196018 0.0437879 -0.00417443 0.20106 0.049046 -0.0286154 0.205963 0.0298568 -0.0236065 0.20672 0.0302016 -0.0193047 0.203099 0.0427068 -0.0182156 0.204746 0.0402975 -0.0262445 0.203099 0.03883 -0.0247639 0.204746 0.0366394 -0.0306627 0.190106 0.045367 -0.0222572 0.193136 0.0492385 -0.0378887 0.190106 0.0395324 -0.0302584 0.193136 0.0447688 -0.0124032 0.20106 0.0476351 -0.0202752 0.20106 0.0448537 -0.0285548 0.20672 0.0255738 -0.0332496 0.205963 0.0245913 -0.0324293 0.203099 0.0338361 -0.0305998 0.204746 0.0319272 -0.0413335 0.187 0.0362826 -0.0440248 0.190106 0.0325605 -0.0275638 0.20106 0.040782 -0.0488943 0.190106 0.024652 -0.046227 0.187 0.0297979 -0.0376811 0.203099 0.0278688 -0.0355553 0.204746 0.0262966 -0.0326112 0.20672 0.020147 -0.0369273 0.205963 0.0186183 -0.0434442 0.193136 0.0321312 -0.0340596 0.20106 0.0355371 -0.0395426 0.205963 0.0121098 -0.0356488 0.20672 0.0140907 -0.041849 0.203099 0.0210998 -0.0394881 0.204746 0.0199095 -0.0422848 0.204746 0.0129496 -0.0448129 0.203099 0.0137238 -0.0523572 0.190106 0.0160342 -0.0482495 0.193136 0.0243269 -0.0410204 0.205963 0.00525287 -0.0375727 0.20672 0.00759399 -0.0395754 0.20106 0.0292698 -0.054708 0.190106 -0.00232397 -0.0543138 0.190106 0.00695516 -0.0549152 0.187 0.00303038 -0.0471924 0.196018 0.0237939 -0.0516668 0.193136 0.0158228 -0.0505348 0.196018 0.0154761 -0.0413181 0.205963 -0.00175517 -0.0383228 0.20672 0.000859875 -0.0439528 0.20106 0.0221605 -0.0470657 0.20106 0.0144137 -0.0464877 0.203099 0.00595298 -0.043865 0.204746 0.00561714 -0.046825 0.203099 -0.0019891 -0.0441834 0.204746 -0.00187689 -0.0516652 0.196018 -0.0111347 -0.0511882 0.198681 -0.00217445 -0.0528038 0.196018 -0.00224308 -0.0535283 0.190106 -0.0115362 -0.0539866 0.193136 -0.00229332 -0.0404272 0.205963 -0.00871272 -0.0378754 0.20672 -0.00590129 -0.0488247 0.20106 0.00625224 -0.0458153 0.203099 -0.00987396 -0.0432306 0.204746 -0.00931692 -0.0508088 0.190106 -0.0204166 -0.0528225 0.193136 -0.0113841 -0.0349988 0.20672 -0.015637 -0.0383732 0.205963 -0.0154196 -0.0352153 0.205963 -0.0216829 -0.049179 0.20106 -0.0020891 -0.0466275 0.190106 -0.0287097 -0.0492254 0.187 -0.0245303 -0.0132918 0.20672 -0.0359546 -0.0164227 0.20672 -0.0346367 -0.0137771 0.205963 -0.0389931 -0.0434876 0.203099 -0.0174748 -0.0410342 0.204746 -0.0164889 -0.0450045 0.196018 -0.0277104 -0.0396741 0.196018 -0.0349176 -0.0436275 0.198681 -0.0268625 -0.0481186 0.20106 -0.0103703 -0.0399088 0.203099 -0.0245728 -0.0419151 0.20106 -0.0258082 -0.0456738 0.20106 -0.0183532 -0.0274098 0.20672 -0.0267978 -0.0310443 0.205963 -0.0273225 -0.0259803 0.205963 -0.032176 -0.0316994 0.20672 -0.021554 -0.0147325 0.204746 -0.0416971 -0.0201688 0.205963 -0.0361038 -0.0249867 0.198681 -0.0447283 -0.0170682 0.198681 -0.0483077 -0.024006 0.20106 -0.0429727 -0.0235856 0.187 -0.0496847 -0.0198611 0.187 -0.0512886 -0.0182419 0.190106 -0.0516295 -0.022264 0.20672 -0.0312046 -0.00698909 0.205963 -0.0407605 -0.00747376 0.204746 -0.0435871 -0.00792061 0.203099 -0.0461931 -0.00831879 0.20106 -0.0485153 -0.0411048 0.190106 -0.0361768 -0.0460127 0.193136 -0.0283311 -0.0033993 0.20672 -0.0381816 -0.00675166 0.20672 -0.0377338 -0.0475398 0.198681 -0.0191031 -0.0405628 0.193136 -0.0356998 -0.0343997 0.190106 -0.0426032 -0.0257754 0.196018 -0.04614 -0.0180013 0.193136 -0.0509487 -0.0176069 0.196018 -0.0498324 -0.0384602 0.198681 -0.0338492 -0.0267049 0.190106 -0.0478039 -0.0332023 0.196018 -0.0411203 -0.0339461 0.193136 -0.0420414 -0.00810722 0.187 -0.0543991 -0.00407894 0.187 -0.0548473 -0.00925404 0.190106 -0.0539697 -0.0263528 0.193136 -0.0471736 -0.0120848 0.187 -0.0536554 -0.0160118 0.187 -0.0526162 0.0316885 0.20672 -0.0215687 0.0170682 0.198681 -0.0483077 0.0176069 0.196018 -0.0498324 0.0257754 0.196018 -0.04614 0.0160367 0.187 -0.0526097 0.0121124 0.187 -0.0536482 0.0349914 0.20672 -0.0156516 0.0249867 0.198681 -0.0447283 0.0263528 0.193136 -0.0471736 0.0332023 0.196018 -0.0411203 0.0236147 0.187 -0.0496716 0.0198789 0.187 -0.0512805 0.0321864 0.198681 -0.0398621 0.0272092 0.187 -0.0477976 0.0372009 0.20672 -0.00924508 0.0384602 0.198681 -0.0338492 0.0399599 0.187 -0.0377913 0.0339532 0.187 -0.0432687 0.0382477 0.20672 -0.0025493 0.0492404 0.187 -0.0245005 0.045093 0.187 -0.031489 0.0426438 0.187 -0.0347326 0.038099 0.20672 0.00422649 0.0501388 0.193136 -0.0201474 0.047292 0.187 -0.0280781 0.0367593 0.20672 0.0108705 0.0500844 0.198681 -0.010794 0.053422 0.187 -0.0130794 0.0509107 0.187 -0.0208111 0.0342703 0.20672 0.0171751 0.0511882 0.198681 -0.00217445 0.0549138 0.187 0.00306312 0.0524233 0.196018 0.00671307 0.054766 0.187 -0.00506274 0.0542422 0.187 -0.00909021 0.030711 0.20672 0.0229407 0.0508194 0.198681 0.00650767 0.0535977 0.193136 0.00686345 0.0549897 0.187 -0.00100628 0.0261931 0.20672 0.0279887 0.0528989 0.187 0.0150564 0.0545402 0.187 0.00709596 0.020857 0.20672 0.0321625 0.0457485 0.198681 0.0230659 0.0424924 0.196018 0.0314272 0.0501017 0.187 0.0226889 0.0516374 0.187 0.018932 0.0116948 0.20672 0.0365048 0.0148695 0.20672 0.0353318 0.0411923 0.198681 0.0304656 0.0434442 0.193136 0.0321312 0.0365699 0.196018 0.0381564 0.0462105 0.187 0.0298247 0.0482874 0.187 0.0263284 0.00508415 0.20672 0.0379937 0.035451 0.198681 0.0369889 0.0438876 0.187 0.0331484 -0.00168561 0.20672 0.0382953 0.0286899 0.198681 0.0424481 0.0323211 0.187 0.0445008 0.0385276 0.187 0.0392507 0.017944 0.187 0.0519895 0.0254093 0.187 0.0487781 0.028941 0.187 0.0467682 -0.00840296 0.20672 0.0374001 0.0136157 0.193136 0.0522918 0.0217421 0.187 0.0505191 -0.014858 0.20672 0.0353359 0.00434498 0.198681 0.0510498 0.00607923 0.187 0.0546629 0.0140703 0.187 0.0531698 -0.0208488 0.20672 0.0321671 -0.00434498 0.198681 0.0510498 -0.0101211 0.187 0.0540599 -0.0133174 0.196018 0.051146 -0.00204395 0.187 0.0549616 0.00201676 0.187 0.0549616 -0.0261883 0.20672 0.0279925 -0.0129099 0.198681 0.0495812 -0.0136157 0.193136 0.0522918 -0.00609636 0.187 0.0546599 -0.0307093 0.20672 0.0229427 -0.0217541 0.187 0.0505149 -0.0140732 0.187 0.0531688 -0.0342698 0.20672 0.0171763 -0.0286899 0.198681 0.0424481 -0.0365699 0.196018 0.0381564 -0.0289621 0.187 0.0467564 -0.0254352 0.187 0.0487637 -0.0367583 0.20672 0.0108754 -0.035451 0.198681 0.0369889 -0.0373891 0.193136 0.0390111 -0.0424924 0.196018 0.0314272 -0.0355364 0.187 0.0419773 -0.0323378 0.187 0.0444873 -0.0380987 0.20672 0.0042348 -0.0411923 0.198681 0.0304656 -0.0385334 0.187 0.0392441 -0.0382491 0.20672 -0.00253807 -0.0457485 0.198681 0.0230659 -0.0482982 0.187 0.0263109 -0.0438925 0.187 0.0331428 -0.0362445 0.20672 -0.0124783 -0.037205 0.20672 -0.0092317 -0.0489886 0.198681 0.0150026 -0.0538699 0.187 0.0110877 -0.0524233 0.196018 0.00671307 -0.0516483 0.187 0.018905 -0.050111 0.187 0.0226658 -0.0334809 0.20672 -0.0186655 -0.0508194 0.198681 0.00650767 -0.0535977 0.193136 0.00686345 -0.0529018 0.187 0.0150428 -0.0296708 0.20672 -0.0242697 -0.0549904 0.187 -0.00102254 -0.0545405 0.187 0.00709443 -0.0500844 0.198681 -0.010794 -0.0490402 0.196018 -0.019706 -0.0542388 0.187 -0.00911648 -0.0547625 0.187 -0.00509037 -0.0249333 0.20672 -0.0291155 -0.0501388 0.193136 -0.0201474 -0.0523027 0.187 -0.01701 -0.0534166 0.187 -0.0130971 -0.0194161 0.20672 -0.0330515 -0.0376574 0.204746 -0.0231866 -0.0306476 0.187 -0.0456685 -0.0472868 0.187 -0.0280883 -0.0509086 0.187 -0.0208152 -0.035182 0.203099 -0.030964 -0.0369506 0.20106 -0.0325206 -0.0331971 0.204746 -0.0292172 -0.045075 0.187 -0.0315133 -0.04263 0.187 -0.0347513 -0.029443 0.203099 -0.0364644 -0.0309231 0.20106 -0.0382975 -0.0277819 0.204746 -0.0344072 -0.0321864 0.198681 -0.0398621 -0.0370426 0.187 -0.0406544 -0.0399437 0.187 -0.0378068 -0.0228569 0.203099 -0.0409158 -0.0215674 0.204746 -0.0386075 -0.0339448 0.187 -0.0432744 -0.0100683 0.20672 -0.0369868 -0.0156134 0.203099 -0.0441901 -0.0163983 0.20106 -0.0464116 -0.00893193 0.196018 -0.0520912 -0.00913201 0.193136 -0.0532581 -0.0272042 0.187 -0.0478009 -0.00865865 0.198681 -0.0504974 0.0231325 0.207099 -0.0286491 0.0179581 0.207099 -0.0321464 0.0222464 0.20672 -0.0312165 0.00598067 0.207707 -0.0348794 -4.00989e-17 0.207707 -0.0353884 0.006223 0.207099 -0.0362927 0.0249238 0.20672 -0.0291246 0.0273954 0.20672 -0.0268116 0.0100461 0.20672 -0.0369926 0.012267 0.207099 -0.0347189 0.0033993 0.20672 -0.0381816 -4.17236e-17 0.207099 -0.0368223 0.0132852 0.20672 -0.0359575 0.0164024 0.20672 -0.0346459 0.006748 0.20672 -0.0377347 2.38898e-17 0.20672 -0.0383333 0.0194076 0.20672 -0.0330573 0.00575724 0.208531 -0.0335764 -3.86009e-17 0.208531 -0.0340664 0.0276415 0.207099 -0.0243276 0.0101549 0.213512 -0.0287411 0.0103521 0.212071 -0.0292993 0.0151548 0.212071 -0.0271283 -3.7266e-17 0.20955 -0.0328883 0.0109564 0.20955 -0.0310097 0.016614 0.208531 -0.0297404 0.0160395 0.20955 -0.028712 0.0372009 0.20672 -0.00924508 0.0359958 0.207099 -0.0077577 0.034167 0.207099 -0.0137294 0.0206611 0.20955 -0.0255883 0.0255727 0.208531 -0.0225068 0.0246884 0.20955 -0.0217285 0.0367891 0.207099 -0.00156278 0.0378727 0.20672 -0.00592205 0.0280054 0.20955 -0.0172436 0.0290085 0.208531 -0.0178612 0.0271492 0.21074 -0.0167164 0.0239336 0.21074 -0.0210642 0.0305167 0.20955 -0.0122626 0.0316098 0.208531 -0.0127019 0.0295837 0.21074 -0.0118877 0.0318541 0.21074 -0.00135315 0.0311672 0.21074 -0.00671705 0.0328587 0.20955 -0.00139582 0.0321501 0.20955 -0.00692889 0.0326219 0.20955 0.0041774 0.0316246 0.21074 0.00404969 0.0340357 0.208531 -0.00144582 0.0325731 0.208531 0.00997541 0.0314467 0.20955 0.00963045 0.0254788 0.207099 0.0265841 0.029605 0.207099 0.0218958 0.0285701 0.20672 0.0255564 0.028469 0.21074 0.0143538 0.0264421 0.20955 0.0195565 0.0256337 0.21074 0.0189586 0.0304187 0.208531 0.0153368 0.0293668 0.20955 0.0148064 0.0227567 0.20955 0.0237439 0.0235718 0.208531 0.0245944 0.00508415 0.20672 0.0379937 0.00312275 0.207099 0.0366897 0.00927841 0.207099 0.0356342 0.0131326 0.21074 0.0290525 0.0178536 0.21074 0.0264152 0.0135467 0.20955 0.0299688 0.0184166 0.20955 0.0272483 0.022061 0.21074 0.023018 -0.00288903 0.208531 0.0339436 0.00278912 0.20955 0.0327698 0.00288903 0.208531 0.0339436 -0.0116755 0.20672 0.0365116 -0.0151672 0.207099 0.0335535 -0.00927841 0.207099 0.0356342 -0.0236065 0.20672 0.0302016 -0.0254788 0.207099 0.0265841 -0.0206196 0.207099 0.0305076 0.00270385 0.21074 0.031768 0.00803377 0.21074 0.0308541 -0.00828714 0.20955 0.0318271 -0.00278912 0.20955 0.0327698 -0.00858398 0.208531 0.0329671 -0.00803377 0.21074 0.0308541 -0.00270385 0.21074 0.031768 -0.0135467 0.20955 0.0299688 -0.0190763 0.208531 0.0282243 -0.0184166 0.20955 0.0272483 -0.0131326 0.21074 0.0290525 -0.0375727 0.20672 0.00759399 -0.0365241 0.207099 0.00467709 -0.0352083 0.207099 0.0107824 -0.0227567 0.20955 0.0237439 -0.022061 0.21074 0.023018 -0.0178536 0.21074 0.0264152 -0.0293668 0.20955 0.0148064 -0.0264421 0.20955 0.0195565 -0.0304187 0.208531 0.0153368 -0.0273893 0.208531 0.020257 -0.0325731 0.208531 0.00997541 -0.0314467 0.20955 0.00963045 -0.0362445 0.20672 -0.0124783 -0.034167 0.207099 -0.0137294 -0.0359958 0.207099 -0.0077577 -0.0326219 0.20955 0.0041774 -0.0316246 0.21074 0.00404969 -0.0304853 0.21074 0.00933602 -0.0308226 0.212071 0.00394699 -0.0291462 0.213512 0.00892592 -0.0297122 0.212071 0.00909926 -0.0313553 0.207099 -0.0193062 -0.0296708 0.20672 -0.0242697 -0.0276415 0.207099 -0.0243276 -0.0340357 0.208531 -0.00144582 -0.0333018 0.208531 -0.00717708 -0.0328587 0.20955 -0.00139582 -0.0318541 0.21074 -0.00135315 -0.0321501 0.20955 -0.00692889 -0.0311672 0.21074 -0.00671705 -0.0297982 0.213512 -0.006422 -0.0303768 0.212071 -0.00654671 -0.0288335 0.212071 -0.0115863 -0.0164227 0.20672 -0.0346367 -0.012267 0.207099 -0.0347189 -0.0179581 0.207099 -0.0321464 -0.0259566 0.213512 -0.0159821 -0.0264607 0.212071 -0.0162925 -0.0233266 0.212071 -0.02053 2.09272e-17 0.21658 -0.03 -0.00299531 0.21658 -0.0298497 -3.41307e-17 0.215027 -0.0301213 -0.00509053 0.215027 -0.0296881 -0.00594031 0.21658 -0.0294059 -0.0282842 0.213512 -0.0113655 -0.008835 0.21658 -0.0286688 -0.0246884 0.20955 -0.0217285 -0.0280054 0.20955 -0.0172436 -0.0255727 0.208531 -0.0225068 -0.01469 0.215027 -0.0262963 -0.0100346 0.215027 -0.0284007 -0.011646 0.21658 -0.0276469 -0.0103521 0.212071 -0.0292993 -0.0101549 0.213512 -0.0287411 -0.0148661 0.213512 -0.0266115 -0.0239336 0.21074 -0.0210642 -0.0271492 0.21074 -0.0167164 -0.0189228 0.215027 -0.0234355 -0.0191496 0.213512 -0.0237164 -0.0305167 0.20955 -0.0122626 -0.0295837 0.21074 -0.0118877 -0.0228822 0.213512 -0.0201389 -0.0226112 0.215027 -0.0199004 -0.0290085 0.208531 -0.0178612 -0.0316098 0.208531 -0.0127019 -0.0274098 0.20672 -0.0267978 -0.0231325 0.207099 -0.0286491 -0.0160395 0.20955 -0.028712 -0.016614 0.208531 -0.0297404 -0.0113489 0.208531 -0.0321204 -0.022264 0.20672 -0.0312046 -0.00598067 0.207707 -0.0348794 -0.006223 0.207099 -0.0362927 -0.0117893 0.207707 -0.0333669 -0.0033993 0.20672 -0.0381816 -0.00675166 0.20672 -0.0377338 -0.0337904 0.208531 0.00432704 -0.028469 0.21074 0.0143538 -0.0334809 0.20672 -0.0186655 -0.0367891 0.207099 -0.00156278 -0.0378754 0.20672 -0.00590129 -0.0256337 0.21074 0.0189586 -0.0235718 0.208531 0.0245944 -0.0215015 0.212071 0.0224343 -0.0249836 0.212071 0.0184778 -0.0210919 0.213512 0.0220069 -0.0328796 0.207099 0.0165775 -0.0356488 0.20672 0.0140907 -0.014032 0.208531 0.0310422 -0.0168672 0.215027 0.0249558 -0.0170693 0.213512 0.0252549 -0.0326112 0.20672 0.020147 -0.029605 0.207099 0.0218958 -0.0285548 0.20672 0.0255738 -0.00783004 0.212071 0.0300716 -0.00258508 0.213512 0.0303725 -0.00263528 0.212071 0.0309624 -0.0179209 0.20672 0.0338859 0.00828714 0.20955 0.0318271 0.00858398 0.208531 0.0329671 0.014032 0.208531 0.0310422 0.0125557 0.213512 0.0277764 0.0127995 0.212071 0.0283158 0.00783004 0.212071 0.0300716 0.0190763 0.208531 0.0282243 -0.00840296 0.20672 0.0374001 -0.00312275 0.207099 0.0366897 0.0170693 0.213512 0.0252549 0.0168672 0.215027 0.0249558 -0.00168561 0.20672 0.0382953 0.0215015 0.212071 0.0224343 0.0245077 0.213512 0.0181258 0.0249836 0.212071 0.0184778 0.0116948 0.20672 0.0365048 0.0151672 0.207099 0.0335535 0.0273893 0.208531 0.020257 0.0268961 0.215027 0.0135607 0.0272185 0.213512 0.0137233 0.0304853 0.21074 0.00933602 0.0179398 0.20672 0.0338753 0.0206196 0.207099 0.0305076 0.0337904 0.208531 0.00432704 0.0308226 0.212071 0.00394699 0.0304549 0.213512 -0.00129371 0.0310463 0.212071 -0.00131883 0.0326234 0.20672 0.0201271 0.0328796 0.207099 0.0165775 0.0352083 0.207099 0.0107824 0.0356575 0.20672 0.0140691 0.0333018 0.208531 -0.00717708 0.0365241 0.207099 0.00467709 0.0375775 0.20672 0.00757168 0.0383237 0.20672 0.000837855 0.0288335 0.212071 -0.0115863 0.0259566 0.213512 -0.0159821 0.0264607 0.212071 -0.0162925 0.0226112 0.215027 -0.0199004 0.0228822 0.213512 -0.0201389 0.0200294 0.21074 -0.024806 0.0155491 0.21074 -0.0278342 0.0214012 0.208531 -0.0265049 0.0106214 0.21074 -0.0300616 0.00555815 0.20955 -0.0324152 0.0113489 0.208531 -0.0321204 0.0349914 0.20672 -0.0156516 0.0313553 0.207099 -0.0193062 0.00538822 0.21074 -0.0314242 0.0316885 0.20672 -0.0215687 -3.61267e-17 0.21074 -0.0318828 0.00525158 0.212071 -0.0306273 -3.52105e-17 0.212071 -0.0310743 -3.45398e-17 0.213512 -0.0304823 0.00515154 0.213512 -0.0300439 0.00595052 0.21658 -0.0294032 0.00509053 0.215027 -0.0296881 0.0100346 0.215027 -0.0284007 0.00299531 0.21658 -0.0298497 0.0117893 0.207707 -0.0333669 0.0296615 0.20672 -0.0242822 0.0172587 0.207707 -0.0308946 0.0148661 0.213512 -0.0266115 0.01469 0.215027 -0.0262963 0.0116612 0.21658 -0.02764 0.00884785 0.21658 -0.0286654 0.0334729 0.20672 -0.0186813 0.0222317 0.207707 -0.0275334 0.0195215 0.212071 -0.0241769 0.0191496 0.213512 -0.0237164 0.0233266 0.212071 -0.02053 0.0169067 0.21658 -0.0247816 0.0189228 0.215027 -0.0234355 0.014349 0.21658 -0.0263459 0.0362388 0.20672 -0.0124969 0.0265651 0.207707 -0.0233802 0.0214805 0.21658 -0.0209421 0.0192868 0.21658 -0.022978 0.0382477 0.20672 -0.0025493 0.0301342 0.207707 -0.0185544 0.0256492 0.215027 -0.0157928 0.0234596 0.21658 -0.0186976 0.038099 0.20672 0.00422649 0.0328365 0.207707 -0.0131948 0.0282842 0.213512 -0.0113655 0.0303768 0.212071 -0.00654671 0.0297982 0.213512 -0.006422 0.0266998 0.21658 -0.0136777 0.0279492 0.215027 -0.0112309 0.0252024 0.21658 -0.0162738 0.0367593 0.20672 0.0108705 0.0345941 0.207707 -0.0074556 0.0294453 0.215027 -0.00634594 0.0300942 0.215027 -0.00127839 0.0288805 0.21658 -0.00811768 0.0279268 0.21658 -0.0109581 0.0342703 0.20672 0.0171751 0.0353565 0.207707 -0.00150193 0.0295448 0.21658 -0.00520196 0.030711 0.20672 0.0229407 0.0351018 0.207707 0.00449496 0.0302354 0.213512 0.0038718 0.0298774 0.215027 0.00382594 0.0299897 0.21658 0.000757253 0.0299163 0.21658 -0.00223742 0.0261931 0.20672 0.0279887 0.0236241 0.20672 0.0301874 0.0338372 0.207707 0.0103625 0.0297122 0.212071 0.00909926 0.028801 0.215027 0.00882021 0.0284353 0.21658 0.00956006 0.0291462 0.213512 0.00892592 0.0292455 0.21658 0.00668385 0.0297671 0.21658 0.0037307 0.020857 0.20672 0.0321625 0.0315992 0.207707 0.015932 0.027747 0.212071 0.0139898 0.0148695 0.20672 0.0353318 0.0284522 0.207707 0.0210431 0.0242175 0.215027 0.0179111 0.0259756 0.21658 0.0150074 0.0273426 0.21658 0.0123438 0.0244866 0.207707 0.0255489 0.0210919 0.213512 0.0220069 0.0174008 0.212071 0.0257454 0.022487 0.21658 0.019857 0.0208421 0.215027 0.0217463 0.024357 0.21658 0.0175139 0.00841755 0.20672 0.0373976 0.0198166 0.207707 0.0293196 0.0181084 0.21658 0.023918 0.0204019 0.21658 0.0219939 0.00170264 0.20672 0.0382953 0.0145765 0.207707 0.0322469 0.012407 0.215027 0.0274474 0.0156356 0.21658 0.0256024 -0.0050655 0.20672 0.0379969 0.0089171 0.207707 0.0342465 0.00768088 0.213512 0.0294988 0.00263528 0.212071 0.0309624 0.00258508 0.213512 0.0303725 0.0102516 0.21658 0.0281934 0.00758991 0.215027 0.0291494 0.0130134 0.21658 0.0270305 -0.014858 0.20672 0.0353359 0.00300115 0.207707 0.0352609 0.00255447 0.215027 0.0300128 -0.00255447 0.215027 0.0300128 0.00148821 0.21658 0.0299623 0.00446335 0.21658 0.0296657 0.00740125 0.21658 0.0290725 -0.0208488 0.20672 0.0321671 -0.00300115 0.207707 0.0352609 -0.0261883 0.20672 0.0279925 -0.0089171 0.207707 0.0342465 -0.00768088 0.213512 0.0294988 -0.00758991 0.215027 0.0291494 -0.00448036 0.21658 0.0296628 -0.00150019 0.21658 0.0299623 -0.0307093 0.20672 0.0229427 -0.0145765 0.207707 0.0322469 -0.0127995 0.212071 0.0283158 -0.012407 0.215027 0.0274474 -0.0156482 0.21658 0.0255954 -0.0130212 0.21658 0.0270261 -0.0125557 0.213512 0.0277764 -0.0102686 0.21658 0.0281873 -0.00740347 0.21658 0.0290721 -0.0342698 0.20672 0.0171763 -0.0198166 0.207707 0.0293196 -0.0174008 0.212071 0.0257454 -0.0367583 0.20672 0.0108754 -0.0244866 0.207707 0.0255489 -0.0208421 0.215027 0.0217463 -0.0181207 0.21658 0.023908 -0.0380987 0.20672 0.0042348 -0.0383228 0.20672 0.000859875 -0.0284522 0.207707 0.0210431 -0.0245077 0.213512 0.0181258 -0.027747 0.212071 0.0139898 -0.0272185 0.213512 0.0137233 -0.0224991 0.21658 0.0198433 -0.0242175 0.215027 0.0179111 -0.0204069 0.21658 0.02199 -0.0382491 0.20672 -0.00253807 -0.0315992 0.207707 0.015932 -0.0268961 0.215027 0.0135607 -0.028801 0.215027 0.00882021 -0.0259841 0.21658 0.0149936 -0.0243598 0.21658 0.0175093 -0.037205 0.20672 -0.0092317 -0.0338372 0.207707 0.0103625 -0.0273478 0.21658 0.012331 -0.0351018 0.207707 0.00449496 -0.0302354 0.213512 0.0038718 -0.0310463 0.212071 -0.00131883 -0.0304549 0.213512 -0.00129371 -0.0292493 0.21658 0.00666633 -0.0298774 0.215027 0.00382594 -0.028439 0.21658 0.00955099 -0.0349988 0.20672 -0.015637 -0.0353565 0.207707 -0.00150193 -0.0300942 0.215027 -0.00127839 -0.0294453 0.215027 -0.00634594 -0.0299149 0.21658 -0.00224861 -0.0299905 0.21658 0.00073975 -0.0297672 0.21658 0.00372955 -0.0316994 0.20672 -0.021554 -0.0345941 0.207707 -0.0074556 -0.0249333 0.20672 -0.0291155 -0.0328365 0.207707 -0.0131948 -0.0279492 0.215027 -0.0112309 -0.0288755 0.21658 -0.0081339 -0.0295432 0.21658 -0.0052145 -0.0194161 0.20672 -0.0330515 -0.0301342 0.207707 -0.0185544 -0.0256492 0.215027 -0.0157928 -0.0234508 0.21658 -0.0187096 -0.0251976 0.21658 -0.0162803 -0.0266917 0.21658 -0.013694 -0.0279258 0.21658 -0.0109613 -0.0132918 0.20672 -0.0359546 -0.0265651 0.207707 -0.0233802 -0.0195215 0.212071 -0.0241769 -0.0214012 0.208531 -0.0265049 -0.0222317 0.207707 -0.0275334 -0.0206611 0.20955 -0.0255883 -0.0200294 0.21074 -0.024806 -0.0214694 0.21658 -0.0209528 -0.0172587 0.207707 -0.0308946 -0.0155491 0.21074 -0.0278342 -0.0151548 0.212071 -0.0271283 -0.0168916 0.21658 -0.0247919 -0.0192815 0.21658 -0.022983 -0.0100683 0.20672 -0.0369868 -0.0109564 0.20955 -0.0310097 -0.0106214 0.21074 -0.0300616 -0.00515154 0.213512 -0.0300439 -0.014345 0.21658 -0.0263477 -0.00575724 0.208531 -0.0335764 -0.00555815 0.20955 -0.0324152 -0.00538822 0.21074 -0.0314242 -0.00525158 0.212071 -0.0306273 0.00150019 0.24179 0.0299623 0.00148821 0.21658 0.0299623 -0.00148821 0.24179 0.0299623 0.00446335 0.21658 0.0296657 0.00448036 0.24179 0.0296628 0.00740347 0.24179 0.0290721 0.00740125 0.21658 0.0290725 0.0102686 0.24179 0.0281873 0.0102516 0.21658 0.0281934 0.0130134 0.21658 0.0270305 0.0130212 0.24179 0.0270261 0.0156482 0.24179 0.0255954 0.0156356 0.21658 0.0256024 0.0181207 0.24179 0.023908 0.0181084 0.21658 0.023918 0.0204019 0.21658 0.0219939 0.0204069 0.24179 0.02199 0.0224991 0.24179 0.0198433 0.022487 0.21658 0.019857 0.0243598 0.24179 0.0175093 0.024357 0.21658 0.0175139 0.0259756 0.21658 0.0150074 0.0259841 0.24179 0.0149936 0.0273478 0.24179 0.012331 0.0273426 0.21658 0.0123438 0.028439 0.24179 0.00955099 0.0284353 0.21658 0.00956006 0.0292455 0.21658 0.00668385 0.0292493 0.24179 0.00666633 0.0297672 0.24179 0.00372955 0.0297671 0.21658 0.0037307 0.0299905 0.24179 0.00073975 0.0299897 0.21658 0.000757253 0.0299163 0.21658 -0.00223742 0.0299149 0.24179 -0.00224861 0.0295432 0.24179 -0.0052145 0.0295448 0.21658 -0.00520196 0.0288755 0.24179 -0.0081339 0.0288805 0.21658 -0.00811768 0.0279268 0.21658 -0.0109581 0.0279258 0.24179 -0.0109613 0.0266917 0.24179 -0.013694 0.0266998 0.21658 -0.0136777 0.0251976 0.24179 -0.0162803 0.0252024 0.21658 -0.0162738 0.0234596 0.21658 -0.0186976 0.0234508 0.24179 -0.0187096 0.0214694 0.24179 -0.0209528 0.0214805 0.21658 -0.0209421 0.0192815 0.24179 -0.022983 0.0192868 0.21658 -0.022978 0.0169067 0.21658 -0.0247816 0.0168916 0.24179 -0.0247919 0.014345 0.24179 -0.0263477 0.014349 0.21658 -0.0263459 0.011646 0.24179 -0.0276469 0.0116612 0.21658 -0.02764 0.00884785 0.21658 -0.0286654 0.008835 0.24179 -0.0286688 0.00594031 0.24179 -0.0294059 0.00595052 0.21658 -0.0294032 0.00299531 0.24179 -0.0298497 0.00299531 0.21658 -0.0298497 2.09272e-17 0.21658 -0.03 0 0.24179 -0.03 -0.00150019 0.21658 0.0299623 -0.00448036 0.21658 0.0296628 -0.00446335 0.24179 0.0296657 -0.00740125 0.24179 0.0290725 -0.00740347 0.21658 0.0290721 -0.0102686 0.21658 0.0281873 -0.0102516 0.24179 0.0281934 -0.0130212 0.21658 0.0270261 -0.0130134 0.24179 0.0270305 -0.0156356 0.24179 0.0256024 -0.0156482 0.21658 0.0255954 -0.0181207 0.21658 0.023908 -0.0181084 0.24179 0.023918 -0.0204069 0.21658 0.02199 -0.0204019 0.24179 0.0219939 -0.022487 0.24179 0.019857 -0.0224991 0.21658 0.0198433 -0.0243598 0.21658 0.0175093 -0.024357 0.24179 0.0175139 -0.0259841 0.21658 0.0149936 -0.0259756 0.24179 0.0150074 -0.0273426 0.24179 0.0123438 -0.0273478 0.21658 0.012331 -0.028439 0.21658 0.00955099 -0.0284353 0.24179 0.00956006 -0.0292493 0.21658 0.00666633 -0.0292455 0.24179 0.00668385 -0.0297671 0.24179 0.0037307 -0.0297672 0.21658 0.00372955 -0.0299905 0.21658 0.00073975 -0.0299897 0.24179 0.000757253 -0.0299149 0.21658 -0.00224861 -0.0299163 0.24179 -0.00223742 -0.0295448 0.24179 -0.00520196 -0.0295432 0.21658 -0.0052145 -0.0288755 0.21658 -0.0081339 -0.0288805 0.24179 -0.00811768 -0.0279258 0.21658 -0.0109613 -0.0279268 0.24179 -0.0109581 -0.0266998 0.24179 -0.0136777 -0.0266917 0.21658 -0.013694 -0.0251976 0.21658 -0.0162803 -0.0252024 0.24179 -0.0162738 -0.0234508 0.21658 -0.0187096 -0.0234596 0.24179 -0.0186976 -0.0214805 0.24179 -0.0209421 -0.0214694 0.21658 -0.0209528 -0.0192815 0.21658 -0.022983 -0.0192868 0.24179 -0.022978 -0.0168916 0.21658 -0.0247919 -0.0169067 0.24179 -0.0247816 -0.014349 0.24179 -0.0263459 -0.014345 0.21658 -0.0263477 -0.011646 0.21658 -0.0276469 -0.0116612 0.24179 -0.02764 -0.008835 0.21658 -0.0286688 -0.00884785 0.24179 -0.0286654 -0.00595052 0.24179 -0.0294032 -0.00594031 0.21658 -0.0294059 -0.00299531 0.21658 -0.0298497 -0.00299531 0.24179 -0.0298497 0.00270931 0.24179 -0.0248525 0 0.21658 -0.025 0 0.24179 -0.025 0.0104899 0.24179 -0.0226922 0.00798418 0.21658 -0.0236908 0.00797953 0.24179 -0.023692 0.00536915 0.24179 -0.0244165 0.00538094 0.21658 -0.0244134 0.00270931 0.21658 -0.0248525 0.015132 0.21658 -0.0199002 0.0151248 0.24179 -0.0199051 0.0171868 0.24179 -0.0181547 0.0105037 0.21658 -0.0226859 0.0128856 0.24179 -0.0214233 0.0128934 0.21658 -0.021418 0.0206879 0.24179 -0.0140349 0.0220844 0.24179 -0.0117159 0.0206948 0.21658 -0.0140255 0.0190527 0.24179 -0.0161862 0.019056 0.21658 -0.0161817 0.0171978 0.21658 -0.0181442 0.0246696 0.24179 -0.0040499 0.0240901 0.21658 -0.00668218 0.0240861 0.24179 -0.00669535 0.0232246 0.21658 -0.00925279 0.0220909 0.21658 -0.0117031 0.0232243 0.24179 -0.00925378 0.0249626 0.21658 0.00136058 0.0249632 0.24179 0.00134564 0.0246712 0.24179 0.00404055 0.0246712 0.21658 -0.00403736 0.0249629 0.24179 -0.00135596 0.0249634 0.21658 -0.00135208 0.0232268 0.24179 0.00924629 0.0220889 0.24179 0.0117081 0.0232211 0.21658 0.00926042 0.0240896 0.24179 0.00668335 0.0240879 0.21658 0.00669116 0.0246691 0.21658 0.00405034 0.017193 0.24179 0.0181494 0.0190485 0.21658 0.0161902 0.0190582 0.24179 0.0161793 0.0206895 0.21658 0.0140334 0.0220855 0.21658 0.0117136 0.0206954 0.24179 0.0140239 0.0128822 0.21658 0.0214247 0.0128936 0.24179 0.0214183 0.0104989 0.24179 0.0226884 0.0171914 0.21658 0.0181507 0.0151349 0.24179 0.0198973 0.0151245 0.21658 0.0199057 0.00537847 0.24179 0.0244145 0.00270738 0.24179 0.0248525 0.00536801 0.21658 0.0244163 0.00798976 0.24179 0.0236883 0.00797581 0.21658 0.0236932 0.0104963 0.21658 0.0226898 -0.00536801 0.24179 0.0244163 -0.00270738 0.21658 0.0248525 -0.00270023 0.24179 0.0248537 -7.6241e-06 0.21658 0.0249995 0.00270023 0.21658 0.0248537 7.6241e-06 0.24179 0.0249995 -0.0104989 0.21658 0.0226884 -0.0104963 0.24179 0.0226898 -0.0128822 0.24179 0.0214247 -0.00537847 0.21658 0.0244145 -0.00797581 0.24179 0.0236932 -0.00798976 0.21658 0.0236883 -0.0171914 0.24179 0.0181507 -0.0190485 0.24179 0.0161902 -0.017193 0.21658 0.0181494 -0.0151245 0.24179 0.0199057 -0.0151349 0.21658 0.0198973 -0.0128936 0.21658 0.0214183 -0.0232211 0.24179 0.00926042 -0.0220889 0.21658 0.0117081 -0.0220855 0.24179 0.0117136 -0.0206954 0.21658 0.0140239 -0.0190582 0.21658 0.0161793 -0.0206895 0.24179 0.0140334 -0.0246712 0.21658 0.00404055 -0.0246691 0.24179 0.00405034 -0.0249626 0.24179 0.00136058 -0.0232268 0.21658 0.00924629 -0.0240879 0.24179 0.00669116 -0.0240896 0.21658 0.00668335 -0.0249629 0.21658 -0.00135596 -0.0249634 0.24179 -0.00135208 -0.0246712 0.24179 -0.00403736 -0.0249632 0.21658 0.00134564 -0.0240901 0.24179 -0.00668218 -0.0246696 0.21658 -0.0040499 -0.0232246 0.24179 -0.00925279 -0.0240861 0.21658 -0.00669535 -0.0232243 0.21658 -0.00925378 -0.0220909 0.24179 -0.0117031 -0.0206948 0.24179 -0.0140255 -0.0220844 0.21658 -0.0117159 -0.019056 0.24179 -0.0161817 -0.0206879 0.21658 -0.0140349 -0.0190527 0.21658 -0.0161862 -0.0171978 0.24179 -0.0181442 -0.015132 0.24179 -0.0199002 -0.0171868 0.21658 -0.0181547 -0.0128934 0.24179 -0.021418 -0.0151248 0.21658 -0.0199051 -0.0128856 0.21658 -0.0214233 -0.0105037 0.24179 -0.0226859 -0.00798418 0.24179 -0.0236908 -0.0104899 0.21658 -0.0226922 -0.00538094 0.24179 -0.0244134 -0.00797953 0.21658 -0.023692 -0.00536915 0.21658 -0.0244165 -0.00270931 0.24179 -0.0248525 -0.00270931 0.21658 -0.0248525 0.0280467 0.206035 0.00858922 0.0275989 0.20782 0.00353417 0.0266046 0.20782 0.00814757 0.0263959 0.209817 0.00338013 0.0255152 0.211978 0.00326734 0.025445 0.209817 0.00779244 0.027949 0.20179 0.0250008 0.0283276 0.202358 0.020951 0.0243794 0.202358 0.025437 0.0290949 0.206035 0.00372575 0.0277992 0.20782 -0.00118089 0.0308477 0.204506 0.0039502 0.029306 0.206035 -0.00124491 0.0271997 0.20782 -0.00586199 0.0319142 0.20179 0.0196895 0.0314609 0.202358 0.0158622 0.0310715 0.204506 -0.0013199 0.0286741 0.206035 -0.00617975 0.0348823 0.20179 0.0137632 0.0336891 0.202358 0.0103172 0.0304015 0.204506 -0.00655203 0.0272173 0.206035 -0.0109368 0.0288569 0.204506 -0.0115957 0.0249775 0.206035 -0.0153792 0.0258178 0.20782 -0.0103745 0.0349481 0.202358 0.00447528 0.0367606 0.20179 0.00740708 0.0236932 0.20782 -0.0145885 0.0220191 0.206035 -0.0193792 0.0264822 0.204506 -0.0163057 0.0374906 0.20179 0.000819641 0.0352017 0.202358 -0.00149535 0.0208869 0.20782 -0.0183828 0.0174797 0.20782 -0.0216483 0.0233456 0.204506 -0.0205467 0.0184272 0.206035 -0.0228217 0.0370494 0.20179 -0.00579331 0.0344427 0.202358 -0.00742296 0.0135697 0.20782 -0.024291 0.0143053 0.206035 -0.0256077 0.0195374 0.204506 -0.0241966 0.0125452 0.211978 -0.022457 0.0167178 0.209817 -0.0207047 0.0129783 0.209817 -0.0232322 0.0326927 0.202358 -0.013137 0.0363922 0.20179 -0.0090441 0.0342307 0.20179 -0.0153114 0.0300023 0.202358 -0.0184732 0.0151671 0.204506 -0.0271503 0.00977182 0.206035 -0.0276569 0.0103605 0.204506 -0.0293231 0.00495721 0.206035 -0.0289106 0.00926936 0.20782 -0.0262349 0.0309996 0.20179 -0.0210998 0.0264488 0.202358 -0.0232779 0.00470232 0.20782 -0.027424 0.0221344 0.202358 -0.0274129 0.0267998 0.20179 -0.0262288 0.00332541 0.20179 -0.0373516 2.33704e-17 0.20179 -0.0375 -4.01742e-17 0.202286 -0.0354549 -3.40084e-17 0.205388 -0.0300134 0.00525585 0.204506 -0.0306522 -3.58933e-17 0.204102 -0.0316768 0.0066013 0.20179 -0.0369144 0.00595448 0.202358 -0.0347267 0.0171832 0.202358 -0.0307593 0.0217627 0.20179 -0.0305379 0.00559098 0.203271 -0.0326067 -3.79631e-17 0.20306 -0.0335035 0.00982768 0.20179 -0.0361884 0.0189857 0.20179 -0.0323387 0.0117377 0.202358 -0.0332208 0.0129964 0.20179 -0.0351759 0.0243819 0.20179 -0.0284914 -3.23457e-17 0.206895 -0.028546 -3.0938e-17 0.208593 -0.0273037 -2.98131e-17 0.210448 -0.026311 0.00434729 0.211978 -0.0253535 0.00449736 0.209817 -0.0262287 0.00886533 0.209817 -0.0250913 0.00270931 0.21658 -0.0248525 0.00425578 0.214251 -0.0248198 -2.84949e-17 0.214481 -0.0251476 -2.89934e-17 0.212424 -0.0255875 0 0.21658 -0.025 0.0197299 0.202358 0.0291913 0.0145127 0.202358 0.0321057 0.0175498 0.20179 0.0331389 0.0297364 0.204506 0.00910666 0.0277696 0.204506 0.0140011 0.0261917 0.206035 0.0132056 0.0250039 0.204506 0.0184928 0.0114406 0.20179 0.0357112 0.00887806 0.202358 0.0340966 0.024845 0.20782 0.0125266 0.0235832 0.206035 0.0174421 0.0223706 0.20782 0.0165452 0.0202963 0.206035 0.0211768 0.017415 0.204506 0.0257663 0.021519 0.204506 0.0224525 0.00298801 0.202358 0.0351065 0.00497363 0.20179 0.0371677 0.0192527 0.20782 0.0200879 0.0164254 0.206035 0.0243022 0.0155809 0.20782 0.0230527 -0.00164897 0.20179 0.0374628 -0.00298801 0.202358 0.0351065 0.0128099 0.204506 0.0283388 0.0120821 0.206035 0.0267286 0.0078364 0.204506 0.0300961 0.0114608 0.20782 0.0253542 -0.00887806 0.202358 0.0340966 -0.00822029 0.20179 0.036587 0.00739114 0.206035 0.028386 0.0070111 0.20782 0.0269264 -0.0145127 0.202358 0.0321057 -0.0114217 0.20179 0.0357179 -0.0197299 0.202358 0.0291913 -0.0175313 0.20179 0.0331492 0.00225681 0.209817 0.0265156 0.0067055 0.209817 0.0257528 0.00648176 0.211978 0.0248935 0.00248757 0.206035 0.0292268 0.00263743 0.204506 0.0309875 0.00235966 0.20782 0.027724 -0.0230933 0.20179 0.029545 -0.0243794 0.202358 0.025437 -0.00263743 0.204506 0.0309875 -0.00248757 0.206035 0.0292268 -0.0078364 0.204506 0.0300961 -0.00235966 0.20782 0.027724 -0.0279341 0.20179 0.0250178 -0.0283276 0.202358 0.020951 -0.0070111 0.20782 0.0269264 -0.00739114 0.206035 0.028386 -0.0128099 0.204506 0.0283388 -0.0120821 0.206035 0.0267286 -0.017415 0.204506 0.0257663 -0.0114608 0.20782 0.0253542 -0.0314609 0.202358 0.0158622 -0.0319022 0.20179 0.019709 -0.0155809 0.20782 0.0230527 -0.0164254 0.206035 0.0243022 -0.0250039 0.204506 0.0184928 -0.021519 0.204506 0.0224525 -0.0202963 0.206035 0.0211768 -0.0336891 0.202358 0.0103172 -0.0348738 0.20179 0.0137843 -0.0349481 0.202358 0.00447528 -0.0367559 0.20179 0.0074289 -0.0192527 0.20782 0.0200879 -0.0235832 0.206035 0.0174421 -0.0223706 0.20782 0.0165452 -0.0344427 0.202358 -0.00742296 -0.037052 0.20179 -0.005773 -0.0352017 0.202358 -0.00149535 -0.0206816 0.211978 0.0152961 -0.023762 0.209817 0.0119806 -0.0213955 0.209817 0.015824 -0.0261917 0.206035 0.0132056 -0.0277696 0.204506 0.0140011 -0.024845 0.20782 0.0125266 -0.0326927 0.202358 -0.013137 -0.0354565 0.20179 -0.012207 -0.0255152 0.211978 0.00326734 -0.024596 0.211978 0.00753243 -0.0240782 0.214251 0.00737386 -0.0266046 0.20782 0.00814757 -0.0280467 0.206035 0.00858922 -0.0297364 0.204506 0.00910666 -0.0275989 0.20782 0.00353417 -0.0290949 0.206035 0.00372575 -0.032753 0.20179 -0.0182597 -0.0300023 0.202358 -0.0184732 -0.029306 0.206035 -0.00124491 -0.0304015 0.204506 -0.00655203 -0.0310715 0.204506 -0.0013199 -0.0308477 0.204506 0.0039502 -0.0277992 0.20782 -0.00118089 -0.0290258 0.20179 -0.0237421 -0.0264488 0.202358 -0.0232779 -0.0171832 0.202358 -0.0307593 -0.02178 0.20179 -0.0305262 -0.0221344 0.202358 -0.0274129 -0.0272173 0.206035 -0.0109368 -0.0264822 0.204506 -0.0163057 -0.0288569 0.204506 -0.0115957 -0.0286741 0.206035 -0.00617975 -0.0271997 0.20782 -0.00586199 -0.0208869 0.20782 -0.0183828 -0.0199765 0.209817 -0.0175815 -0.0174797 0.20782 -0.0216483 -0.0268139 0.20179 -0.0262152 -0.0249775 0.206035 -0.0153792 -0.0117377 0.202358 -0.0332208 -0.0110211 0.203271 -0.0311928 -0.00595448 0.202358 -0.0347267 -0.0233456 0.204506 -0.0205467 -0.00559098 0.203271 -0.0326067 -0.0160657 0.20179 -0.0338837 -0.00332541 0.20179 -0.0373516 -0.00660488 0.20179 -0.0369135 -0.0258178 0.20782 -0.0103745 -0.0220191 0.206035 -0.0193792 -0.00838912 0.214251 -0.0237435 -0.0122811 0.214251 -0.0219842 -0.0104899 0.21658 -0.0226922 -0.0214432 0.214251 -0.0132031 -0.0193099 0.211978 -0.0169949 -0.0219043 0.211978 -0.013487 -0.0125452 0.211978 -0.022457 -0.0158198 0.214251 -0.0195925 -0.0226604 0.209817 -0.0139526 -0.01616 0.211978 -0.0200138 -0.0167178 0.209817 -0.0207047 -0.00536915 0.21658 -0.0244165 -0.00270931 0.21658 -0.0248525 -0.00425578 0.214251 -0.0248198 -0.00797953 0.21658 -0.023692 0.0160458 0.20179 -0.0338927 0.0110211 0.203271 -0.0311928 0.00856952 0.211978 -0.0242541 0.00838912 0.214251 -0.0237435 0.00538094 0.21658 -0.0244134 0.0290167 0.20179 -0.0237543 0.0161342 0.203271 -0.0288816 0.0105037 0.21658 -0.0226859 0.0122811 0.214251 -0.0219842 0.00798418 0.21658 -0.0236908 0.0327452 0.20179 -0.0182752 0.0207831 0.203271 -0.0257394 0.01616 0.211978 -0.0200138 0.0158198 0.214251 -0.0195925 0.0128934 0.21658 -0.021418 0.035451 0.20179 -0.0122252 0.0248342 0.203271 -0.0218568 0.0199765 0.209817 -0.0175815 0.0189034 0.214251 -0.0166371 0.019056 0.21658 -0.0161817 0.0206948 0.21658 -0.0140255 0.0193099 0.211978 -0.0169949 0.0171978 0.21658 -0.0181442 0.015132 0.21658 -0.0199002 0.0374162 0.20179 -0.00249388 0.0281708 0.203271 -0.0173454 0.0226604 0.209817 -0.0139526 0.0219043 0.211978 -0.013487 0.0214432 0.214251 -0.0132031 0.0372708 0.20179 0.00413461 0.030697 0.203271 -0.0123351 0.0246925 0.209817 -0.00992225 0.0238686 0.211978 -0.00959118 0.0260142 0.209817 -0.00560648 0.0251462 0.211978 -0.00541941 0.0220909 0.21658 -0.0117031 0.0233661 0.214251 -0.00938927 0.0359602 0.20179 0.0106342 0.0323401 0.203271 -0.00696981 0.0246168 0.214251 -0.00530532 0.0232246 0.21658 -0.00925279 0.0240901 0.21658 -0.00668218 0.0335253 0.20179 0.0168017 0.0330528 0.203271 -0.00140406 0.0265875 0.209817 -0.00112942 0.0257003 0.211978 -0.00109174 0.0251593 0.214251 -0.00106875 0.0246712 0.21658 -0.00403736 0.0300434 0.20179 0.022442 0.0328146 0.203271 0.00420208 0.0249626 0.21658 0.00136058 0.024978 0.214251 0.00319856 0.0249634 0.21658 -0.00135208 0.0256236 0.20179 0.0273802 0.0231105 0.20179 0.0295311 0.0316325 0.203271 0.00968733 0.024596 0.211978 0.00753243 0.0240782 0.214251 0.00737386 0.0246691 0.21658 0.00405034 0.0204036 0.20179 0.0314633 0.0295403 0.203271 0.0148939 0.023762 0.209817 0.0119806 0.0224856 0.214251 0.011337 0.0220855 0.21658 0.0117136 0.0206895 0.21658 0.0140334 0.0229692 0.211978 0.0115808 0.0232211 0.21658 0.00926042 0.0240879 0.21658 0.00669116 0.0145463 0.20179 0.0345637 0.0265983 0.203271 0.019672 0.0213955 0.209817 0.015824 0.0206816 0.211978 0.0152961 0.0202462 0.214251 0.014974 0.0228911 0.203271 0.0238842 0.0184135 0.209817 0.0192123 0.0177991 0.211978 0.0185712 0.0149017 0.209817 0.0220478 0.0144045 0.211978 0.0213122 0.0190485 0.21658 0.0161902 0.0174244 0.214251 0.0181803 0.00823456 0.20179 0.0365846 0.0185254 0.203271 0.0274092 0.0141013 0.214251 0.0208635 0.0171914 0.21658 0.0181507 0.0151245 0.21658 0.0199057 0.00166563 0.20179 0.0374628 0.0136268 0.203271 0.0301458 0.0109613 0.209817 0.0242491 0.0105955 0.211978 0.02344 0.0103725 0.214251 0.0229465 0.0128822 0.21658 0.0214247 -0.00495538 0.20179 0.0371709 0.00833608 0.203271 0.0320151 0.00797581 0.21658 0.0236932 0.00634531 0.214251 0.0243694 0.0104963 0.21658 0.0226898 -0.014535 0.20179 0.0345677 0.0028056 0.203271 0.0329634 0.00218151 0.211978 0.0256308 0.00213558 0.214251 0.0250913 0.00536801 0.21658 0.0244163 -0.0203956 0.20179 0.0314678 -0.0028056 0.203271 0.0329634 -0.00225681 0.209817 0.0265156 -0.00213558 0.214251 0.0250913 -0.00270738 0.21658 0.0248525 -0.00634531 0.214251 0.0243694 -0.00218151 0.211978 0.0256308 -7.6241e-06 0.21658 0.0249995 0.00270023 0.21658 0.0248537 -0.025619 0.20179 0.027384 -0.00833608 0.203271 0.0320151 -0.0067055 0.209817 0.0257528 -0.00648176 0.211978 0.0248935 -0.0300417 0.20179 0.0224439 -0.0136268 0.203271 0.0301458 -0.0109613 0.209817 0.0242491 -0.0105955 0.211978 0.02344 -0.0149017 0.209817 0.0220478 -0.0144045 0.211978 0.0213122 -0.00798976 0.21658 0.0236883 -0.0103725 0.214251 0.0229465 -0.00537847 0.21658 0.0244145 -0.0335248 0.20179 0.0168029 -0.0185254 0.203271 0.0274092 -0.0141013 0.214251 0.0208635 -0.0104989 0.21658 0.0226884 -0.0128936 0.21658 0.0214183 -0.0359592 0.20179 0.010639 -0.0228911 0.203271 0.0238842 -0.0184135 0.209817 0.0192123 -0.0177991 0.211978 0.0185712 -0.0174244 0.214251 0.0181803 -0.0151349 0.21658 0.0198973 -0.0372704 0.20179 0.00414274 -0.0374896 0.20179 0.000841183 -0.0265983 0.203271 0.019672 -0.0190582 0.21658 0.0161793 -0.0202462 0.214251 0.014974 -0.017193 0.21658 0.0181494 -0.0374176 0.20179 -0.0024829 -0.0295403 0.203271 0.0148939 -0.0229692 0.211978 0.0115808 -0.0224856 0.214251 0.011337 -0.0206954 0.21658 0.0140239 -0.0363962 0.20179 -0.00903101 -0.0316325 0.203271 0.00968733 -0.025445 0.209817 0.00779244 -0.0232268 0.21658 0.00924629 -0.0220889 0.21658 0.0117081 -0.0328146 0.203271 0.00420208 -0.0263959 0.209817 0.00338013 -0.024978 0.214251 0.00319856 -0.0240896 0.21658 0.00668335 -0.0342379 0.20179 -0.0152971 -0.0330528 0.203271 -0.00140406 -0.0265875 0.209817 -0.00112942 -0.0257003 0.211978 -0.00109174 -0.0260142 0.209817 -0.00560648 -0.0251462 0.211978 -0.00541941 -0.0249632 0.21658 0.00134564 -0.0251593 0.214251 -0.00106875 -0.0246712 0.21658 0.00404055 -0.0310102 0.20179 -0.0210854 -0.0323401 0.203271 -0.00696981 -0.0246168 0.214251 -0.00530532 -0.0249629 0.21658 -0.00135596 -0.0246696 0.21658 -0.0040499 -0.0243912 0.20179 -0.0284826 -0.030697 0.203271 -0.0123351 -0.0246925 0.209817 -0.00992225 -0.0238686 0.211978 -0.00959118 -0.0233661 0.214251 -0.00938927 -0.0240861 0.21658 -0.00669535 -0.0189941 0.20179 -0.032333 -0.0281708 0.203271 -0.0173454 -0.0236932 0.20782 -0.0145885 -0.0220844 0.21658 -0.0117159 -0.0232243 0.21658 -0.00925378 -0.0130029 0.20179 -0.0351729 -0.0248342 0.203271 -0.0218568 -0.0189034 0.214251 -0.0166371 -0.0206879 0.21658 -0.0140349 -0.0195374 0.204506 -0.0241966 -0.0207831 0.203271 -0.0257394 -0.0184272 0.206035 -0.0228217 -0.00434729 0.211978 -0.0253535 -0.00856952 0.211978 -0.0242541 -0.0171868 0.21658 -0.0181547 -0.0190527 0.21658 -0.0161862 -0.0151671 0.204506 -0.0271503 -0.0161342 0.203271 -0.0288816 -0.0143053 0.206035 -0.0256077 -0.0135697 0.20782 -0.024291 -0.0129783 0.209817 -0.0232322 -0.0151248 0.21658 -0.0199051 -0.00984946 0.20179 -0.0361828 -0.0103605 0.204506 -0.0293231 -0.00977182 0.206035 -0.0276569 -0.00926936 0.20782 -0.0262349 -0.00886533 0.209817 -0.0250913 -0.0128856 0.21658 -0.0214233 -0.00525585 0.204506 -0.0306522 -0.00495721 0.206035 -0.0289106 -0.00470232 0.20782 -0.027424 -0.00449736 0.209817 -0.0262287 0.00982768 0.20179 -0.0361884 0.0132478 0.201223 -0.037495 0.00672058 0.201223 -0.0391945 0.0267998 0.20179 -0.0262288 0.0249821 0.201223 -0.0309398 0.0243819 0.20179 -0.0284914 0.00708408 0.20031 -0.0413145 -1.06111e-17 0.199479 -0.0433232 -1.01637e-17 0.20052 -0.0414965 0.0129964 0.20179 -0.0351759 0.0160458 0.20179 -0.0338927 0.0066013 0.20179 -0.0369144 -9.68575e-18 0.201295 -0.0395451 0.00332541 0.20179 -0.0373516 2.33704e-17 0.20179 -0.0375 0.0189857 0.20179 -0.0323387 0.0217627 0.20179 -0.0305379 0.0193939 0.201223 -0.0347167 0.00741921 0.199074 -0.043269 -1.10185e-17 0.198192 -0.0449866 0.0369905 0.191602 -0.0325557 0.0303987 0.193764 -0.037648 0.0363239 0.193764 -0.0319691 0.0290167 0.20179 -0.0237543 0.0338624 0.201223 -0.0208499 0.0298516 0.201223 -0.0262727 0.0342813 0.197545 -0.0301714 0.0286893 0.197545 -0.035531 0.0275791 0.199074 -0.0341561 0.0222718 0.197545 -0.0398684 0.02141 0.199074 -0.0383257 0.0388872 0.197545 -0.0239438 0.0329549 0.199074 -0.0290039 0.0397307 0.201223 -0.00168774 0.038874 0.201223 -0.00837799 0.0370494 0.20179 -0.00579331 0.0373825 0.199074 -0.0230173 0.0423744 0.197545 -0.0170274 0.0486999 0.189329 -0.0104956 0.0481705 0.191602 -0.0103815 0.0497731 0.189329 -0.00211434 0.0466486 0.187 0.0179955 0.0476343 0.189329 0.0145879 0.0444838 0.189329 0.0224283 0.0367606 0.20179 0.00740708 0.0380234 0.201223 0.0116445 0.0394444 0.201223 0.00505106 0.04008 0.20031 0.0122744 0.0419762 0.199074 0.0128551 0.0415779 0.20031 0.00532426 0.0488774 0.191602 0.00625899 0.048345 0.193764 -0.00205367 0.0479966 0.193764 0.00614621 0.0355086 0.201223 0.017903 0.0319142 0.20179 0.0196895 0.0319722 0.201223 0.0236465 0.0452976 0.197545 0.00580059 0.0456264 0.197545 -0.00193818 0.0438609 0.199074 -0.00186319 0.0337015 0.20031 0.0249255 0.0290043 0.20031 0.0302625 0.0303764 0.199074 0.0316942 0.0352958 0.199074 0.0261047 0.0374291 0.20031 0.0188714 0.0270964 0.193764 0.0400904 0.0275936 0.191602 0.040826 0.0334819 0.193764 0.0349344 0.0340963 0.191602 0.0355755 0.0278968 0.189329 0.0412747 0.034471 0.189329 0.0359664 0.012553 0.189329 0.0482105 0.00422486 0.189329 0.0496386 0.00964797 0.187 0.0490597 0.00337244 0.201223 0.0396233 0.0100203 0.201223 0.0384834 0.00823456 0.20179 0.0365846 0.00417894 0.191602 0.049099 -0.00422486 0.189329 0.0496386 0.0245831 0.199074 0.036372 0.0188105 0.197545 0.0416135 0.0255727 0.197545 0.037836 0.011062 0.199074 0.0424839 0.00387288 0.197545 0.045503 0.0115072 0.197545 0.044194 -0.0163799 0.201223 0.0362364 -0.0100203 0.201223 0.0384834 -0.0114217 0.20179 0.0357179 -0.00387288 0.197545 0.045503 -0.00372302 0.199074 0.0437423 -0.0115072 0.197545 0.044194 -0.0172658 0.20031 0.0381963 -0.0180826 0.199074 0.0400033 -0.0105623 0.20031 0.0405649 -0.0303764 0.199074 0.0316942 -0.0234727 0.20031 0.034729 -0.0290043 0.20031 0.0302625 -0.0319722 0.201223 0.0236465 -0.027516 0.201223 0.0287097 -0.0279341 0.20179 0.0250178 -0.0245831 0.199074 0.036372 -0.0315991 0.197545 0.0329699 -0.0255727 0.197545 0.037836 -0.0337015 0.20031 0.0249255 -0.0352958 0.199074 0.0261047 -0.0499139 0.187 0.002921 -0.0494145 0.189329 0.00632778 -0.0497731 0.189329 -0.00211434 -0.0374291 0.20031 0.0188714 -0.04008 0.20031 0.0122744 -0.0419762 0.199074 0.0128551 -0.048345 0.193764 -0.00205367 -0.0471332 0.195761 -0.0020022 -0.0473025 0.193764 -0.0101945 -0.0397307 0.201223 -0.00168774 -0.0394444 0.201223 0.00505106 -0.0374896 0.20179 0.000841183 -0.037052 0.20179 -0.005773 -0.038874 0.201223 -0.00837799 -0.0415779 0.20031 0.00532426 -0.0418796 0.20031 -0.00177903 -0.0438609 0.199074 -0.00186319 -0.0338624 0.201223 -0.0208499 -0.0368989 0.201223 -0.0148272 -0.0342379 0.20179 -0.0152971 -0.0467937 0.195761 0.00599216 -0.0435449 0.199074 0.00557614 -0.0456264 0.197545 -0.00193818 -0.0452976 0.197545 0.00580059 -0.0462256 0.189329 -0.018575 -0.0486999 0.189329 -0.0104956 -0.0481705 0.191602 -0.0103815 -0.0457231 0.191602 -0.0183731 -0.0424215 0.189329 -0.0261199 -0.0130029 0.20179 -0.0351729 -0.0132478 0.201223 -0.037495 -0.0160657 0.20179 -0.0338837 -0.0446425 0.197545 -0.0096212 -0.0429151 0.199074 -0.00924892 -0.0423744 0.197545 -0.0170274 -0.0419604 0.191602 -0.025836 -0.0448992 0.193764 -0.018042 -0.0412043 0.193764 -0.0253705 -0.0401715 0.195761 -0.0247346 -0.0437739 0.195761 -0.0175898 -0.0354135 0.195761 -0.0311678 -0.0363239 0.193764 -0.0319691 -0.00772939 0.187 -0.0493989 -0.00841929 0.189329 -0.0491014 -0.00389005 0.187 -0.0498474 -0.0165964 0.189329 -0.0469723 -0.0115455 0.187 -0.0486475 -0.016416 0.191602 -0.0464617 -0.0161202 0.193764 -0.0456245 -0.0235989 0.193764 -0.0422439 -0.024296 0.189329 -0.0434918 -0.0240319 0.191602 -0.0430191 -0.037397 0.189329 -0.0329135 -0.0312967 0.189329 -0.0387602 -0.0350205 0.187 -0.0356859 -0.0303987 0.193764 -0.037648 -0.0309565 0.191602 -0.0383389 -0.0290844 0.187 -0.04067 -0.0298516 0.201223 -0.0262727 -0.0310102 0.20179 -0.0210854 -0.0407347 0.199074 -0.0163686 -0.0373825 0.199074 -0.0230173 -0.0388872 0.197545 -0.0239438 -0.0193939 0.201223 -0.0347167 -0.0249821 0.201223 -0.0309398 -0.02178 0.20179 -0.0305262 -0.0268139 0.20179 -0.0262152 -0.00672058 0.201223 -0.0391945 -0.00708408 0.20031 -0.0413145 -0.0222718 0.197545 -0.0398684 -0.0275791 0.199074 -0.0341561 -0.02141 0.199074 -0.0383257 -0.0139644 0.20031 -0.039523 -0.00660488 0.20179 -0.0369135 -0.00332541 0.20179 -0.0373516 -0.0189226 0.187 -0.0462796 -0.0388947 0.20031 -0.0156292 6.97574e-17 0.187 -0.05 -1.22103e-17 0.189099 -0.0498524 -0.0409766 0.20031 -0.00883113 -0.0407777 0.197545 0.0205597 -0.0391998 0.199074 0.0197641 -0.0436658 0.197545 0.0133725 -0.0367166 0.197545 0.0271554 -0.0367559 0.20179 0.0074289 -0.0380234 0.201223 0.0116445 -0.0432074 0.193764 0.0217847 -0.0462675 0.193764 0.0141693 -0.0471165 0.191602 0.0144293 -0.0476343 0.189329 0.0145879 -0.0444838 0.189329 0.0224283 -0.0440003 0.191602 0.0221845 -0.0355086 0.201223 0.017903 -0.0348738 0.20179 0.0137843 -0.0319022 0.20179 0.019709 -0.0396182 0.191602 0.0293014 -0.0400535 0.189329 0.0296234 -0.0264172 0.195761 0.0390856 -0.0326427 0.195761 0.0340588 -0.0334819 0.193764 0.0349344 -0.0188105 0.197545 0.0416135 -0.011062 0.199074 0.0424839 -0.0389043 0.193764 0.0287734 -0.0278968 0.189329 0.0412747 -0.034471 0.189329 0.0359664 -0.0306191 0.187 0.0395273 -0.020297 0.191602 0.0449021 -0.0121929 0.193764 0.0468272 -0.0199313 0.193764 0.044093 -0.0222683 0.201223 0.032947 -0.0230933 0.20179 0.029545 -0.0124166 0.191602 0.0476865 -0.00410364 0.193764 0.0482142 0.00372302 0.199074 0.0437423 -0.00355484 0.20031 0.0417664 -0.0175313 0.20179 0.0331492 0.00355484 0.20031 0.0417664 -0.00417894 0.191602 0.049099 -0.012553 0.189329 0.0482105 -0.00337244 0.201223 0.0396233 -0.00495538 0.20179 0.0371709 0.0180826 0.199074 0.0400033 0.00400078 0.195761 0.0470058 0.00410364 0.193764 0.0482142 0.0105623 0.20031 0.0405649 0.0172658 0.20031 0.0381963 0.00166563 0.20179 0.0374628 0.0234727 0.20031 0.034729 0.0315991 0.197545 0.0329699 0.0171144 0.187 0.0469789 0.0205201 0.189329 0.0453956 0.0367166 0.197545 0.0271554 0.0391998 0.199074 0.0197641 0.0407777 0.197545 0.0205597 0.0163799 0.201223 0.0362364 0.0222683 0.201223 0.032947 0.0175498 0.20179 0.0331389 0.0231105 0.20179 0.0295311 0.027516 0.201223 0.0287097 0.0400535 0.189329 0.0296234 0.0396182 0.191602 0.0293014 0.0436658 0.197545 0.0133725 0.0435449 0.199074 0.00557614 0.027949 0.20179 0.0250008 0.0451079 0.195761 0.0138141 0.0421245 0.195761 0.0212387 0.0432074 0.193764 0.0217847 0.0348823 0.20179 0.0137632 0.0389043 0.193764 0.0287734 0.0418796 0.20031 -0.00177903 0.0446425 0.197545 -0.0096212 0.0429151 0.199074 -0.00924892 0.0494145 0.189329 0.00632778 0.0492321 0.191602 -0.00209135 0.0407347 0.199074 -0.0163686 0.0374906 0.20179 0.000819641 0.0409766 0.20031 -0.00883113 0.0448992 0.193764 -0.018042 0.0401715 0.195761 -0.0247346 0.0437739 0.195761 -0.0175898 0.0388947 0.20031 -0.0156292 0.0473025 0.193764 -0.0101945 0.0356939 0.20031 -0.0219776 0.0314662 0.20031 -0.0276938 0.035451 0.20179 -0.0122252 0.0368989 0.201223 -0.0148272 0.0327452 0.20179 -0.0182752 0.0442312 0.187 -0.0233139 0.0424215 0.189329 -0.0261199 0.0462256 0.189329 -0.018575 0.0263334 0.20031 -0.0326132 0.014625 0.199074 -0.0413927 0.0152137 0.197545 -0.0430589 0.00771785 0.197545 -0.0450106 0.0312967 0.189329 -0.0387602 0.0309565 0.191602 -0.0383389 0.037397 0.189329 -0.0329135 0.0240319 0.191602 -0.0430191 0.024296 0.189329 -0.0434918 0.0204429 0.20031 -0.0365945 0.0139644 0.20031 -0.039523 0.0165964 0.189329 -0.0469723 0.016416 0.191602 -0.0464617 0.00797274 0.195761 -0.0464972 -1.13779e-17 0.196685 -0.046454 -1.16822e-17 0.194987 -0.0476963 0.0161202 0.193764 -0.0456245 0.0157161 0.195761 -0.044481 0.0235989 0.193764 -0.0422439 0.00817771 0.193764 -0.0476925 0.00832777 0.191602 -0.0485677 -1.19254e-17 0.193132 -0.048689 0.00841929 0.189329 -0.0491014 -1.21026e-17 0.191157 -0.0494125 0.00772939 0.187 -0.0493989 0.00389005 0.187 -0.0498474 0.0309996 0.20179 -0.0210998 0.011518 0.187 -0.0486546 0.0152559 0.187 -0.0476146 0.0342307 0.20179 -0.0153114 0.0230074 0.195761 -0.0411851 0.0224273 0.187 -0.0446866 0.0189 0.187 -0.0462899 0.0296368 0.195761 -0.0367044 0.0290615 0.187 -0.0406854 0.0258282 0.187 -0.0428122 0.0363922 0.20179 -0.0090441 0.0354135 0.195761 -0.0311678 0.0400964 0.187 -0.0298694 0.0412043 0.193764 -0.0253705 0.0349989 0.187 -0.0357066 0.0321359 0.187 -0.038305 0.0374162 0.20179 -0.00249388 0.0419604 0.191602 -0.025836 0.0376711 0.187 -0.0328768 0.0372708 0.20179 0.00413461 0.0457231 0.191602 -0.0183731 0.0459061 0.187 -0.0198123 0.0422964 0.187 -0.0266638 0.0359602 0.20179 0.0106342 0.0461169 0.195761 -0.00993895 0.0484151 0.187 -0.0124842 0.0473033 0.187 -0.0161973 0.0335253 0.20179 0.0168017 0.0471332 0.195761 -0.0020022 0.0497624 0.187 -0.0048552 0.0492387 0.187 -0.00869084 0.0300434 0.20179 0.022442 0.0467937 0.195761 0.00599216 0.048869 0.187 0.01057 0.0462675 0.193764 0.0141693 0.0499151 0.187 0.00289158 0.0499904 0.187 -0.000974995 0.0256236 0.20179 0.0273802 0.0471165 0.191602 0.0144293 0.0495403 0.187 0.00676457 0.0204036 0.20179 0.0314633 0.0440003 0.191602 0.0221845 0.0451111 0.187 0.0215615 0.0479 0.187 0.0143374 0.0145463 0.20179 0.0345637 0.0114406 0.20179 0.0357112 0.0379292 0.195761 0.0280523 0.0433069 0.187 0.0249893 0.0412396 0.187 0.0282697 0.00497363 0.20179 0.0371677 0.0326427 0.195761 0.0340588 0.0363776 0.187 0.0343007 0.0389239 0.187 0.0313831 -0.00164897 0.20179 0.0374628 0.0264172 0.195761 0.0390856 0.0241687 0.187 0.0437695 0.0199313 0.193764 0.044093 0.0306415 0.187 0.0395092 0.033605 0.187 0.0370228 0.0194318 0.195761 0.0429879 0.020297 0.191602 0.0449021 0.0121929 0.193764 0.0468272 0.0274779 0.187 0.0417727 -0.00822029 0.20179 0.036587 0.0118873 0.195761 0.0456535 0.0124166 0.191602 0.0476865 0.0206914 0.187 0.0455176 -0.014535 0.20179 0.0345677 0.00581553 0.187 0.0496595 0.013415 0.187 0.0481659 -0.0203956 0.20179 0.0314678 -0.00400078 0.195761 0.0470058 -0.00192486 0.187 0.0499616 0.00194899 0.187 0.0499616 -0.025619 0.20179 0.027384 -0.0118873 0.195761 0.0456535 -0.0205201 0.189329 0.0453956 -0.017086 0.187 0.0469889 -0.00962033 0.187 0.0490645 -0.00579739 0.187 0.0496626 -0.0300417 0.20179 0.0224439 -0.0194318 0.195761 0.0429879 -0.0241422 0.187 0.0437843 -0.0270964 0.193764 0.0400904 -0.0134048 0.187 0.0481696 -0.0335248 0.20179 0.0168029 -0.0275936 0.191602 0.040826 -0.0206901 0.187 0.0455184 -0.0359592 0.20179 0.010639 -0.0340963 0.191602 0.0355755 -0.0335922 0.187 0.0370331 -0.0274706 0.187 0.0417768 -0.0372704 0.20179 0.00414274 -0.0379292 0.195761 0.0280523 -0.038909 0.187 0.0314001 -0.0363608 0.187 0.0343198 -0.0374176 0.20179 -0.0024829 -0.0421245 0.195761 0.0212387 -0.0432926 0.187 0.0250124 -0.0412289 0.187 0.028287 -0.0354565 0.20179 -0.012207 -0.0363962 0.20179 -0.00903101 -0.0451079 0.195761 0.0138141 -0.0488625 0.187 0.0105998 -0.0479966 0.193764 0.00614621 -0.0466375 0.187 0.0180231 -0.0451062 0.187 0.0215737 -0.032753 0.20179 -0.0182597 -0.0488774 0.191602 0.00625899 -0.047899 0.187 0.0143416 -0.0290258 0.20179 -0.0237421 -0.0492321 0.191602 -0.00209135 -0.0499898 0.187 -0.000960691 -0.0495391 0.187 0.00677017 -0.0461169 0.195761 -0.00993895 -0.0492413 0.187 -0.00866993 -0.0497658 0.187 -0.00482883 -0.0243912 0.20179 -0.0284826 -0.0473109 0.187 -0.0161724 -0.0484215 0.187 -0.0124632 -0.0189941 0.20179 -0.032333 -0.0356939 0.20031 -0.0219776 -0.0401145 0.187 -0.029845 -0.0442443 0.187 -0.0232878 -0.045913 0.187 -0.0197985 -0.0329549 0.199074 -0.0290039 -0.0342813 0.197545 -0.0301714 -0.0314662 0.20031 -0.0276938 -0.0369905 0.191602 -0.0325557 -0.0423006 0.187 -0.0266581 -0.0286893 0.197545 -0.035531 -0.0263334 0.20031 -0.0326132 -0.0296368 0.195761 -0.0367044 -0.0376729 0.187 -0.0328745 -0.0230074 0.195761 -0.0411851 -0.0204429 0.20031 -0.0365945 -0.0258443 0.187 -0.0428013 -0.0321446 0.187 -0.0382967 -0.00984946 0.20179 -0.0361828 -0.014625 0.199074 -0.0413927 -0.0152137 0.197545 -0.0430589 -0.0157161 0.195761 -0.044481 -0.0224486 0.187 -0.0446769 -0.00741921 0.199074 -0.043269 -0.00771785 0.197545 -0.0450106 -0.00797274 0.195761 -0.0464972 -0.00817771 0.193764 -0.0476925 -0.00832777 0.191602 -0.0485677 -0.0152728 0.187 -0.0476102 0.00389005 0.187 -0.0498474 0 0.012 -0.05 6.97574e-17 0.187 -0.05 0.0152559 0.187 -0.0476146 0.011518 0.012 -0.0486546 0.011518 0.187 -0.0486546 0.00772939 0.187 -0.0493989 0.00772939 0.012 -0.0493989 0.00389005 0.012 -0.0498474 0.0224273 0.012 -0.0446866 0.0224273 0.187 -0.0446866 0.0258282 0.187 -0.0428122 0.0152559 0.012 -0.0476146 0.0189 0.187 -0.0462899 0.0189 0.012 -0.0462899 0.0321359 0.187 -0.038305 0.0349989 0.187 -0.0357066 0.0321359 0.012 -0.038305 0.0290615 0.187 -0.0406854 0.0290615 0.012 -0.0406854 0.0258282 0.012 -0.0428122 0.0422964 0.187 -0.0266638 0.0400964 0.012 -0.0298694 0.0400964 0.187 -0.0298694 0.0376711 0.012 -0.0328768 0.0349989 0.012 -0.0357066 0.0376711 0.187 -0.0328768 0.0459061 0.012 -0.0198123 0.0459061 0.187 -0.0198123 0.0473033 0.187 -0.0161973 0.0422964 0.012 -0.0266638 0.0442312 0.187 -0.0233139 0.0442312 0.012 -0.0233139 0.0492387 0.187 -0.00869084 0.0497624 0.187 -0.0048552 0.0492387 0.012 -0.00869084 0.0484151 0.187 -0.0124842 0.0484151 0.012 -0.0124842 0.0473033 0.012 -0.0161973 0.0495403 0.187 0.00676457 0.0499151 0.012 0.00289158 0.0499151 0.187 0.00289158 0.0499904 0.012 -0.000974995 0.0497624 0.012 -0.0048552 0.0499904 0.187 -0.000974995 0.0479 0.012 0.0143374 0.0479 0.187 0.0143374 0.0466486 0.187 0.0179955 0.0495403 0.012 0.00676457 0.048869 0.187 0.01057 0.048869 0.012 0.01057 0.0433069 0.187 0.0249893 0.0412396 0.187 0.0282697 0.0433069 0.012 0.0249893 0.0451111 0.187 0.0215615 0.0451111 0.012 0.0215615 0.0466486 0.012 0.0179955 0.033605 0.187 0.0370228 0.0363776 0.012 0.0343007 0.0363776 0.187 0.0343007 0.0389239 0.012 0.0313831 0.0412396 0.012 0.0282697 0.0389239 0.187 0.0313831 0.0274779 0.012 0.0417727 0.0274779 0.187 0.0417727 0.0241687 0.187 0.0437695 0.033605 0.012 0.0370228 0.0306415 0.187 0.0395092 0.0306415 0.012 0.0395092 0.0171144 0.187 0.0469789 0.013415 0.187 0.0481659 0.0171144 0.012 0.0469789 0.0206914 0.187 0.0455176 0.0206914 0.012 0.0455176 0.0241687 0.012 0.0437695 0.00194899 0.187 0.0499616 0.00581553 0.012 0.0496595 0.00581553 0.187 0.0496595 0.00964797 0.012 0.0490597 0.013415 0.012 0.0481659 0.00964797 0.187 0.0490597 -0.00579739 0.012 0.0496626 -0.00579739 0.187 0.0496626 -0.00962033 0.187 0.0490645 0.00194899 0.012 0.0499616 -0.00192486 0.187 0.0499616 -0.00192486 0.012 0.0499616 -0.017086 0.187 0.0469889 -0.0206901 0.187 0.0455184 -0.017086 0.012 0.0469889 -0.0134048 0.187 0.0481696 -0.0134048 0.012 0.0481696 -0.00962033 0.012 0.0490645 -0.0306191 0.187 0.0395273 -0.0274706 0.012 0.0417768 -0.0274706 0.187 0.0417768 -0.0241422 0.012 0.0437843 -0.0206901 0.012 0.0455184 -0.0241422 0.187 0.0437843 -0.0363608 0.012 0.0343198 -0.0363608 0.187 0.0343198 -0.038909 0.187 0.0314001 -0.0306191 0.012 0.0395273 -0.0335922 0.187 0.0370331 -0.0335922 0.012 0.0370331 -0.0432926 0.187 0.0250124 -0.0451062 0.187 0.0215737 -0.0432926 0.012 0.0250124 -0.0412289 0.187 0.028287 -0.0412289 0.012 0.028287 -0.038909 0.012 0.0314001 -0.0488625 0.187 0.0105998 -0.047899 0.012 0.0143416 -0.047899 0.187 0.0143416 -0.0466375 0.012 0.0180231 -0.0451062 0.012 0.0215737 -0.0466375 0.187 0.0180231 -0.0499139 0.012 0.002921 -0.0499139 0.187 0.002921 -0.0499898 0.187 -0.000960691 -0.0488625 0.012 0.0105998 -0.0495391 0.187 0.00677017 -0.0495391 0.012 0.00677017 -0.0497658 0.012 -0.00482883 -0.0499898 0.012 -0.000960691 -0.0497658 0.187 -0.00482883 -0.0492413 0.187 -0.00866993 -0.0492413 0.012 -0.00866993 -0.0484215 0.187 -0.0124632 -0.0484215 0.012 -0.0124632 -0.0473109 0.012 -0.0161724 -0.0473109 0.187 -0.0161724 -0.045913 0.187 -0.0197985 -0.045913 0.012 -0.0197985 -0.0442443 0.187 -0.0232878 -0.0442443 0.012 -0.0232878 -0.0423006 0.012 -0.0266581 -0.0423006 0.187 -0.0266581 -0.0401145 0.187 -0.029845 -0.0401145 0.012 -0.029845 -0.0376729 0.187 -0.0328745 -0.0376729 0.012 -0.0328745 -0.0350205 0.012 -0.0356859 -0.0350205 0.187 -0.0356859 -0.0321446 0.187 -0.0382967 -0.0321446 0.012 -0.0382967 -0.0290844 0.187 -0.04067 -0.0290844 0.012 -0.04067 -0.0258443 0.012 -0.0428013 -0.0258443 0.187 -0.0428013 -0.0224486 0.187 -0.0446769 -0.0224486 0.012 -0.0446769 -0.0189226 0.187 -0.0462796 -0.0189226 0.012 -0.0462796 -0.0152728 0.012 -0.0476102 -0.0152728 0.187 -0.0476102 -0.0115455 0.187 -0.0486475 -0.0115455 0.012 -0.0486475 -0.00772939 0.187 -0.0493989 -0.00772939 0.012 -0.0493989 -0.00389005 0.012 -0.0498474 -0.00389005 0.187 -0.0498474 0.0224273 0.012 -0.0446866 0.0243427 0.010905 -0.0435755 0.0166283 0.010905 -0.0470626 0.0258282 0.012 -0.0428122 0.0290615 0.012 -0.0406854 0.0374689 0.010905 -0.0329768 0.0376711 0.012 -0.0328768 0.0400964 0.012 -0.0298694 0.00843548 0.010905 -0.0491959 0.00839214 0.00983688 -0.0489431 -1.21626e-17 0.00983688 -0.0496574 -1.22254e-17 0.010905 -0.0499138 0.00389005 0.012 -0.0498474 0.011518 0.012 -0.0486546 0.0152559 0.012 -0.0476146 0 0.012 -0.05 0.0189 0.012 -0.0462899 0.00772939 0.012 -0.0493989 0.0083211 0.00882207 -0.0485288 -1.20596e-17 0.00882207 -0.049237 0.0313569 0.010905 -0.0388347 0.00822411 0.0078855 -0.0479631 -1.1919e-17 0.0078855 -0.0486631 0.0233849 0.00705025 -0.0418608 0.0229775 0.00633688 -0.0411316 0.0156957 0.00633688 -0.0444232 0.0164028 0.00882207 -0.0464245 0.0162116 0.0078855 -0.0458834 0.0295983 0.00633688 -0.0366568 0.0359945 0.00705025 -0.0316792 0.0353675 0.00633688 -0.0311274 0.030123 0.00705025 -0.0373066 0.0408306 0.00705025 -0.0251404 0.0401194 0.00633688 -0.0247025 0.0365301 0.0078855 -0.0321505 0.0305711 0.0078855 -0.0378616 0.0369609 0.00882207 -0.0325297 0.044492 0.00705025 -0.0178784 0.043717 0.00633688 -0.0175669 0.0414381 0.0078855 -0.0255144 0.0456865 0.00882207 -0.0183584 0.045154 0.0078855 -0.0181444 0.0468735 0.00705025 -0.010102 0.046057 0.00633688 -0.00992605 0.0451415 0.00576295 -0.00972873 0.0419064 0.0053426 -0.0168394 0.042848 0.00576295 -0.0172177 0.047072 0.00633688 -0.0019996 0.0479065 0.00705025 -0.00203504 0.0475709 0.0078855 -0.0102523 0.048269 0.0078855 0.00618108 0.0486193 0.0078855 -0.00206532 0.0488382 0.00882207 0.00625398 0.0401306 0.010905 0.0296804 0.0445693 0.010905 0.0224714 0.0433069 0.012 0.0249893 0.0475614 0.00705025 0.00609047 0.0441538 0.00576295 0.013522 0.0447973 0.0053426 0.00573652 0.0458039 0.00576295 0.00586542 0.0420698 0.00633688 0.0212111 0.0450493 0.00633688 0.0137962 0.0428156 0.00705025 0.0215872 0.0393736 0.00508618 0.0198518 0.0403273 0.0053426 0.0203326 0.036311 0.0053426 0.0268555 0.039125 0.0078855 0.0289367 0.0385515 0.00705025 0.0285125 0.0312501 0.0053426 0.0326058 0.0354523 0.00508618 0.0262204 0.0268506 0.00705025 0.0397268 0.0263829 0.00633688 0.0390348 0.0326004 0.00633688 0.0340146 0.0275715 0.00882207 0.0407934 0.0272501 0.0078855 0.0403179 0.0336719 0.0078855 0.0351326 0.0200444 0.0078855 0.0443432 0.0202808 0.00882207 0.0448662 0.0331783 0.00705025 0.0346176 0.012262 0.0078855 0.0470929 0.0120823 0.00705025 0.0464026 0.0197506 0.00705025 0.0436932 0.0124067 0.00882207 0.0476483 -0.00406642 0.00705025 0.047777 -0.00412692 0.0078855 0.0484878 -0.012262 0.0078855 0.0470929 0.00412692 0.0078855 0.0484878 -0.00417559 0.00882207 0.0490597 -0.0252902 0.0053426 0.0374181 -0.0246921 0.00508618 0.0365332 -0.0181628 0.00508618 0.0401807 -0.00399559 0.00633688 0.0469448 -0.0120823 0.00705025 0.0464026 -0.0118718 0.00633688 0.0455942 -0.0194065 0.00633688 0.0429321 -0.0268506 0.00705025 0.0397268 -0.0263829 0.00633688 0.0390348 -0.0326004 0.00633688 0.0340146 -0.0331783 0.00705025 0.0346176 -0.0305111 0.00508618 0.0318347 -0.036311 0.0053426 0.0268555 -0.0354523 0.00508618 0.0262204 -0.0371269 0.00576295 0.0274589 -0.0412335 0.00576295 0.0207895 -0.0336719 0.0078855 0.0351326 -0.0420698 0.00633688 0.0212111 -0.045848 0.00705025 0.0140408 -0.0450493 0.00633688 0.0137962 -0.039125 0.0078855 0.0289367 -0.0385515 0.00705025 0.0285125 -0.0431835 0.0053426 0.0132248 -0.0441538 0.00576295 0.013522 -0.0458039 0.00576295 0.00586542 -0.0470788 0.00882207 0.0144177 -0.0465301 0.0078855 0.0142497 -0.0434526 0.0078855 0.0219083 -0.0461363 0.00576295 -0.00195985 -0.0447973 0.0053426 0.00573652 -0.0428156 0.00705025 0.0215872 -0.0479065 0.00705025 -0.00203504 -0.047072 0.00633688 -0.0019996 -0.0467329 0.00633688 0.00598438 -0.0491927 0.00882207 -0.00208968 -0.0486193 0.0078855 -0.00206532 -0.048269 0.0078855 0.00618108 -0.0115455 0.012 -0.0486475 -0.0166283 0.010905 -0.0470626 -0.0152728 0.012 -0.0476102 -0.0451415 0.00576295 -0.00972873 -0.0451224 0.0053426 -0.00191678 -4.99644e-17 0.00508618 -0.044095 0 0.005 -0.043 -0.00356401 0.005 -0.0428512 -0.046057 0.00633688 -0.00992605 -0.0468735 0.00705025 -0.010102 -0.042848 0.00576295 -0.0172177 -0.0441494 0.0053426 -0.00951493 -0.0475709 0.0078855 -0.0102523 -0.0365301 0.0078855 -0.0321505 -0.0359945 0.00705025 -0.0316792 -0.0408306 0.00705025 -0.0251404 -0.044492 0.00705025 -0.0178784 -0.043717 0.00633688 -0.0175669 -0.0105434 0.005 -0.0416866 -0.0146898 0.00508618 -0.0415762 -0.0074521 0.00508618 -0.0434608 -0.00707848 0.005 -0.0424134 -0.0150456 0.0053426 -0.0425833 -0.0076326 0.0053426 -0.0445135 -0.0393219 0.00576295 -0.0242114 -0.0346645 0.00576295 -0.0305086 -0.0384577 0.0053426 -0.0236794 -0.0339027 0.0053426 -0.0298381 -0.0290099 0.00576295 -0.0359281 -0.0215049 0.00508618 -0.0384956 -0.0172613 0.005 -0.0393826 -0.0401194 0.00633688 -0.0247025 -0.0353675 0.00633688 -0.0311274 -0.0283724 0.0053426 -0.0351385 -0.0331009 0.00508618 -0.0291325 -0.0375482 0.00508618 -0.0231194 -0.0419064 0.0053426 -0.0168394 -0.0409153 0.00508618 -0.0164411 -0.045154 0.0078855 -0.0181444 -0.0456865 0.00882207 -0.0183584 -0.0481319 0.00882207 -0.0103732 -0.0414381 0.0078855 -0.0255144 -0.0419268 0.00882207 -0.0258153 -0.0369609 0.00882207 -0.0325297 -0.0189226 0.012 -0.0462796 -0.0243427 0.010905 -0.0435755 -0.0313569 0.010905 -0.0388347 -0.0374689 0.010905 -0.0329768 -0.0350205 0.012 -0.0356859 -0.0237328 0.0078855 -0.0424836 -0.0240127 0.00882207 -0.0429846 -0.0164028 0.00882207 -0.0464245 -0.0290844 0.012 -0.04067 -0.00839214 0.00983688 -0.0489431 -0.00843548 0.010905 -0.0491959 -0.0165429 0.00983688 -0.0468208 -0.00389005 0.012 -0.0498474 -0.00772939 0.012 -0.0493989 -0.0220258 0.0053426 -0.039428 -0.0277014 0.00508618 -0.0343075 -0.0475614 0.00705025 0.00609047 -0.0488382 0.00882207 0.00625398 -0.0403273 0.0053426 0.0203326 -0.043965 0.00882207 0.0221667 -0.0487935 0.010905 -0.0105158 -0.0498688 0.010905 -0.0021184 -0.0492413 0.012 -0.00866993 -0.0378799 0.00633688 0.0280158 -0.0395864 0.00882207 0.029278 -0.0272501 0.0078855 0.0403179 -0.0197506 0.00705025 0.0436932 -0.0312501 0.0053426 0.0326058 -0.0319523 0.00576295 0.0333384 -0.0275715 0.00882207 0.0407934 -0.0200444 0.0078855 0.0443432 -0.034069 0.00882207 0.035547 -0.0202808 0.00882207 0.0448662 -0.0345373 0.010905 0.0360356 -0.038909 0.012 0.0314001 -0.0401306 0.010905 0.0296804 -0.0124067 0.00882207 0.0476483 0.00406642 0.00705025 0.047777 0.00399559 0.00633688 0.0469448 0.0118718 0.00633688 0.0455942 0.0194065 0.00633688 0.0429321 0.00417559 0.00882207 0.0490597 0.0038301 0.0053426 0.0450004 0.011111 0.00508618 0.0426722 0.0113801 0.0053426 0.0437058 0.0186027 0.0053426 0.0411539 0.0181628 0.00508618 0.0401807 0.0246921 0.00508618 0.0365332 0.0252902 0.0053426 0.0374181 0.00423299 0.010905 0.049734 -0.00192486 0.012 0.0499616 -0.00423299 0.010905 0.049734 0.0378799 0.00633688 0.0280158 0.034069 0.00882207 0.035547 0.0305111 0.00508618 0.0318347 0.0434526 0.0078855 0.0219083 0.045848 0.00705025 0.0140408 0.0465301 0.0078855 0.0142497 0.043965 0.00882207 0.0221667 0.0395864 0.00882207 0.029278 0.0467329 0.00633688 0.00598438 0.035992 0.005 0.0235274 0.0378122 0.005 0.0204732 0.0470788 0.00882207 0.0144177 0.0491927 0.00882207 -0.00208968 0.0461363 0.00576295 -0.00195985 0.0451224 0.0053426 -0.00191678 0.0441494 0.0053426 -0.00951493 0.0481319 0.00882207 -0.0103732 0.0419268 0.00882207 -0.0258153 0.0384577 0.0053426 -0.0236794 0.0393219 0.00576295 -0.0242114 0.0346645 0.00576295 -0.0305086 0.0339027 0.0053426 -0.0298381 0.0290099 0.00576295 -0.0359281 0.0283724 0.0053426 -0.0351385 0.0237328 0.0078855 -0.0424836 0.015974 0.00705025 -0.0452107 0.0463145 0.010905 -0.0186107 0.0484151 0.012 -0.0124842 0.0487935 0.010905 -0.0105158 0.0309317 0.00882207 -0.0383082 0.0331009 0.00508618 -0.0291325 0.0277014 0.00508618 -0.0343075 0.0215049 0.00508618 -0.0384956 0.00810355 0.00705025 -0.04726 0.00796239 0.00633688 -0.0464368 0.0240127 0.00882207 -0.0429846 -5.43322e-17 0.00705025 -0.0479497 -5.33858e-17 0.00633688 -0.0471145 0.0146898 0.00508618 -0.0415762 0.0220258 0.0053426 -0.039428 0.00780411 0.00576295 -0.0455137 -5.23246e-17 0.00576295 -0.0461779 0.0074521 0.00508618 -0.0434608 0.0150456 0.0053426 -0.0425833 -5.11747e-17 0.0053426 -0.0451631 0.0076326 0.0053426 -0.0445135 0.00356401 0.005 -0.0428512 0.0321359 0.012 -0.038305 0.0349989 0.012 -0.0357066 0.0165429 0.00983688 -0.0468208 0.0153837 0.00576295 -0.0435401 0.0105686 0.005 -0.04168 0.00707848 0.005 -0.0424134 0.0422964 0.012 -0.0266638 0.0425031 0.010905 -0.0261702 0.0242177 0.00983688 -0.0433516 0.0225207 0.00576295 -0.040314 0.0172848 0.005 -0.039372 0.0139638 0.005 -0.0406695 0.0442312 0.012 -0.0233139 0.0459061 0.012 -0.0198123 0.0311958 0.00983688 -0.0386352 0.0235295 0.005 -0.03599 0.0204681 0.005 -0.037816 0.0473033 0.012 -0.0161973 0.0372764 0.00983688 -0.0328074 0.048869 0.012 0.01057 0.0495095 0.010905 0.00633994 0.0495403 0.012 0.00676457 0.0375482 0.00508618 -0.0231194 0.0339403 0.005 -0.0264001 0.0291322 0.005 -0.0316263 0.026414 0.005 -0.0339308 0.0497624 0.012 -0.0048552 0.0492387 0.012 -0.00869084 0.0422847 0.00983688 -0.0260357 0.0498688 0.010905 -0.0021184 0.0409153 0.00508618 -0.0164411 0.0378225 0.005 -0.0204539 0.0316391 0.005 -0.0291197 0.0499904 0.012 -0.000974995 0.0499151 0.012 0.00289158 0.0460766 0.00983688 -0.0185151 0.0431053 0.00508618 -0.00928991 0.0406731 0.005 -0.0139499 0.036001 0.005 -0.0235142 0.0479 0.012 0.0143374 0.0477259 0.010905 0.0146159 0.0485428 0.00983688 -0.0104618 0.0440553 0.00508618 -0.00187145 0.0424144 0.005 -0.00706552 0.0393806 0.005 -0.0172671 0.0466486 0.012 0.0179955 0.0451111 0.012 0.0215615 0.0496127 0.00983688 -0.00210752 0.0437379 0.00508618 0.00560086 0.0429989 0.005 1.14432e-05 0.0416858 0.005 -0.010549 0.0412396 0.012 0.0282697 0.0492552 0.00983688 0.00630737 0.0241687 0.012 0.0437695 0.0279505 0.010905 0.0413541 0.0274779 0.012 0.0417727 0.0421622 0.00508618 0.012912 0.0424107 0.005 0.007088 0.0428535 0.005 -0.00354309 0.0389239 0.012 0.0313831 0.0363776 0.012 0.0343007 0.0474808 0.00983688 0.0145408 0.0345373 0.010905 0.0360356 0.0406659 0.005 0.0139712 0.0431835 0.0053426 0.0132248 0.0428521 0.005 0.00355944 0.033605 0.012 0.0370228 0.0306415 0.012 0.0395092 0.0443404 0.00983688 0.0223559 0.0412335 0.00576295 0.0207895 0.0393739 0.005 0.0172819 0.0416816 0.005 0.0105648 0.0206914 0.012 0.0455176 0.0205596 0.010905 0.0454829 0.0399244 0.00983688 0.0295279 0.0371269 0.00576295 0.0274589 0.0319523 0.00576295 0.0333384 0.0171144 0.012 0.0469789 0.013415 0.012 0.0481659 0.0125772 0.010905 0.0483032 0.0343599 0.00983688 0.0358505 0.0258585 0.00576295 0.0382589 0.0316282 0.005 0.029131 0.0339274 0.005 0.0264169 0.00964797 0.012 0.0490597 0.00581553 0.012 0.0496595 0.0278069 0.00983688 0.0411416 0.0190207 0.00576295 0.0420786 0.0264016 0.005 0.0339397 0.0291176 0.005 0.0316402 0.00194899 0.012 0.0499616 0.0204539 0.00983688 0.0452492 -0.0241422 0.012 0.0437843 -0.0205596 0.010905 0.0454829 -0.0206901 0.012 0.0455184 0.0116358 0.00576295 0.0446879 0.0204548 0.005 0.0378226 0.0235138 0.005 0.0360007 -0.00579739 0.012 0.0496626 -0.00962033 0.012 0.0490645 0.0125126 0.00983688 0.0480551 -0.0125772 0.010905 0.0483032 0.00391616 0.00576295 0.0460116 0.01395 0.005 0.0406735 0.0172689 0.005 0.0393795 -0.0134048 0.012 0.0481696 -0.017086 0.012 0.0469889 0.00421124 0.00983688 0.0494785 0.00373952 0.00508618 0.0439362 -0.0038301 0.0053426 0.0450004 -0.00373952 0.00508618 0.0439362 -0.00391616 0.00576295 0.0460116 0.00706476 0.005 0.0424149 0.0105533 0.005 0.0416845 -0.0274706 0.012 0.0417768 -0.0279505 0.010905 0.0413541 -0.00421124 0.00983688 0.0494785 -0.0113801 0.0053426 0.0437058 -0.011111 0.00508618 0.0426722 -1.31135e-05 0.005 0.0429992 0.00355001 0.005 0.0428531 -0.0306191 0.012 0.0395273 -0.0335922 0.012 0.0370331 -0.0125126 0.00983688 0.0480551 -0.0186027 0.0053426 0.0411539 -0.0116358 0.00576295 0.0446879 -0.00709054 0.005 0.0424105 -0.00355137 0.005 0.0428531 -0.0363608 0.012 0.0343198 -0.0204539 0.00983688 0.0452492 -0.0488625 0.012 0.0105998 -0.0477259 0.010905 0.0146159 -0.047899 0.012 0.0143416 -0.0190207 0.00576295 0.0420786 -0.0139745 0.005 0.0406649 -0.0105572 0.005 0.0416839 -0.0432926 0.012 0.0250124 -0.0412289 0.012 0.028287 -0.0278069 0.00983688 0.0411416 -0.0445693 0.010905 0.0224714 -0.0258585 0.00576295 0.0382589 -0.0204771 0.005 0.0378101 -0.017275 0.005 0.0393773 -0.0451062 0.012 0.0215737 -0.0466375 0.012 0.0180231 -0.0343599 0.00983688 0.0358505 -0.0264211 0.005 0.033924 -0.0235214 0.005 0.0359964 -0.0495391 0.012 0.00677017 -0.0495095 0.010905 0.00633994 -0.0399244 0.00983688 0.0295279 -0.0393736 0.00508618 0.0198518 -0.0360044 0.005 0.0235073 -0.0316443 0.005 0.0291126 -0.0291261 0.005 0.0316333 -0.0499139 0.012 0.002921 -0.0499898 0.012 -0.000960691 -0.0443404 0.00983688 0.0223559 -0.0421622 0.00508618 0.012912 -0.0393823 0.005 0.0172608 -0.033936 0.005 0.0264072 -0.0497658 0.012 -0.00482883 -0.0474808 0.00983688 0.0145408 -0.0401145 0.012 -0.029845 -0.0425031 0.010905 -0.0261702 -0.0423006 0.012 -0.0266581 -0.0437379 0.00508618 0.00560086 -0.0416861 0.005 0.0105437 -0.03782 0.005 0.0204606 -0.0484215 0.012 -0.0124632 -0.0473109 0.012 -0.0161724 -0.0492552 0.00983688 0.00630737 -0.0463145 0.010905 -0.0186107 -0.0440553 0.00508618 -0.00187145 -0.042853 0.005 0.00353911 -0.0406721 0.005 0.0139557 -0.045913 0.012 -0.0197985 -0.0442443 0.012 -0.0232878 -0.0496127 0.00983688 -0.00210752 -0.0431053 0.00508618 -0.00928991 -0.0428511 0.005 -0.0035619 -0.0424145 0.005 0.00707019 -0.0376729 0.012 -0.0328745 -0.0485428 0.00983688 -0.0104618 -0.0416807 0.005 -0.0105657 -0.0429997 0.005 -8.20922e-06 -0.0321446 0.012 -0.0382967 -0.0460766 0.00983688 -0.0185151 -0.0378121 0.005 -0.0204746 -0.0393735 0.005 -0.0172812 -0.0406667 0.005 -0.0139711 -0.0424118 0.005 -0.00708633 -0.0258443 0.012 -0.0428013 -0.0422847 0.00983688 -0.0260357 -0.0224486 0.012 -0.0446769 -0.0372764 0.00983688 -0.0328074 -0.0153837 0.00576295 -0.0435401 -0.033926 0.005 -0.0264194 -0.0359927 0.005 -0.0235254 -0.0309317 0.00882207 -0.0383082 -0.0311958 0.00983688 -0.0386352 -0.0305711 0.0078855 -0.0378616 -0.030123 0.00705025 -0.0373066 -0.0295983 0.00633688 -0.0366568 -0.0225207 0.00576295 -0.040314 -0.0291143 0.005 -0.0316434 -0.0316305 0.005 -0.029128 -0.0242177 0.00983688 -0.0433516 -0.0233849 0.00705025 -0.0418608 -0.0229775 0.00633688 -0.0411316 -0.0235085 0.005 -0.0360042 -0.0264058 0.005 -0.0339363 -0.0162116 0.0078855 -0.0458834 -0.015974 0.00705025 -0.0452107 -0.0156957 0.00633688 -0.0444232 -0.0139588 0.005 -0.0406708 -0.0204612 0.005 -0.0378192 -0.0083211 0.00882207 -0.0485288 -0.00822411 0.0078855 -0.0479631 -0.00810355 0.00705025 -0.04726 -0.00796239 0.00633688 -0.0464368 -0.00780411 0.00576295 -0.0455137</float_array>
          <technique_common>
            <accessor count="3591" source="#ID5" stride="3">
              <param name="X" type="float"/>
              <param name="Y" type="float"/>
              <param name="Z" type="float"/>
            </accessor>
          </technique_common>
        </source>
        <source id="ID6">
          <float_array count="10773" id="ID7">0 1 0 0 1 0 0 1 0 0 1 0 0 1 0 0 1 0 0 1 0 0 1 0 0 1 0 0 1 0 0 1 0 0 1 0 0 1 0 0 1 0 0 1 0 0 1 0 0 1 0 0 1 0 0 1 0 0 1 0 0 1 0 0 1 0 0 1 0 0 1 0 0 1 0 0 1 0 0 1 0 0 1 0 0 1 0 0 1 0 0 1 0 0 1 0 0 1 0 0 1 0 0 1 0 0 1 0 0 1 0 0 1 0 0 1 0 0 1 0 0 1 0 0 1 0 0 1 0 0 1 0 0 1 0 0 1 0 0 1 0 0 1 0 0 1 0 0 1 0 0 1 0 0 1 0 0 1 0 0 1 0 0 1 0 0 1 0 0 1 0 0 1 0 0 1 0 0 1 0 0 1 0 0 1 0 0 1 0 0 1 0 0 1 0 0 1 0 0 1 0 0 1 0 0 1 0 0 1 0 0 1 0 0 1 0 0 1 0 0 1 0 0 1 0 0 1 0 0 1 0 0 1 0 0 1 0 0 1 0 0 1 0 0 1 0 0 1 0 0 1 0 0 1 0 0 1 0 0 1 0 0 1 0 0 1 0 0 1 0 0 1 0 0 1 0 0 1 0 0 1 0 0 1 0 0 1 0 0 1 0 0 1 0 0 1 0 0 1 0 0 1 0 0 1 0 0 1 0 0 1 0 0 1 0 0 1 0 0 1 0 0 1 0 0 1 0 0 1 0 0 1 0 0 1 0 0 1 0 0 1 0 0 1 0 0 1 0 0 1 0 0 1 0 0 1 0 0 1 0 0 1 0 0 1 0 0 1 0 0 1 0 0 1 0 0 1 0 0 1 0 0 1 0 0 1 0 0 1 0 0 1 0 0 1 0 0 1 0 0 1 0 0 1 0 0 1 0 0 1 0 0 1 0 0 1 0 0 1 0 0 1 0 0 1 0 0 1 0 0 1 0 0 1 0 0 1 0 0 1 0 0 1 0 0 1 0 0 1 0 0 1 0 0 1 0 0 1 0 0 1 0 0 1 0 0 1 0 0 1 0 0 1 0 0 1 0 0 1 0 0 1 0 0 1 0 0 1 0 0 1 0 0 1 0 0 1 0 0 1 0 0 1 0 0 1 0 0 1 0 0 1 0 0 1 0 0 1 0 0 1 0 0 1 0 0 1 0 0 1 0 0 1 0 0 1 0 0 1 0 0 1 0 0 1 0 0 1 0 0 1 0 0 1 0 0 1 0 0 1 0 0 1 0 0 1 0 0 1 0 0 1 0 0 1 0 0 1 0 0 1 0 0 1 0 0 1 0 0 1 0 -0 -1 -0 -0 -1 -0 -0 -1 -0 -0 -1 -0 -0 -1 -0 -0 -1 -0 -0 -1 -0 -0 -1 -0 -0 -1 -0 -0 -1 -0 -0 -1 -0 -0 -1 -0 -0 -1 -0 -0 -1 -0 -0 -1 -0 -0 -1 -0 -0 -1 -0 -0 -1 -0 -0 -1 -0 -0 -1 -0 -0 -1 -0 -0 -1 -0 -0 -1 -0 -0 -1 -0 -0 -1 -0 -0 -1 -0 -0 -1 -0 -0 -1 -0 -0 -1 -0 -0 -1 -0 -0 -1 -0 -0 -1 -0 -0 -1 -0 -0 -1 -0 -0 -1 -0 -0 -1 -0 -0 -1 -0 -0 -1 -0 -0 -1 -0 -0 -1 -0 -0 -1 -0 -0 -1 -0 -0 -1 -0 -0 -1 -0 -0 -1 -0 -0 -1 -0 -0 -1 -0 -0 -1 -0 -0 -1 -0 -0 -1 -0 -0 -1 -0 -0 -1 -0 -0 -1 -0 -0 -1 -0 -0 -1 -0 -0 -1 -0 -0 -1 -0 -0 -1 -0 -0 -1 -0 -0 -1 -0 -0 -1 -0 -0 -1 -0 -0 -1 -0 -0 -1 -0 -0 -1 -0 -0 -1 -0 -0 -1 -0 -0 -1 -0 -0 -1 -0 -0 -1 -0 -0 -1 -0 -0 -1 -0 -0 -1 -0 -0 -1 -0 -0 -1 -0 -0 -1 -0 0.524849 -0.809017 0.264623 0.631394 -0.707107 0.318342 0.562021 -0.809017 0.172117 0.139684 -0.987688 0.0704274 0.248449 -0.951056 0.183752 0.275929 -0.951056 0.139121 0.773555 -0.587785 0.236899 0.722392 -0.587785 0.364222 0.795603 -0.453991 0.401134 0.645928 1.74846e-07 0.763398 0.68342 -0.156434 0.713068 0.55308 -0.156434 0.818309 0.676112 -0.707107 0.207057 0.701379 -0.707107 0.0898151 9.98311e-09 -1 6.52229e-09 1.04876e-08 -1 5.67562e-09 0.583024 -0.809017 0.0746592 0.802464 -0.587785 0.10276 0.851951 -0.453991 0.260907 0.70647 -0.707107 -0.0300104 0.587255 -0.809017 -0.0249463 0.306514 -0.951056 0.0392507 0.434091 -0.891006 0.132939 0.450314 -0.891006 0.0576649 0.808288 -0.587785 -0.0343357 0.88379 -0.453991 0.113174 0.691236 -0.707107 -0.148973 0.890204 -0.453991 -0.0378154 0.790859 -0.587785 -0.170443 0.453582 -0.891006 -0.0192679 0.308739 -0.951056 -0.0131151 0.574592 -0.809017 -0.123834 0.656117 -0.707107 -0.263649 0.881932 -0.156434 0.444661 0.911023 1.74846e-07 0.412356 0.944395 -0.156434 0.289218 0.443801 -0.891006 -0.0956464 0.302081 -0.951056 -0.0651035 0.750678 -0.587785 -0.301647 0.602122 -0.707107 -0.370741 0.545399 -0.809017 -0.219159 0.286734 -0.951056 -0.115219 0.421253 -0.891006 -0.169273 0.871008 -0.453991 -0.187717 0.688901 -0.587785 -0.424173 0.530805 -0.707107 -0.467167 0.500516 -0.809017 -0.30818 0.386586 -0.891006 -0.238031 0.263137 -0.951056 -0.16202 0.826755 -0.453991 -0.332218 0.444219 -0.707107 -0.550154 0.607307 -0.587785 -0.534497 0.758718 -0.453991 -0.467161 0.340798 -0.891006 -0.29994 0.231971 -0.951056 -0.20416 0.441234 -0.809017 -0.388335 0.344852 -0.707107 -0.617314 0.508241 -0.587785 -0.629444 0.668854 -0.453991 -0.588665 0.194131 -0.951056 -0.240426 0.285206 -0.891006 -0.353221 0.369258 -0.809017 -0.457318 0.394553 -0.587785 -0.706283 0.235565 -0.707107 -0.666715 0.951057 1.74846e-07 -0.309017 0.916465 -0.156434 -0.368266 0.96552 -0.156434 -0.208085 0.559748 -0.453991 -0.693235 0.28666 -0.809017 -0.513145 0.434539 -0.453991 -0.777861 0.269516 -0.587785 -0.762804 0.117431 -0.987688 -0.103352 0.0982753 -0.987688 -0.121712 0.195815 -0.809017 -0.554209 0.119502 -0.707107 -0.696936 0.136725 -0.587785 -0.79738 0.29683 -0.453991 -0.84011 0.0762923 -0.987688 -0.13657 0.74143 -0.156434 -0.652541 0.673696 1.74846e-07 -0.739009 0.620486 -0.156434 -0.768457 0.0993362 -0.809017 -0.57933 0.0738525 1.74846e-07 -0.997269 1.38778e-15 1.74846e-07 -1 -6.73684e-10 -0.156434 -0.987688 0.150581 -0.453991 -0.87819 -2.20727e-09 -0.587785 -0.809017 0.481691 -0.156434 -0.862266 0.557489 1.74846e-07 -0.830184 -5.27183e-10 -0.453991 -0.891007 0.160729 -0.309017 -0.937376 0.16692 -0.156434 -0.973481 0.147302 1.74846e-07 -0.989092 0.219946 1.74846e-07 -0.975512 0.29139 1.74846e-07 -0.956604 -1.2974e-09 -0.309017 -0.951057 0.494656 1.74846e-07 -0.869089 0.617278 1.74846e-07 -0.786745 -1.39478e-09 -0.707107 -0.707107 0.429121 1.74846e-07 -0.903247 0.329038 -0.156434 -0.931269 0.0521146 -0.987688 -0.147499 0.150706 -0.951056 -0.269776 -6.95551e-10 -0.809017 -0.587785 0.102946 -0.951056 -0.291365 0.0264376 -0.987688 -0.154184 -1.78948e-10 -0.891006 -0.453991 -1.6862e-09 -0.951056 -0.309017 0.0767248 -0.891006 -0.44746 0.0522241 -0.951056 -0.304572 1.74808e-10 -0.987688 -0.156435 9.84749e-10 -1 -1.18842e-08 -4.70441e-17 -1 -1.19249e-08 0.125773 -0.987688 0.0930212 0.213821 -0.951056 0.223097 0.568512 -0.707107 0.420469 0.472578 -0.809017 0.349516 0.650447 -0.587785 0.481068 0.716367 -0.453991 0.529822 0.616522 -0.453991 0.643268 0.55979 -0.587785 0.584075 0.406711 -0.809017 0.424355 0.489275 -0.707107 0.5105 0.173042 -0.951056 0.256024 0.108243 -0.987688 0.112939 0.0837618 -0.156434 0.98413 0.18375 1.74846e-07 0.982973 0.248876 -0.156434 0.955819 0.329145 -0.809017 0.486986 0.395962 -0.707107 0.585845 0.0875994 -0.987688 0.129608 0.127285 -0.951056 0.281585 0.453029 -0.587785 0.670278 0.498941 -0.453991 0.738207 0.242109 -0.809017 0.535607 0.291258 -0.707107 0.644336 0.0644356 -0.987688 0.142548 0.0778655 -0.951056 0.299046 0.224514 -0.453991 0.862256 0.333235 -0.587785 0.737199 0.203855 -0.587785 0.782912 0.367007 -0.453991 0.811911 0.0394181 -0.987688 0.151387 0.0262065 -0.951056 0.307904 0.0686094 -0.587785 0.806102 0.0755626 -0.453991 0.887797 0.148109 -0.809017 0.568819 0.178175 -0.707107 0.68429 0.0599668 -0.707107 0.704559 -0.0686096 -0.587785 0.806102 -0.55308 -0.156434 0.818309 -0.526432 1.74846e-07 0.850217 -0.40683 -0.156434 0.90001 0.0498477 -0.809017 0.585668 -0.0599668 -0.707107 0.704559 -0.0498476 -0.809017 0.585668 -0.0755626 -0.453991 0.887797 -0.203855 -0.587785 0.782912 -0.224514 -0.453991 0.862256 -0.148109 -0.809017 0.568819 -0.178175 -0.707107 0.68429 -0.333235 -0.587785 0.737199 -0.0875994 -0.987688 0.129608 -0.173042 -0.951056 0.256024 -0.0644356 -0.987688 0.142548 -0.367007 -0.453991 0.811911 -0.242109 -0.809017 0.535607 -0.291258 -0.707107 0.644336 -0.108243 -0.987688 0.112939 -0.213821 -0.951056 0.223097 -0.840344 1.74846e-07 0.542053 -0.794099 -0.156434 0.587312 -0.881933 -0.156434 0.444661 -0.329145 -0.809017 0.486986 -0.395962 -0.707107 0.585845 -0.248449 -0.951056 0.183752 -0.125773 -0.987688 0.0930212 -0.498941 -0.453991 0.738207 -0.453029 -0.587785 0.670278 -0.406711 -0.809017 0.424355 -0.489275 -0.707107 0.5105 -0.314134 -0.891006 0.327761 -0.365007 -0.891006 0.269958 -0.55979 -0.587785 0.584075 -0.616522 -0.453991 0.643268 -0.650447 -0.587785 0.481068 -0.716367 -0.453991 0.529822 -0.40538 -0.891006 0.204388 -0.568512 -0.707107 0.420469 -0.472578 -0.809017 0.349517 -0.631394 -0.707107 0.318342 -0.524849 -0.809017 0.264623 -0.722392 -0.587785 0.364223 -0.795603 -0.453991 0.401134 -0.986798 -0.156434 -0.0419185 -0.96552 -0.156434 -0.208085 -0.986201 1.74846e-07 -0.165554 -0.562021 -0.809017 0.172117 -0.676112 -0.707107 0.207057 -0.275929 -0.951056 0.139121 -0.434091 -0.891006 0.132939 -0.851951 -0.453991 0.260907 -0.773555 -0.587785 0.236898 -0.88379 -0.453991 0.113174 -0.802464 -0.587785 0.102759 -0.450314 -0.891006 0.0576649 -0.295472 -0.951056 0.0904873 -0.701379 -0.707107 0.0898151 -0.583024 -0.809017 0.0746591 -0.808288 -0.587785 -0.0343355 -0.890204 -0.453991 -0.0378157 -0.306514 -0.951056 0.0392506 -0.453582 -0.891006 -0.0192678 -0.587255 -0.809017 -0.0249465 -0.70647 -0.707107 -0.0300103 -0.775204 1.74846e-07 -0.631711 -0.841045 -0.156434 -0.517852 -0.74143 -0.156434 -0.652541 -0.443801 -0.891006 -0.0956464 -0.308739 -0.951056 -0.0131152 -0.691236 -0.707107 -0.148973 -0.574592 -0.809017 -0.123834 -0.790859 -0.587785 -0.170443 -0.871008 -0.453991 -0.187717 -0.133209 -0.987688 -0.0820198 -0.231971 -0.951056 -0.20416 -0.263137 -0.951056 -0.16202 -0.826755 -0.453991 -0.332217 -0.750678 -0.587785 -0.301647 -0.668854 -0.453991 -0.588666 -0.758718 -0.453991 -0.467161 -0.688902 -0.587785 -0.424173 -0.329038 -0.156434 -0.931269 -0.219946 1.74846e-07 -0.975512 -0.29139 1.74846e-07 -0.956604 -0.673695 1.74846e-07 -0.739009 -0.620486 -0.156434 -0.768457 -0.557489 1.74846e-07 -0.830184 -0.481691 -0.156434 -0.862266 -0.429121 1.74846e-07 -0.903247 -0.302081 -0.951056 -0.0651035 -0.421253 -0.891006 -0.169273 -0.394553 -0.587785 -0.706283 -0.29683 -0.453991 -0.84011 -0.434539 -0.453991 -0.777861 -0.286734 -0.951056 -0.115219 -0.145154 -0.987688 -0.0583276 -0.160729 -0.309017 -0.937376 -0.16692 -0.156434 -0.973481 -0.316835 -0.309017 -0.89673 -0.0738523 1.74846e-07 -0.997269 -0.147302 1.74846e-07 -0.989092 -0.545399 -0.809017 -0.219159 -0.656116 -0.707107 -0.263649 -0.602122 -0.707107 -0.370741 -0.530806 -0.707107 -0.467167 -0.607307 -0.587785 -0.534497 -0.386586 -0.891006 -0.238031 -0.340798 -0.891006 -0.29994 -4.79017e-09 -1 -1.09205e-08 -0.0521145 -0.987688 -0.147499 -0.0762923 -0.987688 -0.13657 -0.500516 -0.809017 -0.30818 -0.441234 -0.809017 -0.388335 -0.285206 -0.891006 -0.353221 -0.194131 -0.951056 -0.240426 -0.117431 -0.987688 -0.103352 -0.0982753 -0.987688 -0.121712 -0.150706 -0.951056 -0.269776 -1.96277e-09 -1 -1.17622e-08 -0.0264376 -0.987688 -0.154184 -2.92739e-09 -1 -1.156e-08 -0.102946 -0.951056 -0.291365 -0.0522242 -0.951056 -0.304572 -9.84753e-10 -1 -1.18842e-08 0.361242 1.74846e-07 -0.932472 0.726434 1.74846e-07 -0.687237 0.316835 -0.309017 -0.89673 0.925638 1.74846e-07 -0.378411 0.895163 1.74846e-07 -0.445738 0.151242 -0.891006 -0.428058 2.92739e-09 -1 -1.156e-08 1.96277e-09 -1 -1.17622e-08 0.81974 1.74846e-07 -0.572735 0.775204 1.74846e-07 -0.631711 0.463825 -0.309017 -0.830286 0.841045 -0.156434 -0.517852 0.221409 -0.891006 -0.39634 4.79017e-09 -1 -1.09205e-08 3.872e-09 -1 -1.12788e-08 0.8598 1.74846e-07 -0.510631 0.597473 -0.309017 -0.739956 6.52229e-09 -1 -9.98311e-09 5.67562e-09 -1 -1.04876e-08 0.971281 1.74846e-07 -0.237935 0.713932 -0.309017 -0.628339 0.979689 -0.156434 0.125454 0.97941 1.74846e-07 0.201883 0.991645 1.74846e-07 0.128999 9.41041e-09 -1 -7.32441e-09 0.133209 -0.987688 -0.0820198 8.0765e-09 -1 -8.77342e-09 7.32441e-09 -1 -9.41041e-09 0.995734 1.74846e-07 -0.0922684 0.986201 1.74846e-07 -0.165554 0.809852 -0.309017 -0.498646 0.986798 -0.156434 -0.0419187 1.04876e-08 -1 -5.67562e-09 0.145154 -0.987688 -0.0583276 8.77342e-09 -1 -8.0765e-09 0.999829 1.74846e-07 -0.0184788 0.998464 1.74846e-07 0.0554116 0.882475 -0.309017 -0.354608 1.12788e-08 -1 -3.872e-09 0.152923 -0.987688 -0.0329575 9.98311e-09 -1 -6.52229e-09 0.961826 1.74846e-07 0.273663 0.92971 -0.309017 -0.200368 1.17622e-08 -1 -1.96277e-09 0.156294 -0.987688 -0.00663925 1.09205e-08 -1 -4.79017e-09 0.938988 1.74846e-07 0.343949 0.9502 -0.309017 -0.040364 0.700543 1.74846e-07 0.71361 0.751332 1.74846e-07 0.659925 1.19249e-08 -1 -9.00303e-16 0.155167 -0.987688 0.01987 1.156e-08 -1 -2.92739e-09 0.878081 1.74846e-07 0.478512 0.840344 1.74846e-07 0.542053 0.943353 -0.309017 0.120801 0.794099 -0.156434 0.587312 1.17622e-08 -1 1.96277e-09 0.149577 -0.987688 0.0458076 1.18842e-08 -1 -9.84748e-10 0.798017 1.74846e-07 0.602635 0.909369 -0.309017 0.278491 1.12788e-08 -1 3.872e-09 0.295472 -0.951056 0.0904873 1.18842e-08 -1 9.84749e-10 0.587785 1.74846e-07 0.809017 0.849223 -0.309017 0.428169 0.255843 1.74846e-07 0.966718 0.326539 1.74846e-07 0.945184 0.40538 -0.891006 0.204388 1.09205e-08 -1 4.79017e-09 1.156e-08 -1 2.92738e-09 0.462204 1.74846e-07 0.886774 0.526432 1.74846e-07 0.850217 0.764647 -0.309017 0.56553 0.40683 -0.156434 0.90001 0.365007 -0.891006 0.269958 0.314134 -0.891006 0.327761 0.395451 1.74846e-07 0.918487 0.658073 -0.309017 0.686621 0.254223 -0.891006 0.376136 8.77342e-09 -1 8.0765e-09 9.41041e-09 -1 7.32441e-09 0.110653 1.74846e-07 0.993859 0.532568 -0.309017 0.78796 -0.248876 -0.156434 0.955819 -0.326539 1.74846e-07 0.945184 -0.255843 1.74846e-07 0.966718 0.186999 -0.891006 0.413689 7.32441e-09 -1 9.41041e-09 8.0765e-09 -1 8.77342e-09 -0.0369518 1.74846e-07 0.999317 0.0369514 1.74846e-07 0.999317 0.391741 -0.309017 0.86663 -0.083762 -0.156434 0.98413 0.114396 -0.891006 0.439342 5.67562e-09 -1 1.04876e-08 6.52229e-09 -1 9.98311e-09 -0.110653 1.74846e-07 0.993859 -0.18375 1.74846e-07 0.982973 0.239645 -0.309017 0.920369 0.0385011 -0.891006 0.452355 3.872e-09 -1 1.12788e-08 4.79017e-09 -1 1.09205e-08 -0.395451 1.74846e-07 0.918487 0.0806552 -0.309017 0.94763 0.0132666 -0.987688 0.155871 -0.0132665 -0.987688 0.155871 -0.0262065 -0.951056 0.307904 -0.0385012 -0.891006 0.452355 1.96277e-09 -1 1.17622e-08 2.92739e-09 -1 1.156e-08 -0.462204 1.74846e-07 0.886774 -0.0806552 -0.309017 0.94763 -0.798017 1.74846e-07 0.602634 -0.751332 1.74846e-07 0.659924 -0.0394181 -0.987688 0.151387 -0.0778655 -0.951056 0.299046 -1.04251e-15 -1 1.19249e-08 9.84749e-10 -1 1.18842e-08 -0.587785 1.74846e-07 0.809017 -0.645928 1.74846e-07 0.763398 -0.239645 -0.309017 0.920369 -0.68342 -0.156434 0.713067 -0.127285 -0.951056 0.281585 -0.114396 -0.891006 0.439342 -1.96277e-09 -1 1.17622e-08 -9.84751e-10 -1 1.18842e-08 -0.700543 1.74846e-07 0.71361 -0.391741 -0.309017 0.86663 -0.186999 -0.891006 0.413689 -3.872e-09 -1 1.12788e-08 -2.92739e-09 -1 1.156e-08 -0.878081 1.74846e-07 0.478511 -0.532568 -0.309017 0.787959 -0.979689 -0.156434 0.125454 -0.991645 1.74846e-07 0.128999 -0.97941 1.74846e-07 0.201882 -0.254223 -0.891006 0.376136 -5.67562e-09 -1 1.04876e-08 -4.79017e-09 -1 1.09205e-08 -0.938988 1.74846e-07 0.343949 -0.911023 1.74846e-07 0.412356 -0.658073 -0.309017 0.686621 -0.944395 -0.156434 0.289218 -7.32441e-09 -1 9.41041e-09 -6.52229e-09 -1 9.98311e-09 -0.961826 1.74846e-07 0.273663 -0.764647 -0.309017 0.56553 -9.98311e-09 -1 6.52229e-09 -0.139684 -0.987688 0.0704274 -8.77342e-09 -1 8.0765e-09 -8.0765e-09 -1 8.77342e-09 -0.998464 1.74846e-07 0.0554115 -0.999829 1.74846e-07 -0.0184788 -0.849223 -0.309017 0.428169 -0.916465 -0.156434 -0.368266 -0.895163 1.74846e-07 -0.445738 -0.925638 1.74846e-07 -0.378411 -1.09205e-08 -1 4.79017e-09 -0.149577 -0.987688 0.0458076 -9.41041e-09 -1 7.32441e-09 -0.995734 1.74846e-07 -0.0922687 -0.909369 -0.309017 0.278491 -1.156e-08 -1 2.92739e-09 -0.155167 -0.987688 0.01987 -1.04876e-08 -1 5.67561e-09 -0.971281 1.74846e-07 -0.237935 -0.951056 1.74846e-07 -0.309017 -0.943353 -0.309017 0.120801 -1.18842e-08 -1 9.84749e-10 -0.156294 -0.987688 -0.00663924 -1.12788e-08 -1 3.872e-09 -0.8598 1.74846e-07 -0.510631 -0.9502 -0.309017 -0.0403638 -1.18842e-08 -1 -9.8475e-10 -0.152923 -0.987688 -0.0329575 -1.17622e-08 -1 1.96277e-09 -0.819741 1.74846e-07 -0.572735 -0.92971 -0.309017 -0.200368 -0.494656 1.74846e-07 -0.869089 -1.156e-08 -1 -2.92738e-09 -1.19249e-08 -1 -1.42203e-16 -0.726434 1.74846e-07 -0.687237 -0.882475 -0.309017 -0.354608 -1.09205e-08 -1 -4.79017e-09 -1.04876e-08 -1 -5.67561e-09 -1.12788e-08 -1 -3.872e-09 -1.17622e-08 -1 -1.96277e-09 -0.617278 1.74846e-07 -0.786745 -0.809852 -0.309017 -0.498646 -0.361242 1.74846e-07 -0.932472 -0.713932 -0.309017 -0.628339 -0.151242 -0.891006 -0.428058 -9.41041e-09 -1 -7.32441e-09 -9.98311e-09 -1 -6.52229e-09 -0.559748 -0.453991 -0.693235 -0.597472 -0.309017 -0.739956 -0.508241 -0.587785 -0.629444 -0.444219 -0.707107 -0.550154 -0.369258 -0.809017 -0.457318 -0.221409 -0.891006 -0.39634 -8.0765e-09 -1 -8.77342e-09 -8.77342e-09 -1 -8.0765e-09 -0.463825 -0.309017 -0.830286 -0.344852 -0.707107 -0.617314 -0.28666 -0.809017 -0.513145 -6.52229e-09 -1 -9.98311e-09 -7.32441e-09 -1 -9.41041e-09 -0.269516 -0.587785 -0.762804 -0.235566 -0.707107 -0.666715 -0.195814 -0.809017 -0.554209 -3.872e-09 -1 -1.12788e-08 -5.67561e-09 -1 -1.04876e-08 -0.150581 -0.453991 -0.87819 -0.136725 -0.587785 -0.79738 -0.119502 -0.707107 -0.696936 -0.0993362 -0.809017 -0.57933 -0.0767248 -0.891006 -0.44746 0.0369514 0 0.999317 -0.0369518 0 0.999317 0.0369514 0 0.999317 0.110653 0 0.993859 0.110653 0 0.993859 0.18375 0 0.982973 0.18375 0 0.982973 0.255843 0 0.966718 0.255843 0 0.966718 0.326539 0 0.945184 0.326539 0 0.945184 0.395451 0 0.918487 0.395451 0 0.918487 0.462204 0 0.886774 0.462204 0 0.886774 0.526432 0 0.850217 0.526432 0 0.850217 0.587785 0 0.809017 0.587785 0 0.809017 0.645928 0 0.763398 0.645928 0 0.763398 0.700543 0 0.71361 0.700543 0 0.71361 0.751332 0 0.659925 0.751332 0 0.659925 0.798017 0 0.602634 0.798017 0 0.602635 0.840344 0 0.542053 0.840344 0 0.542053 0.878081 0 0.478512 0.878081 0 0.478511 0.911023 0 0.412356 0.911023 0 0.412356 0.938988 0 0.343949 0.938988 0 0.343949 0.961826 0 0.273663 0.961826 0 0.273663 0.97941 0 0.201882 0.97941 0 0.201883 0.991645 0 0.128999 0.991645 0 0.128999 0.998464 0 0.0554116 0.998464 0 0.0554115 0.999829 0 -0.018479 0.999829 0 -0.0184788 0.995734 0 -0.0922684 0.995734 0 -0.0922684 0.986201 0 -0.165554 0.986201 0 -0.165554 0.971281 0 -0.237935 0.971281 0 -0.237935 0.951057 0 -0.309017 0.951056 0 -0.309017 0.925638 0 -0.378411 0.925638 0 -0.378411 0.895163 0 -0.445738 0.895163 0 -0.445738 0.8598 0 -0.510631 0.8598 0 -0.510631 0.81974 0 -0.572735 0.81974 0 -0.572735 0.775204 0 -0.631711 0.775204 0 -0.631711 0.726434 0 -0.687237 0.726434 0 -0.687237 0.673696 0 -0.739009 0.673696 0 -0.739009 0.617278 0 -0.786745 0.617278 0 -0.786745 0.557489 0 -0.830184 0.557489 0 -0.830184 0.494656 0 -0.869089 0.494656 0 -0.869089 0.429121 0 -0.903247 0.429121 0 -0.903247 0.361242 0 -0.932472 0.361242 0 -0.932472 0.29139 0 -0.956604 0.29139 0 -0.956604 0.219946 0 -0.975512 0.219946 0 -0.975512 0.147302 0 -0.989092 0.147302 0 -0.989092 0.0738525 0 -0.997269 0.0738525 0 -0.997269 -1.37186e-11 0 -1 1.35811e-22 0 -1 -0.0369513 0 0.999317 -0.110653 0 0.993859 -0.110652 0 0.993859 -0.183749 0 0.982973 -0.18375 0 0.982973 -0.255843 0 0.966718 -0.255843 0 0.966718 -0.326539 0 0.945184 -0.326539 0 0.945184 -0.395451 0 0.918487 -0.395451 0 0.918487 -0.462204 0 0.886774 -0.462204 0 0.886774 -0.526432 0 0.850217 -0.526432 0 0.850217 -0.587785 0 0.809017 -0.587785 0 0.809017 -0.645928 0 0.763398 -0.645928 0 0.763398 -0.700543 0 0.71361 -0.700543 0 0.71361 -0.751332 0 0.659924 -0.751332 0 0.659924 -0.798017 0 0.602634 -0.798017 0 0.602634 -0.840344 0 0.542053 -0.840344 0 0.542053 -0.878081 0 0.478511 -0.878081 0 0.478511 -0.911023 0 0.412356 -0.911023 0 0.412356 -0.938988 0 0.343949 -0.938988 0 0.343949 -0.961826 0 0.273663 -0.961826 0 0.273663 -0.97941 0 0.201882 -0.97941 0 0.201882 -0.991645 0 0.128999 -0.991645 0 0.128999 -0.998464 0 0.0554115 -0.998464 0 0.0554115 -0.999829 0 -0.0184793 -0.999829 0 -0.0184788 -0.995734 0 -0.0922687 -0.995734 0 -0.0922687 -0.986201 0 -0.165554 -0.986201 0 -0.165554 -0.971281 0 -0.237935 -0.971281 0 -0.237935 -0.951056 0 -0.309017 -0.951056 0 -0.309017 -0.925638 0 -0.378411 -0.925638 0 -0.378411 -0.895163 0 -0.445738 -0.895163 0 -0.445738 -0.8598 0 -0.510631 -0.8598 0 -0.510631 -0.819741 0 -0.572735 -0.819741 0 -0.572735 -0.775204 0 -0.631711 -0.775204 0 -0.631711 -0.726434 0 -0.687237 -0.726433 0 -0.687237 -0.673695 0 -0.739009 -0.673695 0 -0.739009 -0.617278 0 -0.786745 -0.617278 0 -0.786745 -0.557489 0 -0.830184 -0.557489 0 -0.830184 -0.494656 0 -0.869089 -0.494656 0 -0.869089 -0.429121 0 -0.903247 -0.429121 0 -0.903247 -0.361242 0 -0.932472 -0.361242 0 -0.932472 -0.29139 0 -0.956604 -0.29139 0 -0.956604 -0.219946 0 -0.975512 -0.219946 0 -0.975512 -0.147302 0 -0.989092 -0.147301 0 -0.989092 -0.0738523 0 -0.997269 -0.0738523 0 -0.997269 0.492085 0.703022 0.513432 0.477062 0.804935 0.352833 0.571777 0.703022 0.422884 0.532965 0.306825 0.788547 0.553181 0.155296 0.818458 0.406904 0.155296 0.900173 0.189953 0.887317 0.420223 0.258238 0.887317 0.382076 0.244407 0.804935 0.540689 0.63502 0.703022 0.320171 0.529829 0.804935 0.267134 0.13089 0.948168 0.28956 0.0779558 0.986013 0.147312 0.177943 0.948168 0.263275 0.658564 0.306825 0.687133 0.683544 0.155296 0.713197 0.319095 0.887317 0.332938 0.332269 0.804935 0.491607 0.370772 0.887317 0.274222 0.410571 0.804935 0.428382 0.219877 0.948168 0.229415 0.102675 0.986013 0.131285 0.645928 1.74846e-07 0.763398 0.679995 0.703022 0.208246 0.567354 0.804935 0.17375 0.124186 0.986013 0.111156 0.255486 0.948168 0.188956 0.411782 0.887317 0.207616 0.794243 0.155296 0.587419 0.751332 1.74846e-07 0.659925 0.588557 0.804935 0.0753677 0.705408 0.703022 0.090331 0.141817 0.986013 0.0875542 0.283744 0.948168 0.143061 0.849856 0.306825 0.428489 0.882093 0.155296 0.444742 0.440947 0.887317 0.135038 0.592829 0.804935 -0.0251831 0.710527 0.703022 -0.0301828 0.457426 0.887317 0.0585756 0.944566 0.155296 0.28927 0.910047 0.306825 0.278699 0.580045 0.804935 -0.125009 0.695206 0.703022 -0.149828 0.155017 0.986013 0.061217 0.30384 0.948168 0.0930501 0.460745 0.887317 -0.0195722 0.796999 0.450908 0.401838 0.776137 0.584051 0.237689 0.853446 0.450908 0.261365 0.659885 0.703022 -0.265164 0.550575 0.804935 -0.221239 0.979867 0.155296 0.125477 0.97941 1.74846e-07 0.201882 0.891766 0.450908 -0.0378818 0.872537 0.450908 -0.188046 0.950908 0.306825 -0.0403941 0.163374 0.986013 0.032967 0.315195 0.948168 0.0403623 0.60558 0.703022 -0.372871 0.505266 0.804935 -0.311105 0.45081 0.887317 -0.097157 0.166626 0.986013 0.00368701 0.317483 0.948168 -0.0134865 0.930404 0.306825 -0.200517 0.965696 0.155296 -0.208123 0.986978 0.155296 -0.0419263 0.691201 0.584051 -0.425589 0.828206 0.450908 -0.332801 0.753183 0.584051 -0.302654 0.427906 0.887317 -0.171947 0.164672 0.986013 -0.0257082 0.310637 0.948168 -0.0669474 0.533854 0.703022 -0.469851 0.445421 0.804935 -0.39202 0.916632 0.155296 -0.368333 0.951057 1.74846e-07 -0.309017 0.392692 0.887317 -0.24179 0.294855 0.948168 -0.118482 0.157573 0.986013 -0.0543001 0.372763 0.804935 -0.461658 0.44677 0.703022 -0.553314 0.28938 0.804935 -0.518014 0.346833 0.703022 -0.62086 0.810457 0.306825 -0.499018 0.76005 0.450908 -0.467981 0.670028 0.450908 -0.589699 0.741565 0.155296 -0.652659 0.841198 0.155296 -0.517946 0.714464 0.306825 -0.628808 0.346181 0.887317 -0.304677 0.197673 0.804935 -0.559469 0.236918 0.703022 -0.670544 0.145551 0.986013 -0.0811955 0.27059 0.948168 -0.166609 0.597918 0.306825 -0.740508 0.620598 0.155296 -0.768597 0.28971 0.887317 -0.3588 0.224906 0.887317 -0.4026 0.128981 0.986013 -0.105554 0.238541 0.948168 -0.209942 0.120188 0.703022 -0.700939 0.100279 0.804935 -0.584828 0.673696 1.74846e-07 -0.739009 1.01771e-16 0.986013 -0.166667 -8.51595e-11 0.959832 -0.280576 0.01473 0.986013 -0.166015 0.153631 0.887317 -0.434818 0.481778 0.155296 -0.862423 0.557489 1.74846e-07 -0.830184 0.0967672 0.986013 -0.135698 0.154974 0.948168 -0.277417 0.199629 0.948168 -0.247236 -7.20384e-10 0.804935 -0.593363 -6.3369e-10 0.730204 -0.68323 0.0293448 0.986013 -0.164063 0.0537033 0.948168 -0.313198 0.0713634 0.986013 -0.150616 0.105862 0.948168 -0.299617 0.0437298 0.986013 -0.160828 0.0577727 0.986013 -0.156333 0.119148 0.986013 -0.11654 0.108382 0.986013 -0.126615 -2.37139e-10 0.920538 -0.390652 -1.12064e-10 0.86867 -0.495391 0.0779366 0.887317 -0.454527 0.0843955 0.986013 -0.143719 0.329098 0.155296 -0.931438 0.317071 0.306825 -0.897399 -3.45548e-10 0.645497 -0.763763 0.137181 0.584051 -0.800041 1.88735e-11 0.551973 -0.833862 0.150845 0.450908 -0.879731 -2.16729e-09 0.450908 -0.89257 0.16695 0.155296 -0.973658 0.160849 0.306825 -0.938076 -1.80448e-09 0.231765 -0.972772 5.59497e-10 0.343684 -0.939085 0.147302 1.74846e-07 -0.989092 0.0738525 1.74846e-07 -0.997269 1.53536e-09 0.11668 -0.99317 -9.04859e-10 1.74846e-07 -1 0.392034 0.306825 0.867276 0.367651 0.450908 0.813335 0.499817 0.450908 0.739503 0.0800709 0.948168 0.307516 0.0269487 0.948168 0.316624 0.0365731 0.986013 0.162604 0.18375 1.74846e-07 0.982973 0.0837771 0.155296 0.984309 0.248921 0.155296 0.955992 0.398236 0.703022 0.58921 0.00737223 0.986013 0.166504 -0.0269487 0.948168 0.316624 0.116202 0.887317 0.446281 0.149514 0.804935 0.574217 0.204535 0.584051 0.785525 0.334347 0.584051 0.73966 0.224908 0.450908 0.86377 0.292931 0.703022 0.648037 -0.022059 0.986013 0.165201 -0.0800708 0.948168 0.307516 0.0503207 0.804935 0.591226 0.0391092 0.887317 0.4595 0.0807154 0.306825 0.948337 -0.083777 0.155296 0.984309 0.179199 0.703022 0.688221 -0.0503207 0.804935 0.591226 -0.0391091 0.887317 0.4595 0.0756953 0.450908 0.889355 -0.0807154 0.306825 0.948337 -0.0756952 0.450908 0.889355 -0.050801 0.986013 0.158736 -0.13089 0.948168 0.28956 -0.326539 1.74846e-07 0.945184 -0.406904 0.155296 0.900173 -0.248921 0.155296 0.955992 0.0603113 0.703022 0.708606 -0.0779557 0.986013 0.147312 -0.177943 0.948168 0.263275 -0.116202 0.887317 0.446281 -0.149514 0.804935 0.574217 -0.334347 0.584051 0.73966 -0.367651 0.450908 0.813335 -0.499817 0.450908 0.739503 -0.0603112 0.703022 0.708606 -0.219877 0.948168 0.229415 -0.102675 0.986013 0.131285 -0.244407 0.804935 0.540689 -0.189953 0.887317 0.420223 -0.332268 0.804935 0.491607 -0.258238 0.887317 0.382076 -0.553181 0.155296 0.818458 -0.392034 0.306825 0.867276 -0.683544 0.155296 0.713197 -0.532965 0.306825 0.788547 -0.179199 0.703022 0.688221 -0.292931 0.703022 0.648037 -0.124186 0.986013 0.111156 -0.255486 0.948168 0.188956 -0.410571 0.804935 0.428382 -0.319095 0.887317 0.332938 -0.751332 1.74846e-07 0.659924 -0.794243 0.155296 0.587419 -0.398236 0.703022 0.58921 -0.882093 0.155296 0.444742 -0.840344 1.74846e-07 0.542053 -0.477062 0.804935 0.352833 -0.370772 0.887317 0.274222 -0.141817 0.986013 0.0875543 -0.283744 0.948168 0.143061 -0.765217 0.306825 0.565952 -0.492085 0.703022 0.513432 -0.30384 0.948168 0.0930501 -0.155017 0.986013 0.061217 -0.529829 0.804935 0.267134 -0.411782 0.887317 0.207616 -0.440947 0.887317 0.135038 -0.567354 0.804935 0.17375 -0.944566 0.155296 0.28927 -0.849857 0.306825 0.428488 -0.315195 0.948168 0.0403623 -0.163374 0.986013 0.032967 -0.571777 0.703022 0.422884 -0.986978 0.155296 -0.0419266 -0.979867 0.155296 0.125477 -0.998464 1.74846e-07 0.0554115 -0.796999 0.450908 0.401838 -0.910047 0.306825 0.278699 -0.853446 0.450908 0.261365 -0.317483 0.948168 -0.0134866 -0.166626 0.986013 0.003687 -0.63502 0.703022 0.32017 -0.679995 0.703022 0.208246 -0.588557 0.804935 0.0753676 -0.457426 0.887317 0.0585756 -0.592829 0.804935 -0.0251832 -0.460745 0.887317 -0.0195724 -0.872537 0.450908 -0.188046 -0.810986 0.584051 -0.0344505 -0.891766 0.450908 -0.037882 -0.965696 0.155296 -0.208123 -0.950908 0.306825 -0.0403944 -0.310637 0.948168 -0.0669474 -0.164672 0.986013 -0.0257082 -0.705408 0.703022 0.090331 -0.580045 0.804935 -0.125009 -0.45081 0.887317 -0.097157 -0.916632 0.155296 -0.368333 -0.930404 0.306825 -0.200517 -0.152158 0.986013 -0.068014 -0.294855 0.948168 -0.118482 -0.27059 0.948168 -0.166609 -0.710527 0.703022 -0.030183 -0.841198 0.155296 -0.517946 -0.895163 1.74846e-07 -0.445738 -0.0577727 0.986013 -0.156333 -0.0713634 0.986013 -0.150616 -0.105862 0.948168 -0.299617 -0.550575 0.804935 -0.221239 -0.427906 0.887317 -0.171947 -0.76005 0.450908 -0.467981 -0.670028 0.450908 -0.589699 -0.691201 0.584051 -0.425589 -0.695206 0.703022 -0.149828 -0.505266 0.804935 -0.311105 -0.60558 0.703022 -0.372871 -0.659885 0.703022 -0.265163 -0.119148 0.986013 -0.11654 -0.238541 0.948168 -0.209942 -0.199629 0.948168 -0.247236 -0.137805 0.986013 -0.0937416 -0.153631 0.887317 -0.434818 -0.154974 0.948168 -0.277417 -0.39587 0.584051 -0.70864 -0.270415 0.584051 -0.76535 -0.346833 0.703022 -0.62086 -0.429121 1.74846e-07 -0.903247 -0.361242 1.74846e-07 -0.932472 -0.329098 0.155296 -0.931439 -0.0967672 0.986013 -0.135698 -0.0537033 0.948168 -0.313198 -0.0779366 0.887317 -0.454527 -0.100279 0.804935 -0.584828 -0.120188 0.703022 -0.700939 -0.741565 0.155296 -0.652659 -0.810457 0.306825 -0.499018 -0.01473 0.986013 -0.166015 -0.0293448 0.986013 -0.164063 -0.753183 0.584051 -0.302654 -0.714464 0.306825 -0.628808 -0.620598 0.155296 -0.768596 -0.435302 0.450908 -0.779226 -0.317071 0.306825 -0.897399 -0.297351 0.450908 -0.841584 -0.609333 0.584051 -0.536281 -0.481778 0.155296 -0.862423 -0.560731 0.450908 -0.694452 -0.597919 0.306825 -0.740508 -0.147302 1.74846e-07 -0.989092 -0.0738528 1.74846e-07 -0.997269 -0.166951 0.155296 -0.973658 -0.464171 0.306825 -0.830905 -0.219946 1.74846e-07 -0.975512 -0.29139 1.74846e-07 -0.956604 0.137805 0.986013 -0.0937416 0.270415 0.584051 -0.76535 0.297351 0.450908 -0.841584 0.435302 0.450908 -0.779226 0.29139 1.74846e-07 -0.956604 0.219946 1.74846e-07 -0.975512 0.152158 0.986013 -0.068014 0.39587 0.584051 -0.70864 0.464171 0.306825 -0.830905 0.560731 0.450908 -0.694452 0.429121 1.74846e-07 -0.903247 0.361242 1.74846e-07 -0.932472 0.509937 0.584051 -0.631545 0.494656 1.74846e-07 -0.869089 0.161756 0.986013 -0.0401613 0.609334 0.584051 -0.536281 0.726434 1.74846e-07 -0.687237 0.617278 1.74846e-07 -0.786745 0.1663 0.986013 -0.0110538 0.895163 1.74846e-07 -0.445738 0.81974 1.74846e-07 -0.572735 0.775204 1.74846e-07 -0.631711 0.165648 0.986013 0.018399 0.883133 0.306825 -0.354872 0.8598 1.74846e-07 -0.510631 0.159821 0.986013 0.047277 0.793498 0.584051 -0.171012 0.971281 1.74846e-07 -0.237935 0.925638 1.74846e-07 -0.378411 0.149 0.986013 0.0746779 0.810986 0.584051 -0.0344503 0.998464 1.74846e-07 0.0554115 0.885341 0.450908 0.113372 0.995734 1.74846e-07 -0.0922684 0.986201 1.74846e-07 -0.165554 0.133524 0.986013 0.0997455 0.805142 0.584051 0.103102 0.944057 0.306825 0.120891 0.999829 1.74846e-07 -0.018479 0.113876 0.986013 0.121697 0.961826 1.74846e-07 0.273663 0.991645 1.74846e-07 0.128999 0.0906701 0.986013 0.139845 0.724803 0.584051 0.365438 0.717624 0.450908 0.530752 0.911023 1.74846e-07 0.412356 0.938988 1.74846e-07 0.343949 0.050801 0.986013 0.158736 0.0646313 0.986013 0.153625 0.652618 0.584051 0.482674 0.765217 0.306825 0.565952 0.617604 0.450908 0.644397 0.840344 1.74846e-07 0.542053 0.878081 1.74846e-07 0.478512 0.022059 0.986013 0.165201 0.561659 0.584051 0.586024 0.798017 1.74846e-07 0.602635 -0.00737222 0.986013 0.166504 0.454541 0.584051 0.672515 0.587785 1.74846e-07 0.809017 0.700543 1.74846e-07 0.71361 0.326539 1.74846e-07 0.945184 0.462204 1.74846e-07 0.886774 0.526432 1.74846e-07 0.850217 -0.0365731 0.986013 0.162604 0.239824 0.306825 0.921055 0.395451 1.74846e-07 0.918487 -0.0646313 0.986013 0.153625 0.0688384 0.584051 0.808793 0.110653 1.74846e-07 0.993859 0.255843 1.74846e-07 0.966718 -0.0906701 0.986013 0.139845 -0.0688384 0.584051 0.808793 -0.18375 1.74846e-07 0.982973 -0.224908 0.450908 0.86377 -0.0369516 1.74846e-07 0.999317 0.0369516 1.74846e-07 0.999317 -0.113876 0.986013 0.121697 -0.204535 0.584051 0.785525 -0.239824 0.306825 0.921055 -0.110653 1.74846e-07 0.993859 -0.133524 0.986013 0.0997454 -0.395451 1.74846e-07 0.918487 -0.255843 1.74846e-07 0.966718 -0.149 0.986013 0.0746779 -0.454541 0.584051 0.672515 -0.617604 0.450908 0.644397 -0.526432 1.74846e-07 0.850217 -0.462204 1.74846e-07 0.886774 -0.159821 0.986013 0.047277 -0.561659 0.584051 0.586024 -0.658564 0.306825 0.687133 -0.717624 0.450908 0.530752 -0.645928 1.74846e-07 0.763398 -0.587785 1.74846e-07 0.809017 -0.165648 0.986013 0.018399 -0.652618 0.584051 0.482674 -0.700543 1.74846e-07 0.71361 -0.1663 0.986013 -0.0110538 -0.724803 0.584051 0.365438 -0.878081 1.74846e-07 0.478511 -0.798017 1.74846e-07 0.602635 -0.157573 0.986013 -0.0543002 -0.161756 0.986013 -0.0401613 -0.776137 0.584051 0.237689 -0.97941 1.74846e-07 0.201882 -0.885341 0.450908 0.113372 -0.938988 1.74846e-07 0.343949 -0.911023 1.74846e-07 0.412356 -0.145551 0.986013 -0.0811955 -0.805142 0.584051 0.103102 -0.944057 0.306825 0.120891 -0.961826 1.74846e-07 0.273663 -0.128981 0.986013 -0.105554 -0.999829 1.74846e-07 -0.0184788 -0.991645 1.74846e-07 0.128999 -0.793498 0.584051 -0.171012 -0.828206 0.450908 -0.3328 -0.986201 1.74846e-07 -0.165554 -0.995734 1.74846e-07 -0.0922687 -0.108382 0.986013 -0.126615 -0.883133 0.306825 -0.354872 -0.951056 1.74846e-07 -0.309017 -0.971281 1.74846e-07 -0.237935 -0.0843955 0.986013 -0.143719 -0.392692 0.887317 -0.24179 -0.557489 1.74846e-07 -0.830184 -0.8598 1.74846e-07 -0.510631 -0.925638 1.74846e-07 -0.378411 -0.445421 0.804935 -0.39202 -0.533854 0.703022 -0.469851 -0.346181 0.887317 -0.304677 -0.819741 1.74846e-07 -0.572735 -0.775204 1.74846e-07 -0.631711 -0.372763 0.804935 -0.461658 -0.44677 0.703022 -0.553314 -0.289711 0.887317 -0.3588 -0.509937 0.584051 -0.631545 -0.673695 1.74846e-07 -0.739009 -0.726434 1.74846e-07 -0.687237 -0.28938 0.804935 -0.518014 -0.224906 0.887317 -0.4026 -0.617278 1.74846e-07 -0.786745 -0.0437298 0.986013 -0.160828 -0.197673 0.804935 -0.559469 -0.236919 0.703022 -0.670544 -0.150845 0.450908 -0.879731 -0.160849 0.306825 -0.938076 -0.494656 1.74846e-07 -0.869089 -0.137181 0.584051 -0.800041 0.199629 0.948168 -0.247236 0.154974 0.948168 -0.277417 0.0967671 0.986013 -0.135698 0.0779366 0.887316 -0.454528 -2.72412e-10 0.887316 -0.461161 0.0537032 0.948168 -0.313198 0.108381 0.986013 -0.126614 0.119148 0.986013 -0.11654 0.0437298 0.986013 -0.160827 0.105862 0.948168 -0.299617 0.01473 0.986013 -0.166014 -9.38547e-11 0.948168 -0.317769 0.0577726 0.986013 -0.156333 0.0713633 0.986013 -0.150616 0.0293447 0.986013 -0.164063 3.14563e-16 0.986013 -0.166667 0.0843955 0.986013 -0.143719 0.100279 0.804935 -0.584828 7.20385e-10 0.804935 -0.593363 0.23854 0.948168 -0.209942 0.317071 0.306825 -0.897399 0.297351 0.450908 -0.841584 0.435302 0.450908 -0.779226 -8.40188e-10 0.703022 -0.711168 0.236918 0.703022 -0.670544 0.28938 0.804935 -0.518015 0.346833 0.703022 -0.62086 0.161755 0.986013 -0.0401613 0.310637 0.948168 -0.0669473 0.294854 0.948168 -0.118482 0.44677 0.703022 -0.553314 0.445422 0.804935 -0.39202 0.533854 0.703022 -0.469851 0.317483 0.948168 -0.0134865 0.164672 0.986013 -0.0257081 0.60558 0.703022 -0.372871 0.505266 0.804935 -0.311105 0.691201 0.584051 -0.425589 0.609334 0.584051 -0.536281 0.659885 0.703022 -0.265164 0.550575 0.804935 -0.221239 0.753183 0.584051 -0.302654 0.810986 0.584051 -0.0344503 0.793498 0.584051 -0.171012 0.710527 0.703022 -0.0301828 0.695206 0.703022 -0.149828 0.705408 0.703022 0.090331 0.805143 0.584051 0.103102 0.592829 0.804935 -0.0251831 0.567354 0.804935 0.17375 0.679995 0.703022 0.208246 0.219877 0.948168 0.229415 0.255485 0.948168 0.188956 0.124186 0.986013 0.111156 0.724803 0.584051 0.365438 0.571777 0.703022 0.422884 0.652618 0.584051 0.482674 0.52983 0.804935 0.267134 0.63502 0.703022 0.320171 0.492085 0.703022 0.513432 0.410571 0.804935 0.428382 0.022059 0.986013 0.1652 0.0269487 0.948168 0.316624 0.0800708 0.948168 0.307516 0.334347 0.584051 0.73966 0.454541 0.584051 0.672515 0.292931 0.703022 0.648037 0.398236 0.703022 0.58921 0.561659 0.584051 0.586024 -0.0503207 0.804935 0.591226 0.0603113 0.703022 0.708606 0.0503207 0.804935 0.591226 -0.0508009 0.986013 0.158736 -0.13089 0.948168 0.28956 -0.0800708 0.948168 0.307516 -0.102675 0.986013 0.131285 -0.219877 0.948168 0.229415 -0.177943 0.948168 0.263275 0.0688384 0.584051 0.808793 0.204535 0.584051 0.785525 -0.179199 0.703022 0.688221 -0.0603112 0.703022 0.708606 -0.149515 0.804935 0.574217 -0.204535 0.584051 0.785525 -0.0688384 0.584051 0.808793 -0.292931 0.703022 0.648037 -0.332269 0.804935 0.491607 -0.398236 0.703022 0.58921 -0.334347 0.584051 0.73966 -0.163374 0.986013 0.0329669 -0.315195 0.948168 0.0403623 -0.30384 0.948168 0.0930501 -0.492085 0.703022 0.513432 -0.561659 0.584051 0.586024 -0.454541 0.584051 0.672515 -0.63502 0.703022 0.32017 -0.571777 0.703022 0.422884 -0.52983 0.804935 0.267134 -0.477063 0.804935 0.352834 -0.567354 0.804935 0.17375 -0.679995 0.703022 0.208246 -0.157573 0.986013 -0.0543001 -0.294854 0.948168 -0.118482 -0.310637 0.948168 -0.0669474 -0.705408 0.703022 0.090331 -0.805143 0.584051 0.103102 -0.776137 0.584051 0.237689 -0.885341 0.450908 0.113372 -0.910047 0.306825 0.278699 -0.853446 0.450908 0.261365 -0.27059 0.948168 -0.166609 -0.128981 0.986013 -0.105554 -0.23854 0.948168 -0.209942 -0.592829 0.804935 -0.0251832 -0.580046 0.804935 -0.125009 -0.710527 0.703022 -0.030183 -0.810986 0.584051 -0.0344505 -0.695206 0.703022 -0.149828 -0.793498 0.584051 -0.171012 -0.930404 0.306825 -0.200517 -0.872537 0.450908 -0.188046 -0.828206 0.450908 -0.3328 -0.0713633 0.986013 -0.150616 -0.105862 0.948168 -0.299617 -0.154974 0.948168 -0.277417 -0.810457 0.306825 -0.499018 -0.76005 0.450908 -0.467981 -0.670028 0.450908 -0.589699 -3.01992e-07 8.74228e-08 -1 -0.0995679 8.74228e-08 -0.995031 1.72724e-07 0.155296 -0.987868 -0.166951 0.155296 -0.973658 -0.198146 8.74228e-08 -0.980173 -0.883133 0.306825 -0.354872 -0.294755 8.74228e-08 -0.955573 -0.533854 0.703022 -0.469851 -0.60558 0.703022 -0.372871 -0.445421 0.804935 -0.39202 -0.481778 0.155296 -0.862423 -0.329098 0.155296 -0.931438 -0.388435 8.74228e-08 -0.921476 -0.297351 0.450908 -0.841584 -0.317071 0.306825 -0.897399 -0.464171 0.306825 -0.830905 -0.609333 0.584051 -0.536281 -0.691201 0.584051 -0.425589 -0.620598 0.155296 -0.768596 -0.597919 0.306825 -0.740508 -0.659885 0.703022 -0.265163 -0.753183 0.584051 -0.302654 -0.714464 0.306825 -0.628808 -0.741565 0.155296 -0.652659 -0.505266 0.804935 -0.311105 -0.550575 0.804935 -0.221239 -0.119148 0.986013 -0.11654 -0.199629 0.948168 -0.247236 -0.346833 0.703022 -0.62086 -0.28938 0.804935 -0.518015 -0.197673 0.804935 -0.559469 -0.0967671 0.986013 -0.135698 -0.0779366 0.887316 -0.454528 -0.0537032 0.948168 -0.313198 -0.153631 0.887316 -0.434818 -0.01473 0.986013 -0.166014 -0.0293448 0.986013 -0.164063 -0.588557 0.804935 0.0753677 -0.724803 0.584051 0.365438 -0.145551 0.986013 -0.0811955 -0.317483 0.948168 -0.0134866 -0.164672 0.986013 -0.0257081 -0.652618 0.584051 0.482674 -0.410571 0.804935 0.428382 -0.617604 0.450908 0.644396 -0.717624 0.450908 0.530752 -0.658564 0.306825 0.687133 -0.283744 0.948168 0.143061 -0.155017 0.986013 0.0612169 -0.244407 0.804935 0.54069 -0.553181 0.155296 0.818458 -0.532965 0.306825 0.788547 -0.141817 0.986013 0.0875542 -0.255485 0.948168 0.188956 -0.124186 0.986013 0.111156 -0.224908 0.450908 0.86377 -0.0807153 0.306825 0.948337 -0.0756952 0.450908 0.889355 -0.0779557 0.986013 0.147311 0.179199 0.703022 0.688221 0.149515 0.804935 0.574217 0.244407 0.804935 0.54069 0.392034 0.306825 0.867276 0.367651 0.450908 0.813335 0.224908 0.450908 0.86377 0.332269 0.804935 0.491607 -0.0365731 0.986013 0.162604 -0.0269487 0.948168 0.316624 0.532965 0.306825 0.788547 0.553181 0.155296 0.818458 -0.00737221 0.986013 0.166503 0.617604 0.450908 0.644397 0.765217 0.306825 0.565952 0.717624 0.450908 0.530752 0.0508009 0.986013 0.158736 0.130889 0.948168 0.28956 0.477063 0.804935 0.352834 0.882093 0.155296 0.444742 0.849856 0.306825 0.428489 0.776137 0.584051 0.237689 0.0779557 0.986013 0.147311 0.177943 0.948168 0.263275 0.588557 0.804935 0.0753677 0.885341 0.450908 0.113372 0.950908 0.306825 -0.0403941 0.891766 0.450908 -0.0378818 0.141817 0.986013 0.0875542 0.283744 0.948168 0.143061 0.30384 0.948168 0.09305 0.155017 0.986013 0.0612169 0.580046 0.804935 -0.125009 0.315195 0.948168 0.0403623 0.163374 0.986013 0.032967 0.166626 0.986013 0.00368701 0.828206 0.450908 -0.332801 0.810456 0.306825 -0.499018 0.76005 0.450908 -0.467981 0.741565 0.155296 -0.652659 0.714464 0.306825 -0.628808 0.509937 0.584051 -0.631545 0.39587 0.584051 -0.70864 0.372763 0.804935 -0.461658 0.270415 0.584051 -0.76535 0.120188 0.703022 -0.700939 0.197673 0.804935 -0.559469 0.152157 0.986013 -0.0680139 0.27059 0.948168 -0.166609 0.137181 0.584051 -0.800041 0.137805 0.986013 -0.0937415 -6.81484e-10 0.584051 -0.811717 0.150845 0.450908 -0.879731 2.16729e-09 0.450908 -0.89257 2.10469e-10 0.306825 -0.951766 0.160849 0.306825 -0.938076 0.198146 8.74228e-08 -0.980173 0.16695 0.155296 -0.973658 0.329098 0.155296 -0.931438 0.0995678 8.74228e-08 -0.995031 0.153631 0.887316 -0.434818 0.128981 0.986013 -0.105554 0.224906 0.887316 -0.4026 0.464171 0.306825 -0.830905 0.481778 0.155296 -0.862423 0.388435 8.74228e-08 -0.921476 0.294755 8.74228e-08 -0.955573 0.145551 0.986013 -0.0811955 0.289711 0.887316 -0.3588 0.56073 0.450908 -0.694452 0.597918 0.306825 -0.740508 0.670028 0.450908 -0.589699 0.56332 8.74228e-08 -0.826239 0.620598 0.155296 -0.768597 0.478254 8.74228e-08 -0.878222 0.157573 0.986013 -0.0543001 0.346181 0.887316 -0.304678 0.715867 8.74228e-08 -0.698237 0.642788 8.74228e-08 -0.766044 0.1663 0.986013 -0.0110538 0.392692 0.887316 -0.24179 0.841198 0.155296 -0.517946 0.781831 8.74228e-08 -0.62349 0.165648 0.986013 0.018399 0.427906 0.887316 -0.171947 0.883133 0.306825 -0.354872 0.872537 0.450908 -0.188046 0.930404 0.306825 -0.200517 0.889872 8.74228e-08 -0.456211 0.916632 0.155296 -0.368333 0.840026 8.74228e-08 -0.542546 0.159821 0.986013 0.0472769 0.45081 0.887316 -0.0971571 0.965695 0.155296 -0.208123 0.986978 0.155296 -0.0419263 0.962624 8.74228e-08 -0.27084 0.930874 8.74228e-08 -0.365341 0.149 0.986013 0.0746778 0.460746 0.887316 -0.0195722 0.984808 8.74228e-08 -0.173648 0.133524 0.986013 0.0997454 0.457426 0.887316 0.0585757 0.944057 0.306825 0.120891 0.979867 0.155296 0.125477 0.999689 8.74228e-08 0.0249306 0.997204 8.74228e-08 -0.0747301 0.113876 0.986013 0.121696 0.102675 0.986013 0.131285 0.440947 0.887316 0.135038 0.853446 0.450908 0.261365 0.944566 0.155296 0.28927 0.947927 8.74228e-08 0.318487 0.910047 0.306825 0.278699 0.974928 8.74228e-08 0.222521 0.992239 8.74228e-08 0.124344 0.09067 0.986013 0.139845 0.411783 0.887316 0.207616 0.796999 0.450908 0.401838 0.0646312 0.986013 0.153625 0.370772 0.887316 0.274222 0.794243 0.155296 0.587419 0.866025 8.74228e-08 0.5 0.911506 8.74228e-08 0.411287 0.319095 0.887316 0.332938 0.658564 0.306825 0.687133 0.499817 0.450908 0.739503 0.749781 8.74228e-08 0.661686 0.683544 0.155296 0.713197 0.811938 8.74228e-08 0.583744 0.0365731 0.986013 0.162604 0.258239 0.887316 0.382076 0.603804 8.74228e-08 0.797133 0.680173 8.74228e-08 0.733052 0.00737222 0.986013 0.166503 0.189953 0.887316 0.420223 0.406904 0.155296 0.900173 0.521435 8.74228e-08 0.853291 -0.0220589 0.986013 0.1652 0.116202 0.887316 0.446281 0.239824 0.306825 0.921055 0.0756953 0.450908 0.889355 0.0807154 0.306825 0.948337 0.34202 8.74228e-08 0.939693 0.248921 0.155296 0.955992 0.433884 8.74228e-08 0.900969 -0.0646312 0.986013 0.153625 0.0391092 0.887316 0.4595 0.0837771 0.155296 0.984309 -0.083777 0.155296 0.984309 0.0498462 8.74228e-08 0.998757 0.149042 8.74228e-08 0.988831 0.246757 8.74228e-08 0.969077 -0.09067 0.986013 0.139845 -0.0391092 0.887316 0.4595 -0.113876 0.986013 0.121696 -0.116202 0.887316 0.446281 -0.239824 0.306825 0.921055 -0.248921 0.155296 0.955992 -0.149042 8.74228e-08 0.988831 -0.0498456 8.74228e-08 0.998757 -0.133524 0.986013 0.0997453 -0.189953 0.887316 0.420223 -0.367651 0.450908 0.813335 -0.406904 0.155296 0.900173 -0.521435 8.74228e-08 0.853291 -0.433884 8.74228e-08 0.900969 -0.392034 0.306825 0.867276 -0.34202 8.74228e-08 0.939693 -0.246757 8.74228e-08 0.969077 -0.149 0.986013 0.0746778 -0.258239 0.887316 0.382076 -0.499817 0.450908 0.739503 -0.159821 0.986013 0.0472769 -0.319095 0.887316 0.332938 -0.683544 0.155296 0.713197 -0.603804 8.74228e-08 0.797132 -0.165648 0.986013 0.018399 -0.166626 0.986013 0.003687 -0.370772 0.887316 0.274222 -0.765217 0.306825 0.565952 -0.796999 0.450908 0.401838 -0.849857 0.306825 0.428488 -0.749781 8.74228e-08 0.661686 -0.794243 0.155296 0.587419 -0.680173 8.74228e-08 0.733052 -0.1663 0.986013 -0.0110538 -0.411783 0.887316 0.207616 -0.882093 0.155296 0.444742 -0.944566 0.155296 0.28927 -0.866025 8.74228e-08 0.5 -0.811938 8.74228e-08 0.583743 -0.161755 0.986013 -0.0401613 -0.440947 0.887316 0.135039 -0.911506 8.74228e-08 0.411287 -0.457426 0.887316 0.0585756 -0.944057 0.306825 0.120891 -0.891766 0.450908 -0.037882 -0.950908 0.306825 -0.0403944 -0.974928 8.74228e-08 0.222521 -0.979867 0.155296 0.125477 -0.947927 8.74228e-08 0.318487 -0.152157 0.986013 -0.0680139 -0.460746 0.887316 -0.0195724 -0.986978 0.155296 -0.0419266 -0.965695 0.155296 -0.208123 -0.997204 8.74228e-08 -0.0747303 -0.999689 8.74228e-08 0.0249307 -0.992239 8.74228e-08 0.124344 -0.137805 0.986013 -0.0937415 -0.45081 0.887316 -0.0971571 -0.108381 0.986013 -0.126614 -0.427906 0.887316 -0.171947 -0.916632 0.155296 -0.368333 -0.962624 8.74228e-08 -0.270841 -0.984808 8.74228e-08 -0.173648 -0.0843954 0.986013 -0.143719 -0.392692 0.887316 -0.24179 -0.841198 0.155296 -0.517946 -0.781831 8.74228e-08 -0.62349 -0.840026 8.74228e-08 -0.542546 -0.889872 8.74228e-08 -0.456211 -0.930874 8.74228e-08 -0.365341 -0.0577726 0.986013 -0.156333 -0.346181 0.887316 -0.304678 -0.560731 0.450908 -0.694451 -0.372763 0.804935 -0.461658 -0.289711 0.887316 -0.3588 -0.44677 0.703022 -0.553314 -0.509937 0.584051 -0.631545 -0.715867 8.74228e-08 -0.698237 -0.224906 0.887316 -0.4026 -0.39587 0.584051 -0.708641 -0.435302 0.450908 -0.779226 -0.56332 8.74228e-08 -0.826239 -0.642788 8.74228e-08 -0.766044 -0.0437298 0.986013 -0.160827 -0.236919 0.703022 -0.670544 -0.270415 0.584051 -0.76535 -0.160849 0.306825 -0.938076 -0.478254 8.74228e-08 -0.878222 -0.100279 0.804935 -0.584828 -0.120188 0.703022 -0.700939 -0.137181 0.584051 -0.800041 -0.150845 0.450908 -0.879731 0.0498459 0 0.998757 0.0498459 0 0.998757 -0.0498461 0 0.998757 0.149042 0 0.988831 0.149042 0 0.988831 0.246757 0 0.969077 0.246757 0 0.969077 0.34202 0 0.939693 0.34202 0 0.939693 0.433884 0 0.900969 0.433884 0 0.900969 0.521435 0 0.853291 0.521435 0 0.853291 0.603804 0 0.797133 0.603804 0 0.797133 0.680173 0 0.733052 0.680173 0 0.733052 0.749781 0 0.661686 0.749781 0 0.661686 0.811938 0 0.583744 0.811938 0 0.583744 0.866026 0 0.5 0.866025 0 0.5 0.911506 0 0.411287 0.911506 0 0.411287 0.947927 0 0.318487 0.947927 0 0.318487 0.974928 0 0.222521 0.974928 0 0.222521 0.992239 0 0.124344 0.992239 0 0.124344 0.999689 0 0.0249308 0.999689 0 0.0249307 0.997204 0 -0.0747301 0.997204 0 -0.0747301 0.984808 0 -0.173648 0.984808 0 -0.173648 0.962624 0 -0.27084 0.962624 0 -0.270841 0.930874 0 -0.365341 0.930874 0 -0.365341 0.889872 0 -0.456211 0.889872 0 -0.456211 0.840026 0 -0.542546 0.840026 0 -0.542546 0.781832 0 -0.62349 0.781832 0 -0.62349 0.715867 0 -0.698237 0.715867 0 -0.698237 0.642788 0 -0.766044 0.642788 0 -0.766044 0.56332 0 -0.826239 0.56332 0 -0.826239 0.478254 0 -0.878222 0.478254 0 -0.878222 0.388435 0 -0.921476 0.388435 0 -0.921476 0.294755 0 -0.955573 0.294755 0 -0.955573 0.198146 0 -0.980173 0.198146 0 -0.980173 0.0995679 0 -0.995031 0.0995679 0 -0.995031 -1.37194e-11 0 -1 -1.13829e-22 0 -1 -0.0498456 0 0.998757 -0.149042 0 0.988831 -0.149042 0 0.988831 -0.246758 0 0.969077 -0.246757 0 0.969077 -0.34202 0 0.939693 -0.34202 0 0.939693 -0.433884 0 0.900969 -0.433884 0 0.900969 -0.521435 0 0.853291 -0.521435 0 0.853291 -0.603804 0 0.797133 -0.603804 0 0.797132 -0.680173 0 0.733052 -0.680173 0 0.733052 -0.749781 0 0.661686 -0.749781 0 0.661686 -0.811938 0 0.583743 -0.811938 0 0.583743 -0.866025 0 0.5 -0.866025 0 0.5 -0.911506 0 0.411287 -0.911506 0 0.411287 -0.947927 0 0.318487 -0.947927 0 0.318487 -0.974928 0 0.222521 -0.974928 0 0.222521 -0.992239 0 0.124344 -0.992239 0 0.124344 -0.999689 0 0.0249307 -0.999689 0 0.0249307 -0.997204 0 -0.0747303 -0.997204 0 -0.0747303 -0.984808 0 -0.173648 -0.984808 0 -0.173648 -0.962624 0 -0.270841 -0.962624 0 -0.270841 -0.930874 0 -0.365341 -0.930874 0 -0.365341 -0.889872 0 -0.456211 -0.889872 0 -0.456211 -0.840026 0 -0.542546 -0.840026 0 -0.542546 -0.781831 0 -0.62349 -0.781831 0 -0.62349 -0.715867 0 -0.698237 -0.715867 0 -0.698237 -0.642787 0 -0.766045 -0.642788 0 -0.766044 -0.56332 0 -0.826239 -0.56332 0 -0.826239 -0.478254 0 -0.878222 -0.478254 0 -0.878222 -0.388435 0 -0.921476 -0.388435 0 -0.921476 -0.294755 0 -0.955573 -0.294755 0 -0.955573 -0.198146 0 -0.980173 -0.198146 0 -0.980173 -0.0995679 0 -0.995031 -0.0995679 0 -0.995031 -0.108119 0 0.994138 1.37186e-11 0 1 -1.35811e-22 0 1 -0.419889 0 0.907575 -0.319302 0 0.947653 -0.319302 0 0.947653 -0.21497 0 0.976621 -0.21497 0 0.976621 -0.108119 0 0.994138 -0.605174 0 0.796093 -0.605174 0 0.796093 -0.687699 0 0.725995 -0.419889 0 0.907575 -0.515554 0 0.856857 -0.515554 0 0.856857 -0.827689 0 0.561187 -0.883512 0 0.468408 -0.827689 0 0.561187 -0.762162 0 0.647386 -0.762162 0 0.647386 -0.687699 0 0.725995 -0.986827 0 0.161782 -0.96355 0 0.267528 -0.96355 0 0.267528 -0.928977 0 0.370138 -0.883512 0 0.468408 -0.928977 0 0.370138 -0.998533 -0 -0.0541389 -0.998533 -0 -0.0541388 -0.986827 -0 -0.161782 -0.986827 0 0.161782 -0.998533 0 0.054139 -0.998533 0 0.0541388 -0.928977 -0 -0.370138 -0.883512 -0 -0.468408 -0.928977 -0 -0.370138 -0.96355 -0 -0.267528 -0.96355 -0 -0.267528 -0.986827 -0 -0.161782 -0.687699 -0 -0.725995 -0.762162 -0 -0.647386 -0.762162 -0 -0.647386 -0.827689 -0 -0.561187 -0.883512 -0 -0.468408 -0.827689 -0 -0.561187 -0.515554 -0 -0.856857 -0.515554 -0 -0.856857 -0.419889 -0 -0.907575 -0.687699 -0 -0.725995 -0.605174 -0 -0.796093 -0.605174 -0 -0.796093 -0.21497 -0 -0.976621 -0.108119 -0 -0.994138 -0.21497 -0 -0.976621 -0.319302 -0 -0.947653 -0.319302 -0 -0.947653 -0.419889 -0 -0.907575 0.214971 0 -0.97662 0.108119 0 -0.994138 0.108119 0 -0.994138 8.74228e-08 0 -1 -0.108119 -0 -0.994138 8.74228e-08 0 -1 0.419889 0 -0.907575 0.419889 0 -0.907575 0.515554 0 -0.856857 0.214971 0 -0.97662 0.319301 0 -0.947653 0.319301 0 -0.947653 0.687699 0 -0.725996 0.762162 0 -0.647386 0.687699 0 -0.725996 0.605174 0 -0.796093 0.605174 0 -0.796093 0.515554 0 -0.856857 0.928977 0 -0.370138 0.883512 0 -0.468409 0.883512 0 -0.468409 0.827689 0 -0.561187 0.762162 0 -0.647386 0.827689 0 -0.561187 0.986827 0 -0.161782 0.986826 0 -0.161782 0.998533 0 -0.0541389 0.928977 0 -0.370138 0.96355 0 -0.267528 0.96355 0 -0.267528 0.998533 0 0.0541389 0.998533 0 0.0541389 0.986826 0 0.161782 0.998533 0 -0.0541389 0.96355 0 0.267528 0.986827 0 0.161782 0.928977 0 0.370138 0.96355 0 0.267528 0.928977 0 0.370138 0.883512 0 0.468409 0.827689 0 0.561187 0.883512 0 0.468408 0.762162 0 0.647386 0.827689 0 0.561187 0.762162 0 0.647386 0.687699 0 0.725996 0.605174 0 0.796093 0.6877 0 0.725995 0.515554 0 0.856857 0.605174 0 0.796093 0.515554 0 0.856857 0.419889 0 0.907575 0.319302 0 0.947653 0.419889 0 0.907575 0.214971 0 0.97662 0.319302 0 0.947653 0.214971 0 0.97662 0.108119 0 0.994138 0.108119 0 0.994138 -0.679995 -0.703022 -0.208246 -0.805143 -0.584051 -0.103102 -0.776137 -0.584051 -0.237689 -0.885341 -0.450908 -0.113372 -0.944057 -0.306825 -0.120891 -0.853446 -0.450908 -0.261365 -0.124186 -0.986013 -0.111156 -0.255485 -0.948168 -0.188956 -0.219877 -0.948168 -0.229415 -0.705408 -0.703022 -0.090331 -0.810986 -0.584051 0.0344503 -0.588557 -0.804935 -0.0753677 -0.710527 -0.703022 0.0301828 -0.793498 -0.584051 0.171012 -0.141817 -0.986013 -0.0875542 -0.283744 -0.948168 -0.143061 -0.592829 -0.804935 0.0251831 -0.695206 -0.703022 0.149828 -0.155017 -0.986013 -0.0612169 -0.30384 -0.948168 -0.09305 -0.580046 -0.804935 0.125009 -0.659885 -0.703022 0.265164 -0.550575 -0.804935 0.221239 -0.60558 -0.703022 0.372871 -0.753183 -0.584051 0.302654 -0.315195 -0.948168 -0.0403623 -0.163374 -0.986013 -0.032967 -0.691201 -0.584051 0.425589 -0.533854 -0.703022 0.469851 -0.505266 -0.804935 0.311105 -0.166626 -0.986013 -0.00368701 -0.317483 -0.948168 0.0134865 -0.609334 -0.584051 0.536281 -0.509937 -0.584051 0.631545 -0.445422 -0.804935 0.39202 -0.44677 -0.703022 0.553314 -0.164672 -0.986013 0.0257081 -0.310637 -0.948168 0.0669473 -0.39587 -0.584051 0.70864 -0.346833 -0.703022 0.62086 -0.372763 -0.804935 0.461658 -0.464171 -0.306825 0.830905 -0.56073 -0.450908 0.694452 -0.435302 -0.450908 0.779226 -0.294854 -0.948168 0.118482 -0.161755 -0.986013 0.0401613 -0.152157 -0.986013 0.0680139 -0.27059 -0.948168 0.166609 -0.28938 -0.804935 0.518015 -0.236918 -0.703022 0.670544 -0.197673 -0.804935 0.559469 -0.120188 -0.703022 0.700939 -0.270415 -0.584051 0.76535 -0.137805 -0.986013 0.0937415 -0.23854 -0.948168 0.209942 -0.137181 -0.584051 0.800041 -0.199629 -0.948168 0.247236 -0.119148 -0.986013 0.11654 -0.01473 -0.986013 0.166014 -1.0177e-16 -0.986013 0.166667 1.11959e-11 -0.953008 0.302947 9.84489e-11 -0.745982 0.665966 -0.100279 -0.804935 0.584828 -1.10419e-09 -0.831801 0.555074 -0.0293447 -0.986013 0.164063 -0.0537032 -0.948168 0.313198 -0.154974 -0.948168 0.277417 -0.0967671 -0.986013 0.135698 -0.0779366 -0.887316 0.454528 3.20248e-11 -0.901264 0.43327 -0.0437298 -0.986013 0.160827 -0.0843955 -0.986013 0.143719 -0.105862 -0.948168 0.299617 -0.0577726 -0.986013 0.156333 -0.108381 -0.986013 0.126614 -3.45549e-10 -0.645497 0.763763 -3.36799e-09 -0.53232 0.846543 8.17685e-10 -0.408677 0.912679 -0.160849 -0.306825 0.938076 -0.150845 -0.450908 0.879731 -0.297351 -0.450908 0.841584 -0.108119 -8.74228e-08 0.994138 -0.16695 -0.155296 0.973658 -3.01606e-10 -0.139875 0.990169 2.84089e-10 -0.276999 0.96087 -9.0486e-10 -8.74228e-08 1 -0.177943 -0.948168 -0.263275 -0.130889 -0.948168 -0.28956 -0.0779557 -0.986013 -0.147311 -0.567354 -0.804935 -0.17375 -0.52983 -0.804935 -0.267134 -0.63502 -0.703022 -0.320171 -0.477063 -0.804935 -0.352834 -0.0508009 -0.986013 -0.158736 -0.0800708 -0.948168 -0.307516 -0.724803 -0.584051 -0.365438 -0.571777 -0.703022 -0.422884 -0.652618 -0.584051 -0.482674 -0.492085 -0.703022 -0.513432 -0.332269 -0.804935 -0.491607 -0.410571 -0.804935 -0.428382 -0.0269487 -0.948168 -0.316624 -0.022059 -0.986013 -0.1652 -0.561659 -0.584051 -0.586024 -0.398236 -0.703022 -0.58921 -0.454541 -0.584051 -0.672515 0.00737221 -0.986013 -0.166503 0.0269487 -0.948168 -0.316624 -0.244407 -0.804935 -0.54069 -0.292931 -0.703022 -0.648037 -0.149515 -0.804935 -0.574217 -0.334347 -0.584051 -0.73966 0.0800708 -0.948168 -0.307516 0.0365731 -0.986013 -0.162604 -0.179199 -0.703022 -0.688221 -0.204535 -0.584051 -0.785525 0.13089 -0.948168 -0.28956 0.0508009 -0.986013 -0.158736 0.177943 -0.948168 -0.263275 0.0779557 -0.986013 -0.147311 -0.0756953 -0.450908 -0.889355 -0.224908 -0.450908 -0.86377 -0.239824 -0.306825 -0.921055 -0.0603113 -0.703022 -0.708606 -0.0503207 -0.804935 -0.591226 -0.0688384 -0.584051 -0.808793 0.102675 -0.986013 -0.131285 0.219877 -0.948168 -0.229415 0.0503207 -0.804935 -0.591226 0.0603112 -0.703022 -0.708606 0.149515 -0.804935 -0.574217 0.0688384 -0.584051 -0.808793 0.124186 -0.986013 -0.111156 0.255485 -0.948168 -0.188956 0.204535 -0.584051 -0.785525 0.179199 -0.703022 -0.688221 0.244407 -0.804935 -0.54069 0.292931 -0.703022 -0.648037 0.332269 -0.804935 -0.491607 0.334347 -0.584051 -0.73966 0.283744 -0.948168 -0.143061 0.141817 -0.986013 -0.0875542 0.454541 -0.584051 -0.672515 0.398236 -0.703022 -0.58921 0.477063 -0.804935 -0.352834 0.410571 -0.804935 -0.428382 0.492085 -0.703022 -0.513432 0.30384 -0.948168 -0.0930501 0.155017 -0.986013 -0.0612169 0.315195 -0.948168 -0.0403623 0.163374 -0.986013 -0.0329669 0.561659 -0.584051 -0.586024 0.571777 -0.703022 -0.422884 0.652618 -0.584051 -0.482674 0.310637 -0.948168 0.0669474 0.164672 -0.986013 0.0257081 0.317483 -0.948168 0.0134866 0.765217 -0.306825 -0.565952 0.796999 -0.450908 -0.401838 0.717624 -0.450908 -0.530752 0.63502 -0.703022 -0.32017 0.52983 -0.804935 -0.267134 0.724803 -0.584051 -0.365438 0.294854 -0.948168 0.118482 0.157573 -0.986013 0.0543001 0.944057 -0.306825 -0.120891 0.910047 -0.306825 -0.278699 0.944566 -0.155296 -0.28927 0.776137 -0.584051 -0.237689 0.679995 -0.703022 -0.208246 0.567354 -0.804935 -0.17375 0.805143 -0.584051 -0.103102 0.705408 -0.703022 -0.090331 0.145551 -0.986013 0.0811955 0.27059 -0.948168 0.166609 0.710527 -0.703022 0.030183 0.580046 -0.804935 0.125009 0.592829 -0.804935 0.0251832 0.588557 -0.804935 -0.0753677 0.810986 -0.584051 0.0344505 0.128981 -0.986013 0.105554 0.23854 -0.948168 0.209942 0.154974 -0.948168 0.277417 0.0967671 -0.986013 0.135698 0.199629 -0.948168 0.247236 0.659885 -0.703022 0.265163 0.505266 -0.804935 0.311105 0.550575 -0.804935 0.221239 0.695206 -0.703022 0.149828 0.793498 -0.584051 0.171012 0.609333 -0.584051 0.536281 0.670028 -0.450908 0.589699 0.509937 -0.584051 0.631545 0.119148 -0.986013 0.11654 0.60558 -0.703022 0.372871 0.105862 -0.948168 0.299617 0.153631 -0.887316 0.434818 0.0537032 -0.948168 0.313198 0.445421 -0.804935 0.39202 0.0779366 -0.887316 0.454528 0.0713633 -0.986013 0.150616 0.01473 -0.986013 0.166014 0.0293448 -0.986013 0.164063 0.753183 -0.584051 0.302654 0.533854 -0.703022 0.469851 0.329098 -0.155296 0.931438 0.481778 -0.155296 0.862423 0.419889 -8.74228e-08 0.907576 0.841198 -0.155296 0.517946 0.714464 -0.306825 0.628808 0.810457 -0.306825 0.499018 0.464171 -0.306825 0.830905 0.620598 -0.155296 0.768596 0.76005 -0.450908 0.467981 0.597919 -0.306825 0.740508 0.560731 -0.450908 0.694451 0.214971 -8.74228e-08 0.97662 0.108119 -8.74228e-08 0.994138 0.166951 -0.155296 0.973658 0.319302 -8.74228e-08 0.947653 -0.0713633 -0.986013 0.150616 -0.153631 -0.887316 0.434818 -0.317071 -0.306825 0.897399 -0.329098 -0.155296 0.931438 -0.21497 -8.74228e-08 0.976621 -0.128981 -0.986013 0.105554 -0.224906 -0.887316 0.4026 -0.419889 -8.74228e-08 0.907575 -0.481778 -0.155296 0.862423 -0.319302 -8.74228e-08 0.947653 -0.145551 -0.986013 0.0811955 -0.289711 -0.887316 0.3588 -0.597918 -0.306825 0.740508 -0.620598 -0.155296 0.768597 -0.515554 -8.74228e-08 0.856857 -0.157573 -0.986013 0.0543001 -0.346181 -0.887316 0.304678 -0.670028 -0.450908 0.589699 -0.741565 -0.155296 0.652659 -0.762162 -8.74228e-08 0.647386 -0.827689 -8.74228e-08 0.561187 -0.714464 -0.306825 0.628808 -0.687699 -8.74228e-08 0.725995 -0.605174 -8.74228e-08 0.796093 -0.1663 -0.986013 0.0110538 -0.392692 -0.887316 0.24179 -0.76005 -0.450908 0.467981 -0.810456 -0.306825 0.499018 -0.841198 -0.155296 0.517946 -0.165648 -0.986013 -0.018399 -0.427906 -0.887316 0.171947 -0.828206 -0.450908 0.332801 -0.883133 -0.306825 0.354872 -0.872537 -0.450908 0.188046 -0.930404 -0.306825 0.200517 -0.883512 -8.74228e-08 0.468408 -0.916632 -0.155296 0.368333 -0.159821 -0.986013 -0.0472769 -0.45081 -0.887316 0.0971571 -0.965695 -0.155296 0.208123 -0.928977 -8.74228e-08 0.370138 -0.96355 -8.74228e-08 0.267528 -0.149 -0.986013 -0.0746778 -0.460746 -0.887316 0.0195722 -0.891766 -0.450908 0.0378818 -0.950908 -0.306825 0.0403941 -0.986978 -0.155296 0.0419263 -0.986827 -8.74228e-08 0.161782 -0.133524 -0.986013 -0.0997454 -0.457426 -0.887316 -0.0585757 -0.998533 -8.74228e-08 -0.0541388 -0.979867 -0.155296 -0.125477 -0.998533 -8.74228e-08 0.0541388 -0.113876 -0.986013 -0.121696 -0.102675 -0.986013 -0.131285 -0.440947 -0.887316 -0.135038 -0.910047 -0.306825 -0.278699 -0.944566 -0.155296 -0.28927 -0.986827 -8.74228e-08 -0.161782 -0.09067 -0.986013 -0.139845 -0.411783 -0.887316 -0.207616 -0.796999 -0.450908 -0.401838 -0.882093 -0.155296 -0.444742 -0.883512 -8.74228e-08 -0.468408 -0.827689 -8.74228e-08 -0.561187 -0.849856 -0.306825 -0.428489 -0.928977 -8.74228e-08 -0.370138 -0.96355 -8.74228e-08 -0.267528 -0.0646312 -0.986013 -0.153625 -0.370772 -0.887316 -0.274222 -0.717624 -0.450908 -0.530752 -0.765217 -0.306825 -0.565952 -0.794243 -0.155296 -0.587419 -0.319095 -0.887316 -0.332938 -0.617604 -0.450908 -0.644397 -0.658564 -0.306825 -0.687133 -0.499817 -0.450908 -0.739503 -0.532965 -0.306825 -0.788547 -0.762162 -8.74228e-08 -0.647386 -0.683544 -0.155296 -0.713197 -0.0365731 -0.986013 -0.162604 -0.258239 -0.887316 -0.382076 -0.553181 -0.155296 -0.818458 -0.687699 -8.74228e-08 -0.725995 -0.605174 -8.74228e-08 -0.796093 -0.00737222 -0.986013 -0.166503 -0.189953 -0.887316 -0.420223 -0.367651 -0.450908 -0.813335 -0.392034 -0.306825 -0.867276 -0.406904 -0.155296 -0.900173 -0.515554 -8.74228e-08 -0.856857 0.0220589 -0.986013 -0.1652 -0.116202 -0.887316 -0.446281 -0.319302 -8.74228e-08 -0.947653 -0.248921 -0.155296 -0.955992 -0.419889 -8.74228e-08 -0.907575 0.0646312 -0.986013 -0.153625 -0.0391092 -0.887316 -0.4595 -0.0807154 -0.306825 -0.948337 -0.0837771 -0.155296 -0.984309 -0.21497 -8.74228e-08 -0.976621 0.09067 -0.986013 -0.139845 0.0391092 -0.887316 -0.4595 0.0756952 -0.450908 -0.889355 0.083777 -0.155296 -0.984309 0.108119 -8.74228e-08 -0.994138 0.248921 -0.155296 -0.955992 0.0807153 -0.306825 -0.948337 8.74228e-08 -8.74228e-08 -1 -0.108119 -8.74228e-08 -0.994138 0.113876 -0.986013 -0.121696 0.116202 -0.887316 -0.446281 0.224908 -0.450908 -0.86377 0.239824 -0.306825 -0.921055 0.133524 -0.986013 -0.0997453 0.189953 -0.887316 -0.420223 0.367651 -0.450908 -0.813335 0.392034 -0.306825 -0.867276 0.499817 -0.450908 -0.739503 0.532965 -0.306825 -0.788547 0.319301 -8.74228e-08 -0.947653 0.406904 -0.155296 -0.900173 0.214971 -8.74228e-08 -0.97662 0.149 -0.986013 -0.0746778 0.258239 -0.887316 -0.382076 0.553181 -0.155296 -0.818458 0.419889 -8.74228e-08 -0.907575 0.515554 -8.74228e-08 -0.856857 0.159821 -0.986013 -0.0472769 0.319095 -0.887316 -0.332938 0.617604 -0.450908 -0.644396 0.658564 -0.306825 -0.687133 0.683544 -0.155296 -0.713197 0.605174 -8.74228e-08 -0.796093 0.165648 -0.986013 -0.018399 0.166626 -0.986013 -0.003687 0.370772 -0.887316 -0.274222 0.762162 -8.74228e-08 -0.647386 0.794243 -0.155296 -0.587419 0.687699 -8.74228e-08 -0.725996 0.1663 -0.986013 0.0110538 0.411783 -0.887316 -0.207616 0.849857 -0.306825 -0.428488 0.882093 -0.155296 -0.444742 0.827689 -8.74228e-08 -0.561187 0.161755 -0.986013 0.0401613 0.440947 -0.887316 -0.135039 0.853446 -0.450908 -0.261365 0.928977 -8.74228e-08 -0.370138 0.883512 -8.74228e-08 -0.468409 0.457426 -0.887316 -0.0585756 0.885341 -0.450908 -0.113372 0.979867 -0.155296 -0.125477 0.96355 -8.74228e-08 -0.267528 0.152157 -0.986013 0.0680139 0.460746 -0.887316 0.0195724 0.891766 -0.450908 0.037882 0.950908 -0.306825 0.0403944 0.872537 -0.450908 0.188046 0.930404 -0.306825 0.200517 0.998533 -8.74228e-08 -0.0541389 0.986978 -0.155296 0.0419266 0.986826 -8.74228e-08 -0.161782 0.137805 -0.986013 0.0937415 0.45081 -0.887316 0.0971571 0.965695 -0.155296 0.208123 0.998533 -8.74228e-08 0.0541389 0.986827 -8.74228e-08 0.161782 0.108381 -0.986013 0.126614 0.427906 -0.887316 0.171947 0.828206 -0.450908 0.3328 0.883133 -0.306825 0.354872 0.916632 -0.155296 0.368333 0.96355 -8.74228e-08 0.267528 0.0843954 -0.986013 0.143719 0.392692 -0.887316 0.24179 0.691201 -0.584051 0.425589 0.883512 -8.74228e-08 0.468409 0.928977 -8.74228e-08 0.370138 0.0577726 -0.986013 0.156333 0.346181 -0.887316 0.304678 0.741565 -0.155296 0.652659 0.827689 -8.74228e-08 0.561187 0.372763 -0.804935 0.461658 0.289711 -0.887316 0.3588 0.44677 -0.703022 0.553314 0.160849 -0.306825 0.938076 0.317071 -0.306825 0.897399 0.687699 -8.74228e-08 0.725996 0.762162 -8.74228e-08 0.647386 0.28938 -0.804935 0.518015 0.224906 -0.887316 0.4026 0.346833 -0.703022 0.62086 0.39587 -0.584051 0.708641 0.435302 -0.450908 0.779226 0.605174 -8.74228e-08 0.796093 0.0437298 -0.986013 0.160827 0.197673 -0.804935 0.559469 0.236919 -0.703022 0.670544 0.270415 -0.584051 0.76535 0.297351 -0.450908 0.841584 0.515554 -8.74228e-08 0.856857 0.100279 -0.804935 0.584828 0.120188 -0.703022 0.700939 0.137181 -0.584051 0.800041 0.150845 -0.450908 0.879731 -0.0437298 -0.986013 0.160828 -0.105862 -0.948168 0.299617 -0.0537033 -0.948168 0.313198 -0.119148 -0.986013 0.11654 -0.199629 -0.948168 0.247236 -0.108382 -0.986013 0.126615 -0.0779366 -0.887317 0.454527 1.10419e-09 -0.831801 0.555074 -3.20257e-11 -0.901264 0.43327 -0.0577727 -0.986013 0.156333 -0.0713634 -0.986013 0.150616 -0.0293448 -0.986013 0.164063 -1.11965e-11 -0.953008 0.302946 -0.01473 -0.986013 0.166015 -2.86808e-16 -0.986013 0.166667 -0.0843955 -0.986013 0.143719 -0.0967672 -0.986013 0.135698 -0.154974 -0.948168 0.277417 -0.100279 -0.804935 0.584828 -9.84503e-11 -0.745982 0.665966 -0.714464 -0.306825 0.628808 -0.560731 -0.450908 0.694452 -0.670028 -0.450908 0.589699 -0.128981 -0.986013 0.105554 -0.27059 -0.948168 0.166609 -0.238541 -0.948168 0.209942 -0.533854 -0.703022 0.469851 -0.44677 -0.703022 0.553314 -0.372763 -0.804935 0.461658 -0.346833 -0.703022 0.62086 -0.28938 -0.804935 0.518014 -0.60558 -0.703022 0.372871 -0.445421 -0.804935 0.39202 -0.317483 -0.948168 0.0134865 -0.310637 -0.948168 0.0669474 -0.164672 -0.986013 0.0257082 -0.505266 -0.804935 0.311105 -0.659885 -0.703022 0.265164 -0.965696 -0.155296 0.208123 -0.930404 -0.306825 0.200517 -0.986978 -0.155296 0.0419263 -0.932884 -1.74846e-07 -0.360178 -0.944566 -0.155296 -0.28927 -0.882093 -0.155296 -0.444742 -0.163374 -0.986013 -0.032967 -0.30384 -0.948168 -0.0930501 -0.315195 -0.948168 -0.0403623 -0.440947 -0.887317 -0.135038 -0.567354 -0.804935 -0.17375 -0.457426 -0.887317 -0.0585756 -0.944057 -0.306825 -0.120891 -0.891766 -0.450908 0.0378818 -0.885341 -0.450908 -0.113372 -0.283744 -0.948168 -0.143061 -0.141817 -0.986013 -0.0875542 -0.255486 -0.948168 -0.188956 -0.705408 -0.703022 -0.090331 -0.710527 -0.703022 0.0301828 -0.592829 -0.804935 0.0251831 -0.370772 -0.887317 -0.274222 -0.319095 -0.887317 -0.332938 -0.410571 -0.804935 -0.428382 -0.477062 -0.804935 -0.352833 -0.411782 -0.887317 -0.207616 -0.499817 -0.450908 -0.739503 -0.532965 -0.306825 -0.788547 -0.617604 -0.450908 -0.644397 -0.658564 -0.306825 -0.687133 -0.553181 -0.155296 -0.818458 -0.683544 -0.155296 -0.713197 -0.248921 -0.155296 -0.955992 -0.0837771 -0.155296 -0.984309 -0.192712 -1.74846e-07 -0.981255 -0.0269487 -0.948168 -0.316624 -0.0800709 -0.948168 -0.307516 -0.0365731 -0.986013 -0.162604 -0.0807154 -0.306825 -0.948337 0.083777 -0.155296 -0.984309 -0.332269 -0.804935 -0.491607 -0.292931 -0.703022 -0.648037 -0.398236 -0.703022 -0.58921 -0.149514 -0.804935 -0.574217 -0.0603113 -0.703022 -0.708606 -0.179199 -0.703022 -0.688221 0.13089 -0.948168 -0.28956 0.0800708 -0.948168 -0.307516 0.050801 -0.986013 -0.158736 0.0603112 -0.703022 -0.708606 0.0503207 -0.804935 -0.591226 0.179199 -0.703022 -0.688221 0.189953 -0.887317 -0.420223 0.244407 -0.804935 -0.540689 0.116202 -0.887317 -0.446281 0.410571 -0.804935 -0.428382 0.258238 -0.887317 -0.382076 0.319095 -0.887317 -0.332938 0.255486 -0.948168 -0.188956 0.219877 -0.948168 -0.229415 0.124186 -0.986013 -0.111156 0.332268 -0.804935 -0.491607 0.492085 -0.703022 -0.513432 0.398236 -0.703022 -0.58921 0.370772 -0.887317 -0.274222 0.477062 -0.804935 -0.352833 0.998308 -1.74846e-07 -0.0581451 0.979867 -0.155296 -0.125477 0.986978 -0.155296 0.0419266 0.411782 -0.887317 -0.207616 0.440947 -0.887317 -0.135038 0.567354 -0.804935 -0.17375 0.891766 -0.450908 0.037882 0.810986 -0.584051 0.0344505 0.872537 -0.450908 0.188046 0.317483 -0.948168 0.0134866 0.315195 -0.948168 -0.0403623 0.166626 -0.986013 -0.003687 0.164672 -0.986013 0.0257082 0.310637 -0.948168 0.0669474 0.457426 -0.887317 -0.0585756 0.460745 -0.887317 0.0195724 0.592829 -0.804935 0.0251832 0.27059 -0.948168 0.166609 0.294855 -0.948168 0.118482 0.152158 -0.986013 0.068014 0.805142 -0.584051 -0.103102 0.588557 -0.804935 -0.0753676 0.710527 -0.703022 0.030183 0.705408 -0.703022 -0.090331 0.916632 -0.155296 0.368333 0.965696 -0.155296 0.208123 0.930404 -0.306825 0.200517 0.883133 -0.306825 0.354872 0.841198 -0.155296 0.517946 0.0577727 -0.986013 0.156333 0.105862 -0.948168 0.299617 0.0713634 -0.986013 0.150616 0.695206 -0.703022 0.149828 0.580045 -0.804935 0.125009 0.659885 -0.703022 0.265163 0.810457 -0.306825 0.499018 0.828206 -0.450908 0.3328 0.76005 -0.450908 0.467981 0.691201 -0.584051 0.425589 0.753183 -0.584051 0.302654 0.609333 -0.584051 0.536281 0.670028 -0.450908 0.589699 0.154519 -1.74846e-07 0.98799 0.166951 -0.155296 0.973658 0.0774925 -1.74846e-07 0.996993 0.329098 -0.155296 0.931439 0.230616 -1.74846e-07 0.973045 0.317071 -0.306825 0.897399 0.297351 -0.450908 0.841584 0.435302 -0.450908 0.779226 0.481778 -0.155296 0.862423 0.464171 -0.306825 0.830905 0.741565 -0.155296 0.652659 0.620598 -0.155296 0.768596 0.700217 -1.74846e-07 0.71393 0.560731 -0.450908 0.694452 0.597919 -0.306825 0.740508 0.581492 -1.74846e-07 0.813552 0.238541 -0.948168 0.209942 0.137805 -0.986013 0.0937416 0.550575 -0.804935 0.221239 0.505266 -0.804935 0.311105 0.60558 -0.703022 0.372871 0.154974 -0.948168 0.277417 0.199629 -0.948168 0.247236 0.0967672 -0.986013 0.135698 0.119148 -0.986013 0.11654 0.0537033 -0.948168 0.313198 0.0779366 -0.887317 0.454527 0.346833 -0.703022 0.62086 0.372763 -0.804935 0.461658 0.28938 -0.804935 0.518014 0.153631 -0.887317 0.434818 0.0293448 -0.986013 0.164063 0.01473 -0.986013 0.166015 0.3782 -1.74846e-07 0.925724 0.427906 -0.887317 0.171947 -1.74846e-07 -1.74846e-07 1 -1.73127e-07 -0.139875 0.990169 0.45081 -0.887317 0.097157 0.63502 -0.703022 -0.32017 0.529829 -0.804935 -0.267134 0.679995 -0.703022 -0.208246 0.571777 -0.703022 -0.422884 0.163374 -0.986013 -0.032967 0.30384 -0.948168 -0.0930501 0.796999 -0.450908 -0.401838 0.853446 -0.450908 -0.261365 0.910047 -0.306825 -0.278699 0.944566 -0.155296 -0.28927 0.882093 -0.155296 -0.444742 0.849857 -0.306825 -0.428488 0.283744 -0.948168 -0.143061 0.155017 -0.986013 -0.061217 0.141817 -0.986013 -0.0875543 0.765217 -0.306825 -0.565952 0.794243 -0.155296 -0.587419 0.454541 -0.584051 -0.672515 0.561659 -0.584051 -0.586024 0.617604 -0.450908 -0.644397 0.292931 -0.703022 -0.648037 0.149514 -0.804935 -0.574217 0.717624 -0.450908 -0.530752 0.553181 -0.155296 -0.818458 0.683544 -0.155296 -0.713197 0.612601 -1.74846e-07 -0.790393 0.392034 -0.306825 -0.867276 0.224908 -0.450908 -0.86377 0.367651 -0.450908 -0.813335 0.177943 -0.948168 -0.263275 0.102675 -0.986013 -0.131285 0.239824 -0.306825 -0.921055 0.0756952 -0.450908 -0.889355 -0.0503207 -0.804935 -0.591226 0.0391091 -0.887317 -0.4595 0.0779557 -0.986013 -0.147312 -0.0391092 -0.887317 -0.4595 0.0807154 -0.306825 -0.948337 0.248921 -0.155296 -0.955992 0.0269487 -0.948168 -0.316624 0.022059 -0.986013 -0.165201 -0.244407 -0.804935 -0.540689 -0.0688384 -0.584051 -0.808793 -0.0756953 -0.450908 -0.889355 -0.116202 -0.887317 -0.446281 -0.189953 -0.887317 -0.420223 -0.00737223 -0.986013 -0.166504 -0.258238 -0.887317 -0.382076 -0.492085 -0.703022 -0.513432 -0.34202 -1.74846e-07 -0.939693 -0.406904 -0.155296 -0.900173 -0.571777 -0.703022 -0.422884 -0.529829 -0.804935 -0.267134 -0.63502 -0.703022 -0.320171 -0.13089 -0.948168 -0.28956 -0.177943 -0.948168 -0.263275 -0.0779558 -0.986013 -0.147312 -0.102675 -0.986013 -0.131285 -0.219877 -0.948168 -0.229415 -0.794243 -0.155296 -0.587419 -0.765217 -0.306825 -0.565952 -0.679995 -0.703022 -0.208246 -0.588557 -0.804935 -0.0753677 -0.124186 -0.986013 -0.111156 -0.776137 -0.584051 -0.237689 -0.724803 -0.584051 -0.365438 -0.796999 -0.450908 -0.401838 -0.155017 -0.986013 -0.061217 -0.717624 -0.450908 -0.530752 -0.460745 -0.887317 0.0195722 -0.695206 -0.703022 0.149828 -0.580045 -0.804935 0.125009 -0.979867 -0.155296 -0.125477 -0.950908 -0.306825 0.0403941 -0.550575 -0.804935 0.221239 -0.166626 -0.986013 -0.00368701 -0.45081 -0.887317 0.097157 -0.828206 -0.450908 0.332801 -0.691201 -0.584051 0.425589 -0.753183 -0.584051 0.302654 -0.427906 -0.887317 0.171947 -0.872537 -0.450908 0.188046 -0.392692 -0.887317 0.24179 -0.346181 -0.887317 0.304677 -0.157573 -0.986013 0.0543001 -0.294855 -0.948168 0.118482 -0.145551 -0.986013 0.0811955 -0.884762 -1.74846e-07 0.466044 -0.841198 -0.155296 0.517946 -0.916632 -0.155296 0.368333 -0.28971 -0.887317 0.3588 -0.197673 -0.804935 0.559469 -0.236918 -0.703022 0.670544 -0.120188 -0.703022 0.700939 -0.620598 -0.155296 0.768597 -0.597918 -0.306825 0.740508 -0.741565 -0.155296 0.652659 -0.464171 -0.306825 0.830905 -0.481778 -0.155296 0.862423 -0.224906 -0.887317 0.4026 -0.153631 -0.887317 0.434818 -0.329098 -0.155296 0.931438 -0.317071 -0.306825 0.897399 -0.137181 -0.584051 0.800041 3.45548e-10 -0.645497 0.763763 3.36799e-09 -0.532321 0.846543 -0.297351 -0.450908 0.841584 -0.270415 -0.584051 0.76535 -0.435302 -0.450908 0.779226 -0.150845 -0.450908 0.879731 -0.160849 -0.306825 0.938076 -8.17687e-10 -0.408677 0.912679 -0.16695 -0.155296 0.973658 -2.84091e-10 -0.276999 0.96087 -0.154519 -1.74846e-07 0.98799 -0.0774924 -1.74846e-07 0.996993 -0.137805 -0.986013 0.0937416 -0.230616 -1.74846e-07 0.973045 -0.305326 -1.74846e-07 0.952248 -0.152158 -0.986013 0.068014 -0.39587 -0.584051 0.70864 -0.448799 -1.74846e-07 0.893633 -0.3782 -1.74846e-07 0.925724 -0.509937 -0.584051 0.631545 -0.581492 -1.74846e-07 0.813552 -0.516699 -1.74846e-07 0.856167 -0.161756 -0.986013 0.0401613 -0.609334 -0.584051 0.536281 -0.802123 -1.74846e-07 0.597159 -0.76005 -0.450908 0.467981 -0.700217 -1.74846e-07 0.71393 -0.642788 -1.74846e-07 0.766044 -0.1663 -0.986013 0.0110538 -0.810457 -0.306825 0.499018 -0.753436 -1.74846e-07 0.657521 -0.165648 -0.986013 -0.018399 -0.883133 -0.306825 0.354872 -0.918216 -1.74846e-07 0.39608 -0.845986 -1.74846e-07 0.533204 -0.159821 -0.986013 -0.047277 -0.793498 -0.584051 0.171012 -0.96839 -1.74846e-07 0.249441 -0.946148 -1.74846e-07 0.323734 -0.149 -0.986013 -0.0746779 -0.810986 -0.584051 0.0344503 -0.995303 -1.74846e-07 0.0968108 -0.984808 -1.74846e-07 0.173648 -0.133524 -0.986013 -0.0997455 -0.805142 -0.584051 -0.103102 -0.977334 -1.74846e-07 -0.211704 -0.853446 -0.450908 -0.261365 -0.998308 -1.74846e-07 -0.0581448 -0.999812 -1.74846e-07 0.0193914 -0.113876 -0.986013 -0.121697 -0.910047 -0.306825 -0.278699 -0.9908 -1.74846e-07 -0.135331 -0.0906701 -0.986013 -0.139845 -0.849856 -0.306825 -0.428489 -0.902167 -1.74846e-07 -0.431386 -0.95799 -1.74846e-07 -0.286803 -0.0646313 -0.986013 -0.153625 -0.050801 -0.986013 -0.158736 -0.652618 -0.584051 -0.482674 -0.866025 -1.74846e-07 -0.5 -0.824675 -1.74846e-07 -0.565607 -0.022059 -0.986013 -0.165201 -0.561659 -0.584051 -0.586024 -0.727374 -1.74846e-07 -0.686242 -0.778365 -1.74846e-07 -0.627812 0.00737222 -0.986013 -0.166504 -0.454541 -0.584051 -0.672515 -0.483113 -1.74846e-07 -0.875558 -0.367651 -0.450908 -0.813335 -0.6126 -1.74846e-07 -0.790393 -0.672008 -1.74846e-07 -0.740544 -0.334347 -0.584051 -0.73966 -0.392034 -0.306825 -0.867276 -0.224908 -0.450908 -0.86377 -0.549509 -1.74846e-07 -0.835488 0.0365731 -0.986013 -0.162604 -0.204535 -0.584051 -0.785525 -0.239824 -0.306825 -0.921055 -0.413811 -1.74846e-07 -0.910363 0.0646313 -0.986013 -0.153625 -0.116093 -1.74846e-07 -0.993238 -0.268173 -1.74846e-07 -0.963371 0.0906701 -0.986013 -0.139845 0.0688384 -0.584051 -0.808793 0.0387753 -1.74846e-07 -0.999248 -0.0387754 -1.74846e-07 -0.999248 0.113876 -0.986013 -0.121697 0.204535 -0.584051 -0.785525 0.406904 -0.155296 -0.900173 0.34202 -1.74846e-07 -0.939693 0.192712 -1.74846e-07 -0.981255 0.116093 -1.74846e-07 -0.993238 0.133524 -0.986013 -0.0997454 0.334347 -0.584051 -0.73966 0.483113 -1.74846e-07 -0.875558 0.499817 -0.450908 -0.739503 0.268172 -1.74846e-07 -0.963371 0.149 -0.986013 -0.0746779 0.532965 -0.306825 -0.788547 0.413811 -1.74846e-07 -0.910363 0.159821 -0.986013 -0.047277 0.658564 -0.306825 -0.687133 0.672008 -1.74846e-07 -0.740544 0.549509 -1.74846e-07 -0.835488 0.165648 -0.986013 -0.018399 0.652618 -0.584051 -0.482674 0.778365 -1.74846e-07 -0.627812 0.727374 -1.74846e-07 -0.686242 0.1663 -0.986013 0.0110538 0.724803 -0.584051 -0.365438 0.866025 -1.74846e-07 -0.5 0.824675 -1.74846e-07 -0.565607 0.157573 -0.986013 0.0543002 0.161756 -0.986013 0.0401613 0.776137 -0.584051 -0.237689 0.977334 -1.74846e-07 -0.211704 0.885341 -0.450908 -0.113372 0.932884 -1.74846e-07 -0.360178 0.902167 -1.74846e-07 -0.431386 0.145551 -0.986013 0.0811955 0.944057 -0.306825 -0.120891 0.95799 -1.74846e-07 -0.286803 0.128981 -0.986013 0.105554 0.950908 -0.306825 0.0403944 0.999812 -1.74846e-07 0.0193913 0.9908 -1.74846e-07 -0.135331 0.793498 -0.584051 0.171012 0.984808 -1.74846e-07 0.173648 0.995303 -1.74846e-07 0.0968111 0.108382 -0.986013 0.126615 0.946148 -1.74846e-07 0.323734 0.96839 -1.74846e-07 0.249441 0.0843955 -0.986013 0.143719 0.392692 -0.887317 0.24179 0.802123 -1.74846e-07 0.597159 0.884762 -1.74846e-07 0.466044 0.918216 -1.74846e-07 0.39608 0.445421 -0.804935 0.39202 0.533854 -0.703022 0.469851 0.346181 -0.887317 0.304677 0.714464 -0.306825 0.628808 0.845987 -1.74846e-07 0.533204 0.44677 -0.703022 0.553314 0.289711 -0.887317 0.3588 0.509937 -0.584051 0.631545 0.753436 -1.74846e-07 0.657522 0.39587 -0.584051 0.70864 0.224906 -0.887317 0.4026 0.516699 -1.74846e-07 0.856167 0.642788 -1.74846e-07 0.766044 0.0437298 -0.986013 0.160828 0.197673 -0.804935 0.559469 0.236919 -0.703022 0.670544 0.270415 -0.584051 0.76535 0.448799 -1.74846e-07 0.893633 0.100279 -0.804935 0.584828 0.120188 -0.703022 0.700939 0.137181 -0.584051 0.800041 0.150845 -0.450908 0.879731 0.160849 -0.306825 0.938076 0.305326 -1.74846e-07 0.952248 -0.0774924 0 0.996993 1.37186e-11 0 1 8.29576e-23 0 1 -0.305326 0 0.952248 -0.230616 0 0.973045 -0.230616 0 0.973045 -0.154519 0 0.98799 -0.154519 0 0.98799 -0.0774924 0 0.996993 -0.448799 0 0.893633 -0.448799 0 0.893633 -0.516699 0 0.856167 -0.305326 0 0.952248 -0.3782 0 0.925724 -0.3782 0 0.925724 -0.642788 0 0.766044 -0.700217 0 0.71393 -0.642788 0 0.766044 -0.581492 0 0.813552 -0.581492 0 0.813552 -0.516699 0 0.856167 -0.845986 0 0.533204 -0.802123 0 0.597159 -0.802123 0 0.597159 -0.753436 0 0.657521 -0.700217 0 0.71393 -0.753436 0 0.657521 -0.918216 0 0.39608 -0.918216 0 0.39608 -0.946148 0 0.323734 -0.845986 0 0.533204 -0.884762 0 0.466044 -0.884762 0 0.466044 -0.984808 0 0.173648 -0.995303 0 0.0968109 -0.984808 0 0.173648 -0.96839 0 0.249441 -0.96839 0 0.249441 -0.946148 0 0.323734 -0.9908 -0 -0.135331 -0.998308 -0 -0.0581448 -0.998308 -0 -0.0581448 -0.999812 0 0.0193914 -0.995303 0 0.0968109 -0.999812 0 0.0193914 -0.95799 -0 -0.286803 -0.95799 -0 -0.286803 -0.932884 -0 -0.360178 -0.9908 -0 -0.135331 -0.977334 -0 -0.211704 -0.977334 -0 -0.211704 -0.866025 -0 -0.5 -0.824675 -0 -0.565607 -0.866026 -0 -0.5 -0.902167 -0 -0.431386 -0.902167 -0 -0.431386 -0.932884 -0 -0.360178 -0.672008 -0 -0.740544 -0.727374 -0 -0.686242 -0.727374 -0 -0.686242 -0.778365 -0 -0.627812 -0.824675 -0 -0.565607 -0.778365 -0 -0.627812 -0.549509 -0 -0.835488 -0.549509 -0 -0.835488 -0.483113 -0 -0.875558 -0.672008 -0 -0.740544 -0.6126 -0 -0.790393 -0.6126 -0 -0.790393 -0.34202 -0 -0.939693 -0.268173 -0 -0.963371 -0.34202 -0 -0.939693 -0.413811 -0 -0.910363 -0.413811 -0 -0.910363 -0.483113 -0 -0.875558 -0.0387754 -0 -0.999248 -0.116093 -0 -0.993238 -0.116093 -0 -0.993238 -0.192712 -0 -0.981255 -0.268173 -0 -0.963371 -0.192712 -0 -0.981255 0.116093 0 -0.993238 0.116093 0 -0.993238 0.192712 0 -0.981255 -0.0387754 -0 -0.999248 0.0387753 0 -0.999248 0.0387753 0 -0.999248 0.34202 0 -0.939693 0.413811 0 -0.910363 0.34202 0 -0.939693 0.268172 0 -0.963371 0.268172 0 -0.963371 0.192712 0 -0.981255 0.612601 0 -0.790393 0.549509 0 -0.835488 0.549509 0 -0.835488 0.483113 0 -0.875558 0.413811 0 -0.910363 0.483113 0 -0.875558 0.727374 0 -0.686242 0.727374 0 -0.686242 0.778365 0 -0.627812 0.612601 0 -0.790393 0.672008 0 -0.740544 0.672008 0 -0.740544 0.866025 0 -0.5 0.902167 0 -0.431386 0.866025 0 -0.5 0.824675 0 -0.565607 0.824675 0 -0.565607 0.778365 0 -0.627812 0.977334 0 -0.211704 0.95799 0 -0.286803 0.95799 0 -0.286803 0.932884 0 -0.360178 0.902167 0 -0.431386 0.932884 0 -0.360178 0.998308 0 -0.0581451 0.998308 0 -0.0581451 0.999812 0 0.0193913 0.977334 0 -0.211704 0.9908 0 -0.135331 0.9908 0 -0.135331 0.995303 0 0.0968111 0.999812 0 0.0193913 0.995303 0 0.0968111 0.984808 0 0.173648 0.984808 0 0.173648 0.96839 0 0.249441 0.96839 0 0.249441 0.946148 0 0.323734 0.946148 0 0.323734 0.918216 0 0.39608 0.918216 0 0.39608 0.884762 0 0.466044 0.884762 0 0.466044 0.845987 0 0.533204 0.845987 0 0.533204 0.802123 0 0.597159 0.802123 0 0.597159 0.753436 0 0.657522 0.753436 0 0.657522 0.700217 0 0.71393 0.700217 0 0.71393 0.642788 0 0.766044 0.642787 0 0.766045 0.581492 0 0.813552 0.581492 0 0.813552 0.516699 0 0.856167 0.516699 0 0.856167 0.448799 0 0.893633 0.448799 0 0.893633 0.3782 0 0.925724 0.3782 0 0.925724 0.305326 0 0.952248 0.305326 0 0.952248 0.230616 0 0.973045 0.230615 0 0.973045 0.154519 0 0.98799 0.154519 0 0.98799 0.0774925 0 0.996993 0.0774925 0 0.996993 -0.448799 -1.74846e-07 0.893633 -0.481691 0.156434 0.862266 -0.329038 0.156434 0.931269 -0.516699 -1.74846e-07 0.856167 -0.581492 -1.74846e-07 0.813552 -0.74143 0.156434 0.652541 -0.753436 -1.74846e-07 0.657521 -0.802123 -1.74846e-07 0.597159 -0.16692 0.156434 0.973481 -0.160729 0.309017 0.937376 1.2974e-09 0.309017 0.951057 6.73685e-10 0.156434 0.987688 -0.0774924 -1.74846e-07 0.996993 -0.230616 -1.74846e-07 0.973045 -0.305326 -1.74846e-07 0.952248 -2.27596e-15 -1.74846e-07 1 -0.3782 -1.74846e-07 0.925724 -0.154519 -1.74846e-07 0.98799 -0.150581 0.453991 0.87819 5.27183e-10 0.453991 0.891007 -0.620486 0.156434 0.768457 -0.136725 0.587785 0.79738 2.20727e-09 0.587785 0.809017 -0.344852 0.707107 0.617314 -0.28666 0.809017 0.513145 -0.195815 0.809017 0.554209 -0.29683 0.453991 0.84011 -0.269516 0.587785 0.762804 -0.369258 0.809017 0.457318 -0.530805 0.707107 0.467167 -0.441234 0.809017 0.388335 -0.444219 0.707107 0.550154 -0.602122 0.707107 0.370741 -0.500516 0.809017 0.30818 -0.607307 0.587785 0.534497 -0.508241 0.587785 0.629444 -0.668854 0.453991 0.588665 -0.656117 0.707107 0.263649 -0.545399 0.809017 0.219159 -0.688901 0.587785 0.424173 -0.826755 0.453991 0.332218 -0.750678 0.587785 0.301647 -0.691236 0.707107 0.148973 -0.574592 0.809017 0.123834 -0.443801 0.891006 0.0956464 -0.286734 0.951056 0.115219 -0.421253 0.891006 0.169273 -0.587255 0.809017 0.0249463 -0.70647 0.707107 0.0300104 -0.790859 0.587785 0.170443 -0.802464 0.587785 -0.10276 -0.808288 0.587785 0.0343357 -0.88379 0.453991 -0.113174 -0.794099 0.156434 -0.587312 -0.881932 0.156434 -0.444661 -0.866025 -1.74846e-07 -0.5 -0.701379 0.707107 -0.0898151 -0.434091 0.891006 -0.132939 -0.306514 0.951056 -0.0392507 -0.450314 0.891006 -0.0576649 -0.524849 0.809017 -0.264623 -0.562021 0.809017 -0.172117 -0.631394 0.707107 -0.318342 -0.139684 0.987688 -0.0704274 -0.275929 0.951056 -0.139121 -0.248449 0.951056 -0.183752 -0.650447 0.587785 -0.481068 -0.568512 0.707107 -0.420469 -0.213821 0.951056 -0.223097 -0.125773 0.987688 -0.0930212 -0.395962 0.707107 -0.585845 -0.329145 0.809017 -0.486986 -0.406711 0.809017 -0.424355 -0.498941 0.453991 -0.738207 -0.453029 0.587785 -0.670278 -0.55979 0.587785 -0.584075 -0.333235 0.587785 -0.737199 -0.367007 0.453991 -0.811911 -0.489275 0.707107 -0.5105 -0.203855 0.587785 -0.782912 -0.178175 0.707107 -0.68429 -0.291258 0.707107 -0.644336 -0.224514 0.453991 -0.862256 0.0599668 0.707107 -0.704559 0.0686096 0.587785 -0.806102 0.203855 0.587785 -0.782912 -0.0686094 0.587785 -0.806102 0.0755626 0.453991 -0.887797 0.173042 0.951056 -0.256024 0.0875994 0.987688 -0.129608 0.0644356 0.987688 -0.142548 0.0498476 0.809017 -0.585668 0.178175 0.707107 -0.68429 0.148109 0.809017 -0.568819 0.242109 0.809017 -0.535607 0.395962 0.707107 -0.585845 0.329145 0.809017 -0.486986 0.406711 0.809017 -0.424355 0.489275 0.707107 -0.5105 0.108243 0.987688 -0.112939 0.248449 0.951056 -0.183752 0.125773 0.987688 -0.0930212 0.365007 0.891006 -0.269958 0.40538 0.891006 -0.204388 0.55979 0.587785 -0.584075 0.524849 0.809017 -0.264623 0.676112 0.707107 -0.207057 0.562021 0.809017 -0.172117 0.650447 0.587785 -0.481068 0.568512 0.707107 -0.420469 0.295472 0.951056 -0.0904873 0.434091 0.891006 -0.132939 0.450314 0.891006 -0.0576649 0.851951 0.453991 -0.260907 0.773555 0.587785 -0.236898 0.722392 0.587785 -0.364223 0.453582 0.891006 0.0192678 0.306514 0.951056 -0.0392506 0.631394 0.707107 -0.318342 0.70647 0.707107 0.0300103 0.587255 0.809017 0.0249465 0.583024 0.809017 -0.0746591 0.890204 0.453991 0.0378157 0.808288 0.587785 0.0343355 0.802464 0.587785 -0.102759 0.230616 -1.74846e-07 0.973045 0.329038 0.156434 0.931269 0.305326 -1.74846e-07 0.952248 0.443801 0.891006 0.0956464 0.308739 0.951056 0.0131152 4.72419e-08 0.987688 0.156435 -2.08501e-15 1 1.19249e-08 9.84753e-10 1 1.18842e-08 0.574592 0.809017 0.123834 0.691236 0.707107 0.148973 0.421253 0.891006 0.169273 0.302081 0.951056 0.0651035 0.790859 0.587785 0.170443 0.607307 0.587785 0.534497 0.530806 0.707107 0.467167 0.602122 0.707107 0.370741 0.656116 0.707107 0.263649 0.545399 0.809017 0.219159 2.92739e-09 1 1.156e-08 0.0521145 0.987688 0.147499 0.0264376 0.987688 0.154184 1.96277e-09 1 1.17622e-08 0.102946 0.951056 0.291365 0.0522242 0.951056 0.304572 0.386586 0.891006 0.238031 0.340798 0.891006 0.29994 0.263137 0.951056 0.16202 0.231971 0.951056 0.20416 0.285206 0.891006 0.353221 0.0762923 0.987688 0.13657 4.79017e-09 1 1.09205e-08 0.500516 0.809017 0.30818 0.441234 0.809017 0.388335 0.194131 0.951056 0.240426 0.117431 0.987688 0.103352 0.133209 0.987688 0.0820198 0.286734 0.951056 0.115219 0.145154 0.987688 0.0583276 0.750678 0.587785 0.301647 0.826755 0.453991 0.332217 0.871008 0.453991 0.187717 0.688902 0.587785 0.424173 0.758718 0.453991 0.467161 0.668854 0.453991 0.588666 0.3782 -1.74846e-07 0.925724 0.481691 0.156434 0.862266 0.620486 0.156434 0.768457 0.74143 0.156434 0.652541 0.700217 -1.74846e-07 0.71393 0.394553 0.587785 0.706283 0.434539 0.453991 0.777861 0.29683 0.453991 0.84011 0.581492 -1.74846e-07 0.813552 0.160729 0.309017 0.937376 0.16692 0.156434 0.973481 0.316835 0.309017 0.89673 0.0774925 -1.74846e-07 0.996993 0.154519 -1.74846e-07 0.98799 0.150706 0.951056 0.269776 0.0982753 0.987688 0.121712 0.701379 0.707107 -0.0898151 0.88379 0.453991 -0.113174 0.275929 0.951056 -0.139121 0.795603 0.453991 -0.401134 0.96552 0.156434 0.208085 0.986798 0.156434 0.0419185 0.984808 -1.74846e-07 0.173648 0.472578 0.809017 -0.349517 0.716367 0.453991 -0.529822 0.453029 0.587785 -0.670278 0.291258 0.707107 -0.644336 0.213821 0.951056 -0.223097 0.314134 0.891006 -0.327761 0.498941 0.453991 -0.738207 0.333235 0.587785 -0.737199 0.616522 0.453991 -0.643268 0.367007 0.453991 -0.811911 0.68342 0.156434 -0.713067 0.778365 -1.74846e-07 -0.627812 0.794099 0.156434 -0.587312 0.224514 0.453991 -0.862256 -0.0599668 0.707107 -0.704559 -0.0498477 0.809017 -0.585668 -0.148109 0.809017 -0.568819 -0.242109 0.809017 -0.535607 -0.0755626 0.453991 -0.887797 -0.0262065 0.951056 -0.307904 -0.0394181 0.987688 -0.151387 -0.0778655 0.951056 -0.299046 -0.127285 0.951056 -0.281585 -0.0644356 0.987688 -0.142548 -0.0875994 0.987688 -0.129608 -0.173042 0.951056 -0.256024 -0.0837618 0.156434 -0.98413 0.0387753 -1.74846e-07 -0.999248 0.083762 0.156434 -0.98413 -0.472578 0.809017 -0.349516 -0.616522 0.453991 -0.643268 -0.108243 0.987688 -0.112939 -0.722392 0.587785 -0.364222 -0.676112 0.707107 -0.207057 -0.773555 0.587785 -0.236899 -0.795603 0.453991 -0.401134 -0.716367 0.453991 -0.529822 -0.583024 0.809017 -0.0746592 -9.98311e-09 1 -6.52229e-09 -1.04876e-08 1 -5.67562e-09 -0.851951 0.453991 -0.260907 -0.890204 0.453991 0.0378154 -0.453582 0.891006 0.0192679 -0.308739 0.951056 0.0131151 -0.302081 0.951056 0.0651035 -0.871008 0.453991 0.187717 -0.758718 0.453991 0.467161 -0.263137 0.951056 0.16202 -0.386586 0.891006 0.238031 -0.340798 0.891006 0.29994 -0.231971 0.951056 0.20416 -0.285206 0.891006 0.353221 -0.194131 0.951056 0.240426 -0.394553 0.587785 0.706283 -0.235565 0.707107 0.666715 -0.916465 0.156434 0.368266 -0.96839 -1.74846e-07 0.249441 -0.96552 0.156434 0.208085 -0.559748 0.453991 0.693235 -0.117431 0.987688 0.103352 -0.0982753 0.987688 0.121712 -0.0762923 0.987688 0.13657 -0.119502 0.707107 0.696936 -0.0993362 0.809017 0.57933 -0.434539 0.453991 0.777861 1.39478e-09 0.707107 0.707107 6.95552e-10 0.809017 0.587785 -0.0521146 0.987688 0.147499 -0.150706 0.951056 0.269776 -0.0767248 0.891006 0.44746 1.78948e-10 0.891006 0.453991 -0.0264376 0.987688 0.154184 -0.102946 0.951056 0.291365 1.6862e-09 0.951056 0.309017 -0.0522241 0.951056 0.304572 -9.84749e-10 1 1.18842e-08 -0.642788 -1.74846e-07 0.766044 -0.700217 -1.74846e-07 0.71393 -0.316835 0.309017 0.89673 -0.151242 0.891006 0.428058 -2.92739e-09 1 1.156e-08 -1.96277e-09 1 1.17622e-08 -0.845986 -1.74846e-07 0.533204 -0.841045 0.156434 0.517852 -0.463825 0.309017 0.830286 -0.221409 0.891006 0.39634 -4.79017e-09 1 1.09205e-08 -3.872e-09 1 1.12788e-08 -0.884762 -1.74846e-07 0.466044 -0.918216 -1.74846e-07 0.39608 -0.597473 0.309017 0.739956 -6.52229e-09 1 9.98311e-09 -5.67562e-09 1 1.04876e-08 -0.946148 -1.74846e-07 0.323734 -0.713932 0.309017 0.628339 -0.977334 -1.74846e-07 -0.211704 -0.979689 0.156434 -0.125454 -0.9908 -1.74846e-07 -0.135331 -0.133209 0.987688 0.0820198 -9.41041e-09 1 7.32441e-09 -8.0765e-09 1 8.77342e-09 -7.32441e-09 1 9.41041e-09 -0.995303 -1.74846e-07 0.0968109 -0.984808 -1.74846e-07 0.173648 -0.809852 0.309017 0.498646 -0.986798 0.156434 0.0419187 -0.145154 0.987688 0.0583276 -1.04876e-08 1 5.67562e-09 -8.77342e-09 1 8.0765e-09 -0.999812 -1.74846e-07 0.0193914 -0.998308 -1.74846e-07 -0.0581448 -0.882475 0.309017 0.354608 -0.152923 0.987688 0.0329575 -1.12788e-08 1 3.872e-09 -9.98311e-09 1 6.52229e-09 -0.95799 -1.74846e-07 -0.286803 -0.944395 0.156434 -0.289218 -0.92971 0.309017 0.200368 -0.156294 0.987688 0.00663925 -1.17622e-08 1 1.96277e-09 -1.09205e-08 1 4.79017e-09 -0.932884 -1.74846e-07 -0.360178 -0.902167 -1.74846e-07 -0.431386 -0.9502 0.309017 0.040364 -0.155167 0.987688 -0.01987 -1.19249e-08 1 9.00303e-16 -1.156e-08 1 2.92739e-09 -0.824675 -1.74846e-07 -0.565607 -0.943353 0.309017 -0.120801 -0.483113 -1.74846e-07 -0.875558 -0.55308 0.156434 -0.818309 -0.549509 -1.74846e-07 -0.835488 -0.149577 0.987688 -0.0458076 -1.17622e-08 1 -1.96277e-09 -1.18842e-08 1 9.84748e-10 -0.778365 -1.74846e-07 -0.627812 -0.727374 -1.74846e-07 -0.686242 -0.909369 0.309017 -0.278491 -0.68342 0.156434 -0.713068 -1.12788e-08 1 -3.872e-09 -0.295472 0.951056 -0.0904873 -1.18842e-08 1 -9.84749e-10 -0.672008 -1.74846e-07 -0.740544 -0.6126 -1.74846e-07 -0.790393 -0.849223 0.309017 -0.428169 -0.40538 0.891006 -0.204388 -1.09205e-08 1 -4.79017e-09 -1.156e-08 1 -2.92738e-09 -0.413811 -1.74846e-07 -0.910363 -0.40683 0.156434 -0.90001 -0.764647 0.309017 -0.56553 -0.365007 0.891006 -0.269958 -0.314134 0.891006 -0.327761 -0.34202 -1.74846e-07 -0.939693 -0.268173 -1.74846e-07 -0.963371 -0.248876 0.156434 -0.955819 -0.658073 0.309017 -0.686621 -0.254223 0.891006 -0.376136 -8.77342e-09 1 -8.0765e-09 -9.41041e-09 1 -7.32441e-09 -0.192712 -1.74846e-07 -0.981255 -0.116093 -1.74846e-07 -0.993238 -0.532568 0.309017 -0.78796 -0.186999 0.891006 -0.413689 -7.32441e-09 1 -9.41041e-09 -8.0765e-09 1 -8.77342e-09 -0.0387754 -1.74846e-07 -0.999248 -0.391741 0.309017 -0.86663 0.483113 -1.74846e-07 -0.875558 0.40683 0.156434 -0.90001 0.413811 -1.74846e-07 -0.910363 -0.114396 0.891006 -0.439342 -5.67562e-09 1 -1.04876e-08 -6.52229e-09 1 -9.98311e-09 0.116093 -1.74846e-07 -0.993238 0.192712 -1.74846e-07 -0.981255 -0.239645 0.309017 -0.920369 0.248876 0.156434 -0.955819 -0.0385011 0.891006 -0.452355 -3.872e-09 1 -1.12788e-08 -4.79017e-09 1 -1.09205e-08 0.268172 -1.74846e-07 -0.963371 0.34202 -1.74846e-07 -0.939693 -0.0806552 0.309017 -0.94763 -0.0132666 0.987688 -0.155871 0.0262065 0.951056 -0.307904 0.0132665 0.987688 -0.155871 0.0385012 0.891006 -0.452355 -1.96277e-09 1 -1.17622e-08 -2.92739e-09 1 -1.156e-08 0.549509 -1.74846e-07 -0.835488 0.55308 0.156434 -0.818309 0.0806552 0.309017 -0.94763 0.0778655 0.951056 -0.299046 0.0394181 0.987688 -0.151387 1.04251e-15 1 -1.19249e-08 -9.84749e-10 1 -1.18842e-08 0.612601 -1.74846e-07 -0.790393 0.672008 -1.74846e-07 -0.740544 0.239645 0.309017 -0.920369 0.127285 0.951056 -0.281585 0.114396 0.891006 -0.439342 1.96277e-09 1 -1.17622e-08 9.84751e-10 1 -1.18842e-08 0.727374 -1.74846e-07 -0.686242 0.391741 0.309017 -0.86663 0.977334 -1.74846e-07 -0.211704 0.944395 0.156434 -0.289218 0.95799 -1.74846e-07 -0.286803 0.186999 0.891006 -0.413689 3.872e-09 1 -1.12788e-08 2.92739e-09 1 -1.156e-08 0.866025 -1.74846e-07 -0.5 0.824675 -1.74846e-07 -0.565607 0.532568 0.309017 -0.787959 0.881933 0.156434 -0.444661 0.254223 0.891006 -0.376136 5.67562e-09 1 -1.04876e-08 4.79017e-09 1 -1.09205e-08 0.902167 -1.74846e-07 -0.431386 0.932884 -1.74846e-07 -0.360178 0.658073 0.309017 -0.686621 7.32441e-09 1 -9.41041e-09 6.52229e-09 1 -9.98311e-09 0.9908 -1.74846e-07 -0.135331 0.979689 0.156434 -0.125454 0.764647 0.309017 -0.56553 0.139684 0.987688 -0.0704274 9.98311e-09 1 -6.52229e-09 8.77342e-09 1 -8.0765e-09 8.0765e-09 1 -8.77342e-09 0.998308 -1.74846e-07 -0.0581451 0.999812 -1.74846e-07 0.0193913 0.849223 0.309017 -0.428169 0.149577 0.987688 -0.0458076 1.09205e-08 1 -4.79017e-09 9.41041e-09 1 -7.32441e-09 0.995303 -1.74846e-07 0.0968111 0.909369 0.309017 -0.278491 0.802123 -1.74846e-07 0.597159 0.841045 0.156434 0.517852 0.845987 -1.74846e-07 0.533204 0.155167 0.987688 -0.01987 1.156e-08 1 -2.92739e-09 1.04876e-08 1 -5.67561e-09 0.96839 -1.74846e-07 0.249441 0.946148 -1.74846e-07 0.323734 0.943353 0.309017 -0.120801 0.916465 0.156434 0.368266 0.156294 0.987688 0.00663924 1.18842e-08 1 -9.84749e-10 1.12788e-08 1 -3.872e-09 0.918216 -1.74846e-07 0.39608 0.884762 -1.74846e-07 0.466044 0.9502 0.309017 0.0403638 0.152923 0.987688 0.0329575 1.18842e-08 1 9.8475e-10 1.17622e-08 1 -1.96277e-09 0.753436 -1.74846e-07 0.657522 0.92971 0.309017 0.200368 1.156e-08 1 2.92738e-09 1.19249e-08 1 1.42203e-16 0.642788 -1.74846e-07 0.766044 0.882475 0.309017 0.354608 1.04876e-08 1 5.67561e-09 1.09205e-08 1 4.79017e-09 1.12788e-08 1 3.872e-09 1.17622e-08 1 1.96277e-09 0.516699 -1.74846e-07 0.856167 0.809852 0.309017 0.498646 0.448799 -1.74846e-07 0.893633 0.713932 0.309017 0.628339 0.151242 0.891006 0.428058 9.41041e-09 1 7.32441e-09 9.98311e-09 1 6.52229e-09 0.559748 0.453991 0.693235 0.597472 0.309017 0.739956 0.508241 0.587785 0.629444 0.444219 0.707107 0.550154 0.369258 0.809017 0.457318 0.221409 0.891006 0.39634 8.0765e-09 1 8.77342e-09 8.77342e-09 1 8.0765e-09 0.463825 0.309017 0.830286 0.344852 0.707107 0.617314 0.28666 0.809017 0.513145 6.52229e-09 1 9.98311e-09 7.32441e-09 1 9.41041e-09 0.269516 0.587785 0.762804 0.235566 0.707107 0.666715 0.195814 0.809017 0.554209 3.872e-09 1 1.12788e-08 5.67561e-09 1 1.04876e-08 0.150581 0.453991 0.87819 0.136725 0.587785 0.79738 0.119502 0.707107 0.696936 0.0993362 0.809017 0.57933 0.0767248 0.891006 0.44746</float_array>
          <technique_common>
            <accessor count="3591" source="#ID7" stride="3">
              <param name="X" type="float"/>
              <param name="Y" type="float"/>
              <param name="Z" type="float"/>
            </accessor>
          </technique_common>
        </source>
        <vertices id="ID8">
          <input semantic="POSITION" source="#ID4"/>
          <input semantic="NORMAL" source="#ID6"/>
        </vertices>
        <triangles count="5442" material="ID9">
          <input offset="0" semantic="VERTEX" source="#ID8"/>
          <p>0 2 1 3 5 4 6 8 7 9 5 10 5 3 10 4 6 3 11 10 3 12 3 7 6 7 3 13 7 14 8 15 7 15 16 14 15 14 7 17 18 16 14 16 18 19 17 20 17 19 18 20 22 21 21 19 20 23 25 24 21 22 26 27 2 28 29 30 23 31 33 32 34 33 35 36 38 37 39 40 37 41 43 42 44 46 45 42 48 47 49 51 50 52 45 53 54 56 55 57 58 49 59 56 60 60 54 61 59 60 62 63 62 64 63 65 62 62 60 64 60 66 64 64 67 63 55 58 54 56 54 60 57 68 58 58 68 54 51 69 50 57 49 50 69 51 52 53 45 46 69 52 53 47 70 44 70 46 44 42 43 48 47 48 70 71 41 38 43 41 71 40 36 37 36 71 38 39 31 72 39 72 40 32 33 34 72 31 32 27 73 35 73 34 35 2 0 28 27 28 73 74 1 30 0 1 74 24 29 23 29 74 30 25 26 75 25 75 24 26 22 75 76 78 77 79 81 80 82 83 81 84 79 85 86 82 87 88 90 89 91 92 85 93 95 94 96 98 97 99 101 100 87 94 86 102 104 103 95 106 105 107 109 108 110 111 105 112 114 113 115 112 111 116 118 117 119 121 120 122 124 123 125 127 126 128 130 129 131 133 132 134 136 135 137 139 138 140 142 141 143 145 144 143 147 146 148 150 149 151 145 152 153 155 154 156 158 157 153 159 148 155 161 160 152 149 162 161 156 163 164 166 165 166 157 158 167 168 146 164 137 169 167 140 170 171 134 172 171 173 139 129 175 174 141 142 175 176 177 131 136 177 178 179 180 124 179 130 181 127 125 182 133 182 183 88 89 91 122 185 184 186 187 118 188 186 126 120 77 119 120 76 77 189 191 190 192 117 189 193 195 194 191 113 196 121 119 194 194 195 121 185 78 184 184 78 76 123 185 122 180 123 124 181 180 179 128 181 130 174 128 129 142 174 175 170 140 141 168 167 170 147 167 146 144 147 143 151 144 145 162 151 152 150 162 149 159 150 148 154 159 153 160 154 155 163 160 161 157 163 156 165 166 158 169 166 164 138 169 137 173 138 139 172 173 171 135 172 134 178 135 136 176 178 177 132 176 131 183 132 133 125 183 182 188 126 127 187 186 188 116 186 118 192 116 117 190 192 189 196 190 191 114 196 113 115 114 112 110 115 111 106 110 105 93 106 95 87 93 94 83 82 86 80 81 83 84 81 79 92 84 85 89 92 91 97 90 88 99 98 96 98 90 97 100 101 103 99 96 101 104 102 107 100 103 104 109 193 108 102 109 107 194 108 193 197 199 198 200 202 201 203 205 204 203 206 205 207 204 205 203 204 208 197 198 205 197 205 206 199 209 198 205 198 210 209 211 198 198 211 212 211 209 213 214 215 213 211 213 215 216 214 217 214 216 215 217 219 218 218 216 217 220 222 221 218 219 223 224 226 225 227 228 220 229 231 230 226 233 232 234 236 235 237 230 238 201 202 239 240 241 234 242 244 243 202 200 245 246 248 247 249 243 250 251 253 252 254 255 246 256 253 257 257 251 258 259 261 260 260 261 257 256 257 261 259 260 262 259 263 261 257 253 251 257 264 260 251 255 265 252 255 251 247 254 246 254 265 255 248 249 266 248 266 247 250 243 244 266 249 250 245 267 242 267 244 242 268 201 239 245 200 267 240 268 241 239 241 268 236 269 235 240 234 235 269 237 238 237 269 236 270 231 229 230 231 238 229 232 270 226 224 233 232 233 270 271 225 228 224 225 271 221 227 220 227 271 228 222 223 272 222 272 221 223 219 272 273 275 274 276 278 277 279 281 280 282 284 283 285 286 279 287 288 276 289 285 275 290 291 279 292 290 286 289 293 286 294 296 295 297 298 290 297 292 299 300 297 301 302 296 303 292 293 304 299 305 301 306 308 307 302 310 309 311 305 312 304 313 299 314 315 309 301 311 316 312 318 317 305 313 319 320 315 321 317 322 311 323 324 318 325 317 324 320 327 326 328 312 319 329 330 323 324 330 331 332 333 326 318 328 334 335 329 336 337 339 338 335 340 330 323 334 341 335 343 342 344 345 327 329 341 346 336 347 343 348 349 343 350 332 345 351 353 352 336 346 354 355 357 356 348 359 358 360 361 353 359 362 358 362 363 358 364 355 365 366 364 365 355 364 357 367 364 366 368 364 363 361 360 369 368 357 364 353 361 370 363 362 368 347 371 348 372 360 373 374 375 350 348 371 359 376 371 347 354 376 347 377 374 378 347 348 343 379 381 380 381 379 354 380 381 382 383 380 382 384 383 378 382 378 383 385 383 384 285 280 274 277 387 386 388 389 273 280 391 390 390 388 274 392 393 390 394 389 395 396 397 387 398 400 399 395 388 393 401 394 402 403 396 404 402 395 405 393 406 405 401 408 407 404 410 409 411 413 412 405 414 412 415 410 416 412 408 402 413 418 417 419 407 420 421 417 422 420 408 413 423 425 424 419 421 426 427 428 426 420 417 421 417 429 422 427 422 430 430 422 431 422 427 421 432 428 433 430 434 433 435 437 436 430 438 434 433 427 430 432 440 439 435 442 441 443 445 444 433 434 440 446 439 447 448 449 441 450 451 434 451 447 440 446 453 452 454 455 442 456 451 457 453 447 456 458 456 459 460 448 455 461 462 452 463 464 462 465 458 466 467 469 468 461 453 458 470 464 471 460 473 472 474 475 465 461 465 463 476 477 475 478 479 473 480 481 470 475 471 463 477 483 482 478 485 484 481 487 486 480 471 477 488 490 489 491 492 485 487 480 482 493 494 486 482 496 495 497 499 498 500 501 495 502 504 503 501 503 504 505 507 506 493 487 495 508 509 490 510 511 509 512 505 511 513 491 514 515 517 516 518 499 519 520 522 521 523 521 524 520 357 368 521 523 357 494 526 525 356 357 523 527 529 528 530 531 499 532 534 533 535 536 530 498 531 537 538 539 498 540 538 541 542 544 543 545 546 533 544 533 543 385 547 383 543 547 542 548 373 367 373 548 372 373 364 367 352 549 351 550 363 373 338 552 551 349 358 550 343 335 336 348 358 349 381 553 382 382 377 378 376 354 379 336 354 347 554 378 374 381 346 553 378 555 384 553 377 382 554 555 378 364 373 363 369 360 372 556 351 557 363 550 358 550 360 558 351 556 559 342 349 558 335 330 329 343 349 342 553 560 377 377 375 374 354 346 381 329 346 336 561 374 350 553 341 560 374 562 554 560 375 377 561 562 374 360 550 373 352 353 370 559 563 552 550 558 349 564 558 353 338 559 552 340 342 564 330 324 323 342 340 335 560 333 375 375 332 350 346 341 553 323 341 329 565 350 345 560 334 333 350 566 561 333 332 375 565 566 350 353 558 360 557 351 549 337 567 339 558 564 342 568 564 351 569 571 570 331 340 568 324 317 318 331 330 340 344 573 572 332 327 345 341 334 560 318 334 323 574 345 344 333 328 326 345 575 565 326 327 332 574 575 345 351 564 353 563 559 556 339 577 576 564 568 340 568 559 578 339 576 579 325 331 578 311 312 317 331 325 324 573 581 580 327 321 344 334 328 333 318 312 328 344 321 573 326 319 320 344 582 574 320 321 327 572 582 344 559 568 351 337 338 551 583 584 579 568 578 331 578 338 585 569 579 584 322 325 585 301 305 311 322 317 325 581 587 586 321 314 573 328 319 326 312 305 319 573 314 581 320 313 315 573 588 572 315 314 321 580 588 573 338 578 559 577 339 567 589 308 570 578 585 325 590 585 339 308 569 570 316 322 590 297 299 301 316 311 322 587 592 591 314 310 581 319 313 320 299 313 305 581 310 587 315 304 309 581 593 580 309 310 314 586 593 581 339 585 338 583 579 576 308 594 307 585 590 322 595 590 579 283 597 596 300 316 595 290 292 297 316 300 301 592 599 598 310 303 587 313 304 315 292 304 299 587 303 592 309 293 302 587 600 586 302 303 310 591 600 587 339 579 590 571 569 584 601 602 306 590 595 316 595 569 603 604 306 602 298 300 603 279 286 290 300 298 297 599 606 605 303 294 592 304 293 309 286 293 292 592 294 599 289 296 302 592 607 591 296 294 303 598 607 592 569 595 579 594 308 589 604 608 597 595 603 300 609 603 308 283 604 597 291 298 609 280 285 279 291 290 298 606 276 610 611 599 294 293 289 302 285 289 286 599 611 606 275 295 296 599 612 598 295 611 294 605 612 599 308 603 569 601 306 307 282 613 284 603 609 298 614 609 306 400 616 615 281 291 614 390 274 280 279 291 281 295 617 611 278 606 611 289 275 296 274 275 285 610 276 618 273 617 295 606 619 605 278 611 617 610 619 606 308 306 609 608 604 602 620 284 621 609 614 291 614 604 622 284 620 623 391 281 622 393 388 390 280 281 391 617 624 278 387 277 625 275 273 295 388 273 274 287 276 386 389 624 617 278 624 277 618 276 288 606 278 276 604 614 306 282 283 596 623 626 616 614 622 281 627 622 283 400 623 616 392 391 627 405 395 393 391 392 390 624 625 277 396 387 628 273 389 617 395 389 388 629 386 397 624 394 625 386 629 630 287 386 630 276 277 386 283 622 604 621 284 613 399 631 398 622 627 391 632 627 284 633 635 634 406 392 632 412 402 405 392 406 393 625 628 387 404 396 636 389 394 624 402 394 395 637 397 403 625 401 628 397 637 638 629 397 638 386 387 397 284 627 283 626 623 620 398 640 639 627 632 392 632 623 641 639 642 398 414 406 641 413 408 412 405 406 414 628 636 396 410 404 643 394 401 625 408 401 402 644 403 409 628 407 636 403 644 645 637 403 645 397 396 403 623 632 284 399 400 615 646 647 642 632 641 406 641 400 648 633 642 647 411 414 648 417 420 413 414 411 412 636 643 404 416 410 649 401 407 628 420 407 408 650 409 415 636 419 643 409 650 651 644 409 651 403 404 409 400 641 623 640 398 631 652 425 634 641 648 414 653 648 398 425 633 634 418 411 653 654 656 655 411 418 413 643 649 410 656 416 657 407 419 636 421 419 420 658 415 654 643 426 649 415 658 659 650 415 659 409 410 415 398 648 400 646 642 639 425 660 424 648 653 411 661 653 642 444 663 662 429 418 661 655 665 664 417 418 429 649 657 416 416 656 654 419 426 643 427 426 421 666 654 655 649 428 657 654 666 667 658 654 667 415 416 654 398 642 653 635 633 647 668 669 423 653 661 418 661 633 670 671 423 669 429 670 431 664 672 437 422 429 431 657 673 656 656 665 655 426 428 649 433 428 427 674 655 664 657 432 673 655 675 666 673 665 656 674 675 655 633 661 642 660 425 652 671 676 663 661 670 429 677 670 425 444 671 663 438 431 677 434 451 440 431 438 430 673 678 665 665 672 664 428 432 657 440 432 433 679 664 437 673 439 678 664 680 674 678 672 665 679 680 664 425 670 633 668 423 424 443 681 445 670 677 431 682 677 423 683 685 684 450 438 682 451 456 447 434 438 450 678 686 672 672 436 437 432 439 673 447 439 440 687 437 435 678 446 686 437 688 679 686 436 672 687 688 437 425 423 677 676 671 669 445 690 689 677 682 438 682 671 691 445 689 692 691 457 450 456 458 453 451 450 457 686 454 436 436 442 435 439 446 678 453 446 447 693 435 441 686 452 454 435 694 687 454 442 436 693 694 435 671 682 423 443 444 662 692 695 685 682 691 450 691 444 696 683 692 685 459 457 696 458 465 461 459 456 457 449 698 697 442 448 441 446 452 686 461 452 453 699 441 449 454 462 455 441 700 693 455 448 442 699 700 441 444 691 671 690 445 681 701 702 467 691 696 457 703 696 445 704 706 705 466 459 703 475 463 465 466 458 459 698 708 707 448 472 449 452 462 454 461 463 462 449 472 698 455 464 460 449 709 699 460 472 448 697 709 449 445 696 444 695 692 689 467 710 469 696 703 459 711 703 692 467 683 701 474 466 711 477 471 475 466 474 465 708 713 712 472 479 698 462 464 455 463 471 464 698 479 708 460 470 473 698 714 697 473 479 472 707 714 698 692 703 445 701 683 684 715 716 468 703 711 466 711 683 717 704 468 716 476 474 717 482 480 477 476 475 474 713 719 718 479 484 708 464 470 460 480 470 471 708 484 713 473 481 478 708 720 707 478 484 479 712 720 708 683 711 692 710 467 702 721 489 705 711 717 474 722 717 467 489 704 705 483 476 722 495 487 482 483 477 476 719 724 723 484 492 713 470 481 473 487 481 480 713 492 719 486 485 478 713 725 712 485 492 484 718 725 713 467 717 683 715 468 469 489 726 488 717 722 476 727 722 468 511 510 728 483 727 496 501 493 495 483 496 482 724 519 729 513 719 492 481 486 478 493 486 487 719 513 724 494 491 485 719 730 718 491 513 492 723 730 719 467 468 722 706 704 716 731 508 490 722 727 483 727 704 732 501 526 493 496 732 500 501 504 526 500 495 496 519 734 733 518 724 513 486 494 485 526 494 493 729 519 735 525 514 491 724 736 723 518 513 514 729 736 724 704 727 468 726 489 721 509 737 510 727 732 496 738 732 489 504 527 526 503 500 738 527 535 525 500 503 501 514 530 518 498 499 531 494 525 491 527 525 526 734 519 497 535 530 514 518 530 499 735 519 733 724 518 519 489 732 704 731 490 488 739 505 512 732 738 500 740 738 490 527 504 529 740 502 503 535 527 528 502 529 504 741 545 541 538 498 537 525 535 514 528 536 535 742 497 539 530 536 531 497 742 743 734 497 743 519 499 497 489 490 738 737 509 508 502 744 529 738 740 503 740 509 745 529 746 528 745 744 502 528 747 536 744 746 529 536 748 531 528 746 747 541 538 749 536 747 748 750 539 540 531 748 537 539 750 751 742 539 751 497 498 539 509 740 490 512 511 728 744 517 746 740 745 502 511 752 745 746 515 747 752 517 744 747 753 748 517 515 746 748 754 537 515 753 747 749 538 537 754 748 753 755 540 534 537 754 749 540 755 756 750 540 756 539 538 540 511 745 509 507 505 739 757 753 515 745 752 744 505 522 752 758 754 753 522 516 517 759 749 754 516 757 515 741 541 749 757 758 753 545 534 541 758 759 754 544 760 533 741 749 759 534 532 761 755 534 761 540 541 534 505 752 511 521 506 524 520 762 516 752 522 517 520 516 522 762 763 757 762 757 516 763 764 758 763 758 757 764 765 759 764 759 758 765 766 741 765 741 759 766 546 545 766 545 741 543 533 546 532 533 760 534 545 533 506 521 505 522 505 521 762 368 362 357 520 521 763 362 359 368 762 520 764 359 371 362 763 762 765 371 376 359 764 763 766 376 379 371 765 764 546 379 380 376 766 765 543 380 383 379 546 766 547 543 383 380 543 546 767 769 768 769 771 770 771 769 767 772 770 773 771 773 770 774 775 772 772 773 774 775 777 776 777 775 774 778 776 779 777 779 776 780 781 778 778 779 780 781 783 782 783 781 780 784 782 785 783 785 782 786 787 784 784 785 786 787 789 788 789 787 786 790 788 791 789 791 788 792 793 790 790 791 792 793 795 794 795 793 792 796 794 797 795 797 794 798 799 796 796 797 798 799 801 800 801 799 798 802 800 803 801 803 800 804 805 802 802 803 804 805 807 806 807 805 804 808 806 809 807 809 806 810 811 808 808 809 810 811 813 812 813 811 810 814 812 815 813 815 812 816 817 814 814 815 816 817 819 818 819 817 816 820 818 821 819 821 818 822 823 820 820 821 822 823 825 824 825 823 822 826 824 827 825 827 824 828 829 826 826 827 828 829 831 830 831 829 828 832 830 833 831 833 830 834 835 832 832 833 834 835 837 836 837 835 834 838 836 839 837 839 836 840 841 838 838 839 840 841 843 842 843 841 840 844 842 845 843 845 842 846 847 844 844 845 846 847 849 848 849 847 846 850 848 851 849 851 848 852 853 850 850 851 852 767 768 854 855 856 854 854 768 855 856 858 857 858 856 855 859 857 860 858 860 857 861 862 859 859 860 861 862 864 863 864 862 861 865 863 866 864 866 863 867 868 865 865 866 867 868 870 869 870 868 867 871 869 872 870 872 869 873 874 871 871 872 873 874 876 875 876 874 873 877 875 878 876 878 875 879 880 877 877 878 879 880 882 881 882 880 879 883 881 884 882 884 881 885 886 883 883 884 885 886 888 887 888 886 885 889 887 890 888 890 887 891 892 889 889 890 891 892 894 893 894 892 891 895 893 896 894 896 893 897 898 895 895 896 897 898 900 899 900 898 897 901 899 902 900 902 899 903 904 901 901 902 903 904 906 905 906 904 903 907 905 908 906 908 905 909 910 907 907 908 909 910 912 911 912 910 909 913 911 914 912 914 911 915 916 913 913 914 915 916 918 917 918 916 915 919 917 920 918 920 917 921 922 919 919 920 921 922 924 923 924 922 921 925 923 926 924 926 923 927 928 925 925 926 927 928 930 929 930 928 927 931 929 932 930 932 929 933 934 931 931 932 933 934 936 935 936 934 933 936 853 935 935 853 852 937 939 938 940 942 941 943 945 944 946 947 939 948 950 949 941 952 951 944 954 953 955 953 956 957 958 950 941 959 952 960 961 946 962 957 963 964 955 938 952 966 965 967 960 968 969 963 970 965 972 971 973 964 947 974 968 975 961 976 973 977 978 972 975 980 979 981 970 982 967 983 976 984 986 985 987 988 980 977 990 989 991 993 992 994 982 995 996 997 987 998 983 974 999 995 1000 1001 1003 1002 1004 1006 1005 1007 998 979 1000 1009 1008 1010 1011 996 1012 1002 1013 1014 1007 988 1015 1016 1009 1017 1010 1018 1019 1018 1020 1021 1023 1022 1024 1026 1025 997 1027 1014 1020 1029 1028 1015 1031 1030 1032 1024 1033 1034 1027 1011 1035 1034 1017 1031 1037 1036 1038 1039 1029 1033 1024 1040 1041 1043 1042 1044 1035 1019 1033 1046 1045 1047 1049 1048 1050 1039 1051 1052 1053 1043 1043 1053 1042 1048 1055 1054 1056 1057 1055 1056 1053 1052 1057 1054 1055 1049 1059 1058 1060 1062 1061 1048 1063 1047 1056 1055 1053 1062 1039 1061 1064 1065 1045 1051 1039 1038 1038 1067 1066 1066 1051 1038 1068 1067 1069 1067 1068 1066 1070 1068 1069 1071 1072 1064 1073 1074 1072 1074 1070 1069 1075 1076 1071 1072 1074 1069 1073 1072 1071 1073 1071 1077 1076 1078 1077 1077 1071 1076 1079 1081 1080 1082 1084 1083 1085 1087 1086 937 956 1088 1089 1090 1083 1091 1092 943 1093 1095 1094 954 1096 1088 1097 1098 1090 1099 1091 1100 1101 1102 1086 945 1103 1096 1100 1105 1104 1106 1108 1107 1109 1110 1098 1111 1113 1112 1092 1114 1103 1115 1116 1110 1117 1118 1105 1119 1121 1120 1122 1114 1099 1123 1116 1124 1125 1117 1126 1126 1128 1127 1129 1112 1130 1131 1129 1132 1104 1133 1122 1118 1134 1133 1135 1136 1123 1137 1128 1138 1139 1131 1140 1134 1125 1141 1142 1143 1140 1138 1145 1144 1146 1147 1136 1142 1140 1148 1127 1149 1141 1150 1147 1151 1145 1153 1152 1154 1155 1153 1156 1142 1157 1150 1159 1158 1137 1160 1149 1161 1163 1162 1164 1166 1165 1158 1168 1167 1160 1144 1169 1169 1152 1170 1154 1172 1171 1173 1172 1174 1175 1177 1176 1161 1179 1178 1180 1167 1181 1182 1170 1155 1183 1174 1184 1185 1178 1186 1187 1189 1188 1171 1190 1182 1191 1192 1185 1193 1195 1194 1184 1197 1196 1198 1200 1199 1190 1173 1201 1202 1203 1196 1201 1183 1204 1205 1207 1206 1189 1208 1206 1209 1210 1195 1211 1213 1212 1214 1216 1215 1207 1217 1210 1218 1219 1195 1051 1221 1220 1202 1196 1197 1218 1060 1219 1222 1191 1223 1224 1218 1225 1200 1198 1226 1061 1219 1060 1203 1200 1204 1042 1218 1224 1227 1228 1222 1224 1041 1042 1229 1231 1230 1232 1199 1200 1214 1233 1216 1234 1235 1199 1236 1238 1237 1239 1216 1233 1240 1241 1216 1230 1238 1216 1216 1238 1240 1078 1237 1077 1060 1053 1062 1060 1042 1053 1031 1036 1242 1039 1050 1061 1044 1062 1053 1243 1244 1067 1044 1028 1062 1065 1069 1244 1039 1028 1029 1245 1244 1243 1243 1067 1038 1246 1071 1064 1067 1244 1069 1071 1246 1247 1064 1072 1065 1247 1075 1071 1055 1044 1053 1063 1048 1054 1015 1030 1248 1028 1039 1062 1035 1044 1055 1249 1245 1243 1245 1250 1244 1029 1243 1038 1028 1019 1020 1245 1249 1251 1243 1029 1249 1252 1064 1045 1252 1253 1064 1069 1065 1072 1045 1065 1250 1246 1064 1253 1048 1035 1055 1059 1049 1047 1037 1049 1058 1019 1028 1044 1034 1035 1048 1254 1251 1249 1032 1245 1251 1020 1249 1029 1019 1017 1018 1251 1254 1023 1254 1249 1020 1250 1033 1045 1046 1255 1045 1244 1250 1065 1033 1250 1032 1252 1045 1255 1049 1034 1048 1036 1037 1058 1009 1016 1256 1017 1019 1035 1034 1049 1027 1257 1023 1254 1026 1251 1023 1018 1254 1020 1010 1017 1011 1022 1023 1257 1257 1254 1018 1040 1024 1258 1259 1046 1033 1245 1032 1250 1026 1024 1032 1040 1259 1033 1027 1049 1037 1030 1031 1242 1000 1008 1260 1011 1017 1034 1027 1037 1014 1004 1022 1257 1012 1261 1025 1010 1257 1018 1011 997 996 1005 1022 1004 1004 1257 1010 1262 1024 1025 1024 1262 1263 1251 1026 1032 1025 1026 1021 1258 1024 1263 1014 1037 1031 1016 1015 1248 995 999 1264 997 1011 1027 1007 1014 1031 1002 1012 1265 1005 1265 1022 996 1004 1010 997 988 987 1005 1006 992 1006 1004 996 1021 1012 1025 1261 1266 1025 1023 1021 1026 1012 1021 1265 1262 1025 1266 1007 1031 1015 1008 1009 1256 982 994 1267 988 997 1014 998 1007 1015 1268 992 1006 1001 1005 992 987 1006 996 980 988 979 991 992 1268 1268 1006 987 1013 1002 1269 1270 1261 1012 1022 1265 1021 1001 1002 1265 1013 1270 1012 998 1015 1009 999 1000 1260 970 981 1271 979 988 1007 983 998 1009 1272 991 1268 989 1273 1003 980 1268 987 979 974 975 1274 991 1272 1272 1268 980 1275 1002 1003 1002 1275 1276 1005 1001 1265 1003 1001 993 1269 1002 1276 983 1009 1000 994 995 1264 962 963 1277 974 979 998 976 983 1000 1278 1274 1272 1274 1279 991 975 1272 980 974 967 968 1274 1278 986 1278 1272 975 1003 993 989 1273 1280 1003 992 993 1001 989 993 1279 1275 1003 1280 976 1000 995 981 982 1267 957 1281 958 967 974 983 995 973 976 985 986 1278 978 1274 986 968 1278 975 967 961 960 1282 990 977 985 1278 968 1279 977 989 990 1283 989 991 1279 993 977 1279 978 1273 989 1283 973 995 982 969 970 1271 950 1284 949 961 967 976 964 973 982 1285 984 985 971 986 984 960 985 968 961 947 946 1286 984 1285 1285 985 960 1287 977 972 977 1287 1288 1274 978 1279 972 978 971 1288 1282 977 970 964 982 1277 963 969 948 1290 1289 947 961 973 955 964 970 1291 1286 1285 1286 1292 984 946 1285 960 947 938 939 1286 1291 1293 1285 946 1291 1294 972 965 1294 1295 972 986 971 978 965 971 1292 1287 972 1295 963 955 970 1281 957 962 1296 1083 1084 938 947 964 963 953 955 1297 1293 1291 951 1286 1293 939 1291 946 938 956 937 1293 1297 1081 1297 1291 939 1292 952 965 966 1298 965 984 1292 971 952 1292 951 1294 965 1298 957 953 963 1284 950 958 1090 1089 1299 956 938 955 944 953 957 1300 1081 1297 940 1293 1081 937 1297 939 1088 956 954 1080 1081 1300 1300 1297 937 959 941 1301 1302 966 952 1286 951 1292 940 941 951 959 1302 952 950 944 957 1290 948 949 1082 948 1289 954 956 953 943 944 950 1094 1080 1300 1087 1303 942 1088 1300 937 954 945 1096 1095 1080 1094 1094 1300 1088 1304 941 942 941 1304 1305 1293 940 951 942 940 1079 1301 941 1305 948 943 950 1084 1082 1289 1098 1097 1306 945 954 944 943 948 1091 1086 1087 1307 1095 1307 1080 1096 1094 1088 945 1092 1103 1095 1093 1106 1093 1094 1096 1079 1087 942 1303 1308 942 1081 1079 940 1087 1079 1307 1304 942 1308 1091 948 1082 1089 1083 1296 1110 1109 1309 1092 945 943 1091 1082 1100 1310 1106 1093 1101 1095 1106 1103 1093 1096 1114 1092 1099 1108 1106 1310 1310 1093 1103 1085 1086 1311 1312 1303 1087 1080 1307 1079 1101 1086 1307 1085 1312 1087 1100 1082 1083 1097 1090 1299 1116 1115 1313 1099 1092 1091 1105 1100 1083 1314 1108 1310 1113 1315 1102 1114 1310 1103 1099 1104 1122 1316 1108 1314 1314 1310 1114 1317 1086 1102 1086 1317 1318 1095 1101 1307 1102 1101 1107 1311 1086 1318 1105 1083 1090 1109 1098 1306 1123 1124 1319 1104 1099 1100 1117 1105 1090 1320 1316 1314 1316 1321 1108 1122 1314 1114 1104 1118 1133 1316 1320 1120 1320 1314 1122 1102 1107 1113 1315 1322 1102 1106 1107 1101 1113 1107 1321 1317 1102 1322 1117 1090 1098 1115 1110 1309 1136 1135 1323 1118 1104 1105 1098 1126 1117 1119 1120 1320 1130 1316 1120 1133 1320 1122 1118 1125 1134 1324 1111 1112 1119 1320 1133 1321 1112 1113 1111 1325 1113 1108 1321 1107 1112 1321 1130 1315 1113 1325 1126 1098 1110 1124 1116 1313 1151 1147 1326 1125 1118 1117 1128 1126 1110 1327 1121 1119 1132 1120 1121 1134 1119 1133 1125 1127 1141 1328 1121 1327 1327 1119 1134 1329 1112 1129 1112 1329 1330 1316 1130 1321 1129 1130 1132 1330 1324 1112 1128 1110 1116 1135 1123 1319 1150 1331 1159 1127 1125 1126 1138 1128 1116 1332 1328 1327 1328 1333 1121 1141 1327 1134 1127 1137 1149 1334 1328 1332 1327 1141 1332 1335 1129 1131 1335 1336 1129 1120 1132 1130 1131 1132 1333 1329 1129 1336 1138 1116 1123 1146 1136 1323 1158 1337 1168 1137 1127 1128 1123 1145 1138 1338 1334 1332 1148 1328 1334 1149 1332 1141 1137 1144 1160 1334 1338 1164 1338 1332 1149 1333 1140 1131 1139 1339 1131 1121 1333 1132 1140 1333 1148 1335 1131 1339 1136 1145 1123 1326 1147 1146 1167 1340 1181 1144 1137 1138 1153 1145 1136 1341 1164 1338 1157 1334 1164 1160 1338 1149 1169 1144 1152 1166 1164 1341 1341 1338 1160 1143 1142 1342 1343 1139 1140 1328 1148 1333 1157 1142 1148 1143 1343 1140 1147 1153 1136 1331 1150 1151 1344 1188 1345 1152 1144 1145 1154 1153 1147 1346 1166 1341 1162 1347 1156 1169 1341 1160 1152 1155 1170 1348 1166 1346 1346 1341 1169 1349 1142 1156 1142 1349 1350 1334 1157 1148 1156 1157 1165 1342 1142 1350 1150 1154 1147 1337 1158 1159 1189 1187 1351 1155 1152 1153 1172 1154 1150 1352 1348 1346 1348 1353 1166 1170 1346 1169 1155 1171 1182 1348 1352 1177 1352 1346 1170 1165 1162 1156 1347 1354 1156 1164 1165 1157 1162 1165 1353 1349 1156 1354 1158 1172 1150 1340 1167 1168 1208 1355 1206 1171 1155 1154 1174 1172 1158 1176 1177 1352 1179 1348 1177 1182 1352 1170 1171 1173 1190 1356 1163 1161 1176 1352 1182 1353 1161 1162 1357 1347 1162 1166 1353 1165 1179 1161 1353 1163 1357 1162 1167 1174 1158 1345 1180 1181 1180 1345 1188 1173 1171 1172 1174 1167 1184 1358 1175 1176 1186 1177 1175 1190 1176 1182 1173 1183 1201 1359 1175 1358 1358 1176 1190 1360 1161 1178 1161 1360 1361 1348 1179 1353 1178 1179 1186 1361 1356 1161 1184 1167 1180 1187 1188 1344 1207 1205 1362 1183 1173 1174 1180 1197 1184 1226 1359 1358 1359 1363 1175 1201 1358 1190 1183 1196 1204 1359 1226 1198 1358 1201 1226 1364 1178 1185 1364 1365 1178 1177 1186 1179 1185 1186 1363 1360 1178 1365 1197 1180 1188 1208 1189 1351 1210 1217 1366 1196 1183 1184 1367 1197 1188 1368 1228 1233 1223 1359 1198 1204 1226 1201 1203 1204 1196 1369 1192 1191 1200 1226 1204 1363 1191 1185 1192 1370 1185 1175 1363 1186 1191 1363 1223 1364 1185 1370 1367 1188 1189 1205 1206 1355 1371 1372 1202 1367 1202 1197 1189 1373 1367 1203 1372 1232 1367 1371 1202 1227 1198 1199 1372 1203 1202 1234 1199 1232 1232 1200 1203 1374 1222 1375 1222 1374 1191 1359 1223 1363 1222 1223 1227 1374 1369 1191 1373 1189 1206 1217 1207 1362 1376 1377 1371 1373 1371 1367 1378 1373 1206 1377 1379 1372 1376 1371 1373 1232 1379 1234 1371 1377 1372 1234 1379 1229 1379 1232 1372 1380 1222 1228 1380 1381 1222 1198 1227 1223 1228 1227 1235 1375 1222 1381 1378 1206 1207 1194 1210 1366 1376 1382 1213 1378 1376 1373 1383 1378 1207 1213 1211 1377 1382 1376 1378 1379 1211 1229 1213 1377 1376 1234 1229 1239 1379 1377 1211 1235 1233 1228 1368 1384 1228 1199 1235 1227 1233 1235 1239 1380 1228 1384 1383 1207 1210 1193 1385 1195 1386 1382 1383 1383 1382 1378 1383 1209 1386 1387 1213 1382 1386 1387 1382 1074 1389 1388 1387 1212 1213 1231 1229 1211 1211 1212 1231 1239 1229 1230 1390 1368 1233 1234 1239 1235 1230 1216 1239 1214 1390 1233 1195 1210 1194 1218 1385 1225 1220 1386 1209 1210 1209 1383 1219 1220 1209 1387 1386 1221 1386 1220 1221 1212 1387 1391 1387 1221 1391 1388 1231 1212 1391 1388 1212 1230 1231 1389 1231 1388 1389 1237 1238 1077 1230 1389 1238 1215 1216 1241 1218 1195 1385 1042 1060 1218 1061 1050 1220 1195 1219 1209 1050 1051 1220 1061 1220 1219 1051 1066 1221 1066 1068 1391 1066 1391 1221 1068 1070 1388 1070 1074 1388 1068 1388 1391 1074 1073 1389 1073 1077 1238 1238 1389 1073 1240 1238 1236 1392 1394 1393 1395 1397 1396 1398 1392 1399 1400 1397 1401 1402 1403 1397 1401 1405 1404 1400 1406 1397 1403 1402 1407 1402 1397 1406 1394 1408 1393 1395 1410 1409 1392 1411 1399 1412 1414 1413 1409 1410 1415 1416 1418 1417 1419 1421 1420 1422 1424 1423 1425 1426 1420 1427 1428 1424 1427 1430 1429 1431 1432 1427 1429 1433 1431 1434 1436 1435 1435 1437 1433 1438 1434 1439 1436 1440 1437 1441 1438 1442 1443 1445 1444 1446 1448 1447 1449 1442 1450 1451 1452 1447 1453 1455 1454 1456 1458 1457 1459 1460 1457 1461 1463 1462 1464 1466 1465 1467 1469 1468 1462 1471 1470 1472 1474 1473 1475 1472 1476 1477 1479 1478 1475 1480 1477 1481 1483 1482 1484 1486 1485 1487 1489 1488 1490 1484 1488 1491 1487 1492 1493 1495 1494 1496 1498 1497 1499 1501 1500 1502 1504 1503 1505 1507 1506 1508 1510 1509 1507 1497 1508 1511 1513 1512 1514 1516 1515 1517 1519 1518 1520 1522 1521 1523 1524 1521 1513 1525 1518 1526 1524 1523 1527 1529 1528 1530 1532 1531 1533 1535 1534 1536 1537 1518 1538 1535 1539 1510 1541 1540 1542 1543 1539 1544 1540 1528 1509 1540 1545 1504 1547 1546 1544 1528 1529 1548 1550 1549 1551 1547 1516 1396 1403 1552 1553 1554 1552 1555 1553 1403 1553 1555 1556 1407 1555 1403 1509 1506 1507 1531 1526 1523 1557 1492 1496 1505 1496 1507 1498 1492 1558 1559 1494 1502 1560 1495 1561 1487 1562 1558 1485 1562 1488 1491 1489 1487 1563 1479 1484 1564 1566 1565 1486 1479 1480 1567 1483 1568 1472 1477 1569 1566 1571 1570 1569 1477 1478 1572 1573 1567 1462 1473 1461 1468 1573 1574 1473 1470 1476 1575 1577 1576 1578 1465 1469 1462 1463 1579 1456 1471 1579 1579 1580 1458 1458 1581 1459 1582 1584 1583 1451 1459 1585 1586 1587 1466 1588 1589 1582 1454 1587 1590 1591 1593 1592 1451 1448 1460 1594 1595 1455 1596 1450 1447 1592 1598 1597 1446 1450 1599 1599 1442 1439 1600 1601 1595 1441 1442 1449 1438 1602 1436 1603 1605 1604 1606 1607 1444 1607 1609 1608 1437 1610 1431 1611 1608 1612 1440 1610 1437 1611 1613 1425 1614 1616 1615 1617 1615 1618 1430 1424 1619 1619 1422 1620 1422 1621 1418 1620 1418 1622 1621 1422 1423 1416 1624 1623 1625 1626 1421 1627 1622 1416 1626 1628 1411 1627 1623 1629 1415 1623 1409 1623 1624 1409 1623 1415 1629 1630 1627 1631 1630 1631 1632 1522 1633 1632 1634 1636 1635 1522 1637 1635 1633 1630 1632 1520 1637 1522 1403 1396 1397 1404 1400 1401 1393 1405 1401 1396 1410 1395 1638 1401 1395 1416 1417 1624 1409 1624 1638 1630 1633 1413 1633 1635 1412 1629 1631 1627 1623 1627 1416 1635 1636 1412 1630 1413 1622 1412 1413 1633 1637 1634 1635 1522 1635 1633 1397 1395 1401 1408 1405 1393 1628 1639 1411 1395 1409 1638 1640 1393 1638 1621 1417 1418 1640 1624 1417 1641 1412 1636 1642 1641 1636 1627 1630 1622 1416 1622 1418 1643 1642 1636 1413 1414 1620 1636 1634 1644 1414 1412 1641 1643 1636 1644 1401 1638 1393 1398 1394 1392 1625 1645 1626 1638 1624 1640 1392 1640 1646 1647 1414 1641 1621 1646 1417 1648 1641 1642 1649 1648 1618 1622 1413 1620 1418 1620 1422 1650 1651 1642 1647 1619 1414 1642 1643 1652 1647 1641 1648 1650 1642 1652 1393 1640 1392 1639 1399 1411 1421 1419 1653 1640 1417 1646 1646 1654 1411 1424 1428 1423 1654 1621 1423 1647 1648 1649 1648 1651 1618 1620 1414 1619 1422 1619 1424 1651 1617 1618 1649 1430 1647 1651 1656 1655 1650 1656 1651 1642 1651 1648 1411 1392 1646 1645 1628 1626 1426 1425 1657 1646 1621 1654 1654 1658 1626 1432 1428 1427 1658 1423 1428 1649 1618 1616 1659 1615 1617 1619 1647 1430 1424 1430 1427 1660 1659 1617 1649 1616 1429 1651 1655 1617 1616 1618 1615 1660 1617 1655 1626 1411 1654 1653 1625 1421 1613 1611 1661 1654 1423 1658 1658 1662 1421 1432 1431 1610 1432 1662 1428 1663 1615 1659 1664 1663 1665 1430 1649 1429 1427 1429 1431 1666 1667 1659 1614 1433 1616 1659 1660 1668 1614 1615 1663 1666 1659 1668 1421 1626 1658 1426 1419 1420 1612 1608 1669 1658 1428 1662 1420 1662 1670 1671 1672 1604 1610 1670 1432 1614 1663 1664 1663 1667 1665 1429 1616 1433 1431 1433 1437 1673 1671 1667 1664 1435 1614 1667 1674 1673 1666 1674 1667 1659 1667 1663 1420 1421 1662 1613 1657 1425 1609 1607 1675 1662 1432 1670 1670 1676 1425 1440 1436 1602 1676 1610 1440 1664 1665 1605 1665 1671 1604 1433 1614 1435 1436 1437 1435 1677 1672 1671 1664 1605 1434 1604 1605 1665 1673 1677 1671 1667 1671 1665 1425 1420 1670 1612 1661 1611 1444 1445 1678 1670 1610 1676 1676 1679 1611 1602 1438 1441 1602 1679 1440 1680 1604 1672 1681 1680 1672 1435 1664 1434 1436 1434 1438 1682 1681 1672 1605 1603 1439 1672 1677 1683 1603 1604 1680 1682 1672 1683 1611 1425 1676 1609 1669 1608 1684 1443 1685 1676 1440 1679 1608 1679 1686 1687 1603 1680 1441 1686 1602 1688 1689 1597 1690 1680 1681 1434 1605 1439 1438 1439 1442 1691 1688 1681 1687 1599 1603 1681 1682 1692 1680 1690 1687 1691 1681 1692 1608 1611 1679 1606 1675 1607 1693 1601 1600 1679 1602 1686 1686 1694 1607 1596 1449 1450 1694 1441 1449 1687 1690 1695 1690 1688 1598 1439 1603 1599 1442 1599 1450 1688 1597 1598 1687 1695 1446 1598 1695 1690 1691 1689 1688 1681 1688 1690 1608 1686 1607 1678 1606 1444 1696 1595 1594 1686 1441 1694 1697 1444 1694 1596 1447 1452 1697 1449 1596 1695 1598 1593 1698 1592 1597 1599 1687 1446 1450 1446 1447 1699 1698 1597 1695 1593 1448 1597 1689 1700 1593 1598 1592 1699 1597 1700 1607 1694 1444 1684 1445 1443 1601 1685 1443 1694 1449 1697 1701 1443 1697 1585 1452 1451 1701 1596 1452 1702 1592 1698 1703 1702 1588 1446 1695 1448 1447 1448 1451 1704 1705 1698 1591 1460 1593 1698 1699 1706 1591 1592 1702 1704 1698 1706 1444 1697 1443 1693 1685 1601 1707 1455 1453 1697 1596 1701 1701 1708 1601 1459 1581 1585 1452 1585 1708 1591 1702 1703 1702 1705 1588 1448 1593 1460 1451 1460 1459 1705 1589 1588 1703 1457 1591 1705 1710 1709 1704 1710 1705 1698 1705 1702 1443 1701 1601 1696 1600 1595 1590 1711 1454 1701 1452 1708 1712 1595 1708 1580 1581 1458 1712 1585 1581 1703 1588 1583 1713 1582 1589 1460 1591 1457 1459 1457 1458 1714 1713 1589 1703 1583 1456 1705 1709 1589 1583 1588 1582 1714 1589 1709 1601 1708 1595 1707 1594 1455 1587 1586 1715 1708 1585 1712 1712 1716 1455 1463 1580 1579 1580 1716 1581 1717 1582 1713 1718 1717 1719 1457 1703 1456 1458 1456 1579 1720 1721 1713 1584 1471 1583 1713 1714 1722 1584 1582 1717 1720 1713 1722 1455 1595 1712 1711 1453 1454 1464 1465 1723 1712 1581 1716 1454 1716 1724 1718 1584 1717 1463 1724 1580 1725 1727 1726 1717 1721 1719 1456 1583 1471 1579 1471 1462 1728 1725 1721 1718 1470 1584 1721 1729 1728 1720 1729 1721 1713 1721 1717 1454 1455 1716 1715 1590 1587 1578 1469 1730 1716 1580 1724 1724 1731 1587 1461 1473 1474 1731 1463 1461 1718 1719 1577 1719 1725 1576 1471 1584 1470 1462 1470 1473 1725 1726 1576 1718 1577 1476 1576 1577 1719 1728 1727 1725 1721 1725 1719 1587 1454 1724 1464 1586 1466 1467 1468 1732 1724 1463 1731 1731 1733 1466 1474 1472 1569 1474 1733 1461 1734 1576 1726 1735 1734 1726 1470 1718 1476 1473 1476 1472 1736 1735 1726 1577 1575 1475 1726 1727 1737 1575 1576 1734 1736 1726 1737 1466 1587 1731 1578 1723 1465 1574 1573 1738 1731 1461 1733 1465 1733 1739 1740 1575 1734 1569 1739 1474 1741 1743 1742 1744 1734 1735 1476 1577 1475 1472 1475 1477 1745 1741 1735 1740 1480 1575 1735 1736 1746 1740 1734 1744 1745 1735 1746 1465 1466 1733 1467 1730 1469 1567 1568 1747 1733 1474 1739 1739 1748 1469 1563 1478 1479 1748 1569 1478 1740 1744 1749 1744 1741 1571 1475 1575 1480 1477 1480 1479 1741 1570 1571 1740 1749 1486 1571 1749 1744 1745 1743 1741 1735 1741 1744 1469 1465 1739 1574 1732 1468 1750 1483 1481 1739 1569 1748 1748 1751 1468 1563 1484 1490 1751 1478 1563 1749 1571 1564 1752 1566 1570 1480 1740 1486 1479 1486 1484 1753 1752 1570 1749 1564 1485 1741 1742 1570 1564 1571 1566 1753 1570 1742 1468 1469 1748 1572 1738 1573 1754 1482 1755 1748 1478 1751 1751 1756 1573 1490 1488 1489 1490 1756 1563 1757 1566 1752 1758 1757 1759 1486 1749 1485 1484 1485 1488 1760 1761 1752 1565 1562 1564 1752 1753 1762 1565 1566 1757 1760 1752 1762 1468 1751 1573 1747 1572 1567 1763 1560 1561 1751 1563 1756 1756 1764 1567 1765 1766 1500 1764 1490 1489 1565 1757 1758 1757 1761 1759 1485 1564 1562 1488 1562 1487 1767 1765 1761 1758 1558 1565 1761 1768 1767 1760 1768 1761 1752 1761 1757 1573 1756 1567 1750 1568 1483 1493 1769 1495 1756 1490 1764 1770 1483 1764 1557 1491 1492 1489 1491 1770 1758 1759 1501 1759 1765 1500 1562 1565 1558 1487 1558 1492 1771 1766 1765 1758 1501 1498 1500 1501 1759 1767 1771 1765 1761 1765 1759 1567 1764 1483 1754 1481 1482 1560 1755 1482 1764 1489 1770 1772 1482 1770 1505 1557 1496 1772 1491 1557 1773 1500 1766 1774 1773 1775 1558 1758 1498 1492 1498 1496 1776 1777 1766 1499 1497 1501 1766 1771 1778 1499 1500 1773 1776 1766 1778 1483 1770 1482 1763 1755 1560 1559 1779 1494 1770 1491 1772 1772 1780 1560 1774 1499 1773 1505 1780 1557 1781 1783 1782 1773 1777 1775 1498 1501 1497 1496 1497 1507 1784 1781 1777 1774 1508 1499 1777 1785 1784 1776 1785 1777 1766 1777 1773 1482 1772 1560 1769 1561 1495 1502 1503 1786 1772 1557 1780 1780 1787 1495 1545 1506 1509 1787 1505 1506 1774 1775 1512 1775 1781 1511 1497 1499 1508 1507 1508 1509 1781 1782 1511 1774 1512 1510 1511 1512 1775 1784 1783 1781 1777 1781 1775 1495 1560 1780 1779 1493 1494 1546 1547 1788 1780 1505 1787 1494 1787 1789 1540 1544 1545 1506 1545 1789 1525 1511 1782 1790 1525 1782 1508 1774 1510 1509 1510 1540 1791 1790 1782 1512 1513 1541 1782 1783 1792 1513 1511 1525 1791 1782 1792 1494 1495 1787 1786 1559 1502 1551 1516 1793 1787 1506 1789 1794 1502 1789 1528 1541 1537 1544 1794 1545 1795 1797 1796 1517 1525 1790 1510 1512 1541 1528 1540 1541 1798 1795 1790 1518 1537 1513 1790 1791 1799 1518 1525 1517 1798 1790 1799 1502 1494 1789 1546 1503 1504 1800 1514 1515 1789 1545 1794 1801 1504 1794 1537 1527 1528 1801 1544 1529 1802 1519 1542 1517 1795 1542 1541 1513 1537 1537 1536 1527 1795 1543 1542 1518 1519 1536 1542 1519 1517 1798 1797 1795 1790 1795 1517 1504 1502 1794 1551 1788 1547 1529 1527 1803 1794 1544 1801 1804 1547 1801 1527 1536 1805 1804 1529 1803 1536 1519 1806 1527 1805 1803 1538 1539 1543 1536 1806 1805 1807 1538 1543 1519 1802 1806 1795 1796 1543 1802 1542 1539 1807 1543 1796 1547 1504 1801 1514 1793 1516 1803 1805 1549 1801 1529 1804 1516 1804 1808 1805 1806 1548 1808 1803 1549 1806 1802 1809 1549 1805 1548 1539 1810 1802 1809 1548 1806 1811 1530 1538 1802 1810 1809 1538 1807 1812 1810 1539 1535 1811 1538 1812 1516 1547 1804 1515 1813 1800 1814 1548 1809 1804 1803 1808 1515 1808 1554 1815 1809 1810 1554 1549 1550 1533 1810 1535 1550 1548 1814 1534 1535 1530 1814 1809 1815 1531 1816 1534 1533 1815 1810 1530 1817 1532 1811 1817 1530 1538 1530 1535 1516 1808 1515 1553 1556 1813 1552 1550 1818 1808 1549 1554 1552 1554 1550 1818 1814 1819 1818 1550 1814 1819 1815 1820 1819 1814 1815 1820 1533 1821 1820 1815 1533 1821 1534 1816 1821 1533 1534 1531 1523 1816 1532 1526 1531 1530 1531 1534 1813 1515 1553 1554 1553 1515 1818 1410 1396 1403 1553 1552 1819 1415 1410 1396 1552 1818 1820 1629 1415 1410 1818 1819 1821 1631 1629 1415 1819 1820 1816 1632 1631 1629 1820 1821 1523 1522 1632 1631 1821 1816 1521 1522 1523 1632 1816 1523 1822 1824 1823 1825 1826 1822 1822 1823 1825 1826 1828 1827 1828 1826 1825 1829 1827 1830 1828 1830 1827 1831 1832 1829 1829 1830 1831 1832 1834 1833 1834 1832 1831 1835 1833 1836 1834 1836 1833 1837 1838 1835 1835 1836 1837 1838 1840 1839 1840 1838 1837 1841 1839 1842 1840 1842 1839 1843 1844 1841 1841 1842 1843 1844 1846 1845 1846 1844 1843 1847 1845 1848 1846 1848 1845 1849 1850 1847 1847 1848 1849 1850 1852 1851 1852 1850 1849 1853 1851 1854 1852 1854 1851 1855 1856 1853 1853 1854 1855 1856 1858 1857 1858 1856 1855 1859 1857 1860 1858 1860 1857 1861 1862 1859 1859 1860 1861 1862 1864 1863 1864 1862 1861 1865 1863 1866 1864 1866 1863 1867 1868 1865 1865 1866 1867 1868 1870 1869 1870 1868 1867 1871 1869 1872 1870 1872 1869 1873 1874 1871 1871 1872 1873 1874 1876 1875 1876 1874 1873 1877 1875 1878 1876 1878 1875 1879 1880 1877 1877 1878 1879 1880 1882 1881 1882 1880 1879 1883 1881 1884 1882 1884 1881 1885 1886 1883 1883 1884 1885 1823 1824 1887 1888 1887 1889 1824 1889 1887 1890 1891 1888 1888 1889 1890 1891 1893 1892 1893 1891 1890 1894 1892 1895 1893 1895 1892 1896 1897 1894 1894 1895 1896 1897 1899 1898 1899 1897 1896 1900 1898 1901 1899 1901 1898 1902 1903 1900 1900 1901 1902 1903 1905 1904 1905 1903 1902 1906 1904 1907 1905 1907 1904 1908 1909 1906 1906 1907 1908 1909 1911 1910 1911 1909 1908 1912 1910 1913 1911 1913 1910 1914 1915 1912 1912 1913 1914 1915 1917 1916 1917 1915 1914 1918 1916 1919 1917 1919 1916 1920 1921 1918 1918 1919 1920 1921 1923 1922 1923 1921 1920 1924 1922 1925 1923 1925 1922 1926 1927 1924 1924 1925 1926 1927 1929 1928 1929 1927 1926 1930 1928 1931 1929 1931 1928 1932 1933 1930 1930 1931 1932 1933 1935 1934 1935 1933 1932 1936 1934 1937 1935 1937 1934 1938 1939 1936 1936 1937 1938 1939 1941 1940 1941 1939 1938 1942 1940 1943 1941 1943 1940 1944 1945 1942 1942 1943 1944 1945 1947 1946 1947 1945 1944 1947 1886 1946 1946 1886 1885 1948 1950 1949 1951 1953 1952 1954 1956 1955 1957 1959 1958 1960 1962 1961 1963 1965 1964 1966 1968 1967 1969 1971 1970 1972 1974 1973 1975 1977 1976 1978 1980 1979 1981 1983 1982 1984 1986 1985 1987 1989 1988 1990 1992 1991 1993 1995 1994 1996 1998 1997 1999 2001 2000 2002 2004 2003 2005 2007 2006 2008 2010 2009 2011 2013 2012 2014 2016 2015 2017 2019 2018 2020 2022 2021 2023 2025 2024 2026 2028 2027 2029 2031 2030 2032 2034 2033 2035 2037 2036 2036 2038 2035 2039 2037 2040 2035 2040 2037 2039 2042 2041 2042 2039 2040 2043 2044 2041 2041 2042 2043 2045 2044 2046 2043 2046 2044 2045 2048 2047 2048 2045 2046 2049 2050 2047 2047 2048 2049 2051 2050 2052 2049 2052 2050 2051 2054 2053 2054 2051 2052 2055 2056 2053 2053 2054 2055 2057 2056 2058 2055 2058 2056 2057 2060 2059 2060 2057 2058 2061 2062 2059 2059 2060 2061 1950 2062 2063 2061 2063 2062 1949 1950 2063 2038 2031 2029 2031 2038 2036 2034 2030 2033 2034 2029 2030 2032 2023 2024 2032 2033 2023 2025 2028 2026 2024 2025 2026 2018 2019 2027 2028 2018 2027 2020 2021 2017 2017 2021 2019 2011 2022 2013 2013 2022 2020 2016 2012 2015 2016 2011 2012 2014 2005 2006 2014 2015 2005 2007 2010 2008 2006 2007 2008 2000 2001 2009 2010 2000 2009 2002 2003 1999 1999 2003 2001 1993 2004 1995 1995 2004 2002 1998 1994 1997 1998 1993 1994 1996 1987 1988 1996 1997 1987 1989 1992 1990 1988 1989 1990 1982 1983 1991 1992 1982 1991 1984 1985 1981 1981 1985 1983 1975 1986 1977 1977 1986 1984 1980 1976 1979 1980 1975 1976 1978 1969 1970 1978 1979 1969 1971 1974 1972 1970 1971 1972 1964 1965 1973 1974 1964 1973 1966 1967 1963 1963 1967 1965 1957 1968 1959 1959 1968 1966 1962 1958 1961 1962 1957 1958 1960 1951 1952 1960 1961 1951 1953 1954 1955 1952 1953 1955 1948 1949 1956 1954 1948 1956 2064 2066 2065 2067 2069 2068 2070 2072 2071 2065 2074 2073 2075 2073 2076 2076 2074 2077 2071 2079 2078 2075 2076 2080 2076 2081 2080 2079 2083 2082 2084 2081 2085 2085 2087 2086 2077 2088 2081 2089 2090 2083 2085 2088 2091 2092 2093 2087 2086 2084 2085 2094 2089 2095 2091 2096 2087 2092 2096 2097 2092 2099 2098 2098 2093 2092 2095 2101 2100 2102 2099 2097 2103 2104 2099 2105 2107 2106 2108 2109 2101 2110 2108 2111 2103 2113 2112 2114 2113 2115 2103 2102 2116 2117 2111 2118 2119 2113 2116 2120 2121 2118 2112 2113 2114 2122 2124 2123 2125 2127 2126 2128 2129 2122 2130 2131 2120 2129 2124 2122 2127 2132 2126 2129 2133 2124 2129 2128 2134 2130 2135 2131 2136 2134 2137 2132 2127 2133 2138 2121 2120 2125 2115 2139 2115 2125 2126 2140 2139 2119 2115 2119 2139 2141 2143 2142 2140 2119 2143 2116 2144 2143 2141 2140 2143 2145 2147 2146 2142 2146 2148 2149 2147 2145 2150 2152 2151 2064 2073 2153 2154 2155 2064 2154 2156 2155 2157 2158 2151 2066 2155 2159 2156 2160 2155 2159 2160 2161 2162 2164 2163 2165 2158 2166 2160 2164 2162 2167 2161 2162 2168 2169 2167 2170 2171 2165 2162 2163 2168 2172 2174 2173 2175 2169 2173 2171 2177 2176 2178 2179 2175 2172 2173 2168 2173 2174 2178 2176 2181 2180 2180 2183 2182 2184 2186 2185 2178 2188 2187 2179 2187 2189 2190 2191 2182 2192 2194 2193 2192 2193 2187 2189 2193 2195 2196 2197 2191 2195 2199 2198 2200 2202 2201 2193 2194 2199 2203 2198 2201 2197 2205 2204 2206 2203 2207 2200 2201 2199 2202 2207 2201 2208 2210 2209 2209 2210 2207 2204 2212 2211 2213 2211 2214 2210 2215 2206 2216 2210 2208 2215 2216 2217 2218 2220 2219 2221 2223 2222 2224 2216 2225 2224 2226 2217 2227 2218 2228 2229 2231 2230 2226 2233 2232 2233 2224 2234 2232 2236 2235 2237 2238 2227 2239 2241 2240 2236 2233 2242 2235 2239 2243 2244 2245 2238 2246 2248 2247 2236 2241 2239 2249 2251 2250 2252 2253 2243 2254 2256 2255 2239 2240 2252 2257 2248 2245 2249 2250 2258 2259 2261 2260 2250 2262 2258 2263 2260 2261 2259 2246 2264 2249 2252 2251 2261 2266 2265 2267 2253 2249 2263 2261 2133 2258 2262 2268 2261 2265 2124 2123 2124 2265 2269 2271 2270 2272 2274 2273 2270 2276 2275 2274 2277 2255 2276 2278 2275 2255 2279 2273 2280 2282 2281 2283 2269 2280 2269 2282 2280 2149 2281 2147 2136 2137 2284 2133 2129 2132 2136 2129 2134 2284 2130 2136 2132 2136 2285 2142 2143 2144 2285 2114 2126 2146 2142 2286 2114 2115 2126 2286 2287 2146 2115 2113 2119 2288 2146 2287 2148 2146 2147 2141 2142 2148 2144 2286 2142 2145 2146 2288 2129 2136 2132 2135 2130 2284 2117 2118 2289 2132 2285 2126 2290 2285 2130 2104 2103 2112 2114 2290 2112 2144 2107 2286 2286 2105 2287 2119 2116 2143 2113 2103 2116 2291 2287 2292 2107 2144 2102 2287 2293 2288 2286 2107 2105 2291 2293 2287 2136 2130 2285 2138 2120 2131 2110 2111 2294 2285 2290 2114 2290 2120 2295 2098 2099 2104 2104 2112 2295 2296 2292 2105 2297 2292 2296 2116 2102 2144 2103 2099 2102 2298 2292 2297 2107 2097 2106 2296 2105 2106 2291 2292 2298 2287 2105 2292 2130 2120 2290 2289 2118 2121 2108 2299 2109 2290 2295 2112 2295 2118 2300 2301 2296 2106 2300 2098 2104 2302 2304 2303 2305 2297 2296 2102 2097 2107 2099 2092 2097 2306 2297 2302 2301 2106 2096 2297 2307 2298 2301 2305 2296 2306 2307 2297 2118 2295 2120 2294 2111 2117 2100 2308 2095 2295 2300 2104 2300 2111 2309 2086 2087 2093 2309 2093 2098 2301 2310 2305 2305 2311 2302 2097 2096 2106 2096 2092 2087 2302 2311 2312 2301 2091 2310 2311 2305 2310 2306 2302 2303 2297 2305 2302 2111 2300 2118 2299 2108 2110 2094 2313 2089 2300 2309 2098 2108 2314 2309 2315 2311 2310 2086 2093 2314 2316 2312 2311 2317 2318 2316 2096 2091 2301 2087 2085 2091 2319 2312 2320 2315 2310 2088 2302 2312 2304 2315 2316 2311 2319 2304 2312 2108 2309 2111 2100 2101 2109 2090 2321 2083 2309 2314 2093 2314 2101 2322 2084 2080 2081 2322 2084 2086 2315 2317 2316 2316 2318 2320 2091 2088 2310 2088 2085 2081 2320 2318 2323 2317 2315 2077 2320 2325 2324 2319 2320 2324 2312 2316 2320 2101 2314 2108 2094 2095 2308 2082 2326 2079 2314 2322 2086 2095 2327 2322 2328 2318 2317 2080 2084 2327 2329 2323 2318 2330 2323 2329 2088 2077 2315 2081 2076 2077 2331 2323 2330 2328 2317 2074 2320 2323 2325 2328 2329 2318 2331 2325 2323 2095 2322 2101 2090 2089 2313 2071 2332 2070 2322 2327 2084 2327 2089 2333 2075 2153 2073 2333 2075 2080 2328 2067 2329 2329 2068 2330 2077 2074 2317 2076 2073 2074 2334 2330 2335 2067 2328 2065 2330 2336 2331 2329 2067 2068 2334 2336 2330 2089 2327 2095 2082 2083 2321 2337 2338 2072 2327 2333 2080 2333 2083 2339 2153 2154 2064 2153 2075 2339 2340 2335 2068 2341 2335 2340 2074 2065 2328 2073 2064 2065 2342 2335 2341 2067 2066 2069 2340 2068 2069 2334 2335 2342 2330 2068 2335 2083 2333 2089 2078 2079 2326 2343 2152 2150 2333 2339 2075 2339 2079 2344 2345 2340 2069 2344 2154 2153 2346 2348 2347 2349 2341 2340 2065 2066 2067 2064 2155 2066 2350 2341 2346 2345 2069 2159 2341 2351 2342 2345 2349 2340 2350 2351 2341 2083 2079 2339 2332 2071 2078 2352 2157 2151 2339 2344 2153 2353 2344 2071 2156 2164 2160 2353 2156 2154 2345 2354 2349 2349 2355 2346 2066 2159 2069 2159 2155 2160 2346 2355 2356 2345 2161 2354 2355 2349 2354 2350 2346 2347 2341 2349 2346 2079 2071 2344 2337 2072 2070 2150 2072 2338 2344 2353 2154 2353 2072 2357 2358 2355 2354 2156 2357 2164 2359 2356 2355 2360 2361 2359 2159 2161 2345 2160 2162 2161 2362 2356 2363 2358 2354 2167 2346 2356 2348 2358 2359 2355 2362 2348 2356 2071 2072 2353 2343 2150 2338 2364 2166 2158 2353 2357 2156 2365 2357 2150 2172 2168 2163 2164 2365 2163 2358 2360 2359 2359 2361 2363 2161 2167 2354 2167 2162 2168 2363 2361 2366 2360 2358 2169 2363 2368 2367 2362 2363 2367 2356 2359 2363 2072 2150 2357 2352 2151 2152 2170 2165 2369 2357 2365 2164 2365 2151 2370 2371 2361 2360 2172 2163 2370 2372 2366 2361 2373 2366 2372 2167 2169 2358 2168 2173 2169 2374 2366 2373 2371 2360 2175 2363 2366 2368 2371 2372 2361 2374 2368 2366 2150 2151 2365 2364 2158 2157 2171 2375 2177 2365 2370 2163 2370 2158 2376 2188 2178 2174 2376 2174 2172 2371 2185 2372 2372 2186 2373 2169 2175 2360 2173 2178 2175 2377 2373 2378 2185 2371 2179 2373 2379 2374 2372 2185 2186 2377 2379 2373 2158 2370 2151 2369 2165 2166 2181 2380 2180 2370 2376 2172 2376 2165 2381 2192 2187 2188 2188 2174 2381 2382 2378 2186 2383 2378 2382 2175 2179 2371 2178 2187 2179 2384 2378 2383 2185 2189 2184 2382 2186 2184 2377 2378 2384 2373 2186 2378 2165 2376 2158 2375 2171 2170 2183 2385 2182 2376 2381 2174 2381 2171 2386 2387 2382 2184 2386 2192 2188 2388 2390 2389 2391 2383 2382 2179 2189 2185 2187 2193 2189 2392 2383 2388 2387 2184 2195 2383 2393 2384 2382 2387 2391 2392 2393 2383 2171 2381 2165 2181 2176 2177 2190 2394 2191 2381 2386 2188 2386 2176 2395 2194 2200 2199 2395 2194 2192 2387 2396 2391 2391 2397 2388 2189 2195 2184 2195 2193 2199 2388 2397 2390 2387 2198 2396 2397 2391 2396 2392 2388 2389 2383 2391 2388 2176 2386 2171 2183 2180 2380 2196 2398 2197 2386 2395 2192 2180 2399 2395 2400 2397 2396 2399 2200 2194 2401 2390 2397 2402 2403 2401 2195 2198 2387 2199 2201 2198 2404 2390 2405 2400 2396 2203 2390 2406 2389 2400 2401 2397 2404 2406 2390 2180 2395 2176 2190 2182 2385 2204 2407 2212 2395 2399 2194 2399 2182 2408 2202 2209 2207 2408 2202 2200 2400 2402 2401 2401 2403 2405 2198 2203 2396 2203 2201 2207 2405 2403 2409 2402 2400 2206 2405 2411 2410 2404 2405 2410 2390 2401 2405 2182 2399 2180 2196 2191 2394 2412 2214 2211 2399 2408 2200 2191 2413 2408 2414 2403 2402 2209 2202 2413 2415 2409 2403 2416 2409 2415 2203 2206 2400 2207 2210 2206 2417 2409 2416 2414 2402 2215 2405 2409 2411 2414 2415 2403 2417 2411 2409 2191 2408 2182 2205 2197 2398 2418 2419 2213 2408 2413 2202 2413 2197 2420 2208 2225 2216 2420 2208 2209 2414 2223 2415 2415 2221 2416 2206 2215 2402 2210 2216 2215 2421 2416 2422 2223 2414 2217 2416 2423 2417 2415 2223 2221 2421 2423 2416 2191 2197 2413 2407 2204 2205 2424 2219 2220 2413 2420 2209 2425 2420 2204 2225 2234 2224 2225 2208 2425 2426 2422 2221 2427 2422 2426 2215 2217 2414 2216 2224 2217 2428 2422 2427 2222 2223 2226 2426 2221 2222 2421 2422 2428 2416 2221 2422 2197 2204 2420 2412 2211 2212 2228 2218 2429 2420 2425 2208 2430 2425 2211 2242 2233 2234 2225 2430 2234 2222 2431 2426 2426 2230 2427 2217 2226 2223 2224 2233 2226 2432 2427 2231 2431 2222 2232 2427 2433 2428 2426 2431 2230 2432 2433 2427 2204 2211 2425 2418 2213 2214 2220 2213 2419 2425 2430 2225 2434 2430 2213 2241 2236 2242 2234 2434 2242 2431 2435 2230 2436 2231 2229 2226 2232 2222 2233 2236 2232 2437 2231 2436 2431 2235 2435 2229 2230 2435 2432 2231 2437 2427 2230 2231 2211 2213 2430 2424 2220 2419 2237 2227 2438 2430 2434 2234 2434 2220 2439 2440 2229 2435 2439 2241 2242 2441 2436 2229 2442 2443 2441 2232 2235 2431 2236 2239 2235 2444 2436 2445 2440 2435 2243 2436 2446 2437 2440 2441 2229 2444 2446 2436 2213 2220 2434 2429 2218 2219 2238 2447 2244 2434 2439 2242 2439 2218 2448 2240 2251 2252 2448 2240 2241 2440 2442 2441 2441 2443 2445 2235 2243 2435 2243 2239 2252 2445 2443 2449 2442 2440 2253 2445 2451 2450 2444 2445 2450 2436 2441 2445 2218 2439 2220 2438 2227 2228 2257 2452 2248 2439 2448 2241 2453 2448 2227 2454 2443 2442 2240 2453 2251 2455 2449 2443 2456 2449 2455 2243 2253 2440 2252 2249 2253 2457 2449 2456 2454 2442 2267 2445 2449 2451 2454 2455 2443 2457 2451 2449 2227 2448 2218 2447 2238 2237 2247 2458 2246 2448 2453 2240 2453 2238 2459 2267 2258 2460 2459 2250 2251 2454 2277 2455 2455 2274 2456 2253 2267 2442 2249 2258 2267 2461 2456 2272 2277 2454 2460 2456 2462 2457 2455 2277 2274 2461 2462 2456 2238 2453 2227 2257 2245 2244 2463 2259 2264 2453 2459 2251 2459 2245 2464 2460 2258 2268 2262 2250 2464 2460 2254 2277 2465 2272 2273 2267 2460 2454 2460 2268 2254 2466 2272 2465 2255 2277 2254 2273 2274 2255 2461 2272 2466 2456 2274 2272 2245 2459 2238 2247 2248 2452 2262 2467 2268 2459 2464 2250 2248 2468 2464 2254 2268 2469 2468 2467 2262 2470 2269 2471 2469 2268 2467 2273 2278 2465 2254 2469 2256 2472 2465 2276 2255 2256 2279 2465 2473 2466 2273 2279 2278 2472 2473 2465 2248 2464 2245 2264 2246 2458 2469 2467 2474 2464 2468 2262 2468 2246 2475 2256 2469 2476 2467 2475 2474 2279 2256 2477 2469 2474 2476 2278 2279 2478 2477 2256 2476 2479 2276 2270 2477 2478 2279 2275 2278 2478 2472 2276 2479 2465 2278 2276 2246 2468 2248 2259 2463 2480 2476 2474 2481 2468 2475 2467 2475 2259 2260 2477 2476 2482 2474 2260 2481 2478 2477 2483 2476 2481 2482 2275 2478 2484 2477 2482 2483 2270 2275 2471 2484 2478 2483 2270 2485 2479 2484 2471 2275 2271 2485 2270 2246 2259 2475 2261 2480 2266 2263 2486 2481 2475 2260 2474 2481 2260 2263 2486 2487 2482 2482 2481 2486 2487 2488 2483 2483 2482 2487 2488 2489 2484 2484 2483 2488 2489 2470 2471 2471 2484 2489 2269 2470 2282 2271 2269 2283 2270 2471 2269 2261 2259 2480 2124 2133 2261 2133 2127 2263 2263 2127 2486 2127 2125 2486 2486 2125 2487 2125 2139 2487 2139 2140 2488 2139 2488 2487 2140 2141 2489 2140 2489 2488 2141 2148 2470 2141 2470 2489 2148 2147 2282 2148 2282 2470 2282 2147 2281 2490 2492 2491 2493 2495 2494 2496 2498 2497 2499 2490 2491 2500 2499 2491 2490 2501 2492 2502 2492 2503 2504 2502 2503 2503 2492 2501 2505 2507 2506 2508 2497 2509 2491 2507 2500 2510 2512 2511 2513 2515 2514 2516 2518 2517 2517 2520 2519 2521 2522 2516 2523 2525 2524 2521 2527 2526 2528 2530 2529 2531 2533 2532 2534 2536 2535 2537 2539 2538 2540 2542 2541 2543 2545 2544 2546 2548 2547 2549 2551 2550 2552 2549 2553 2554 2556 2555 2557 2559 2558 2560 2562 2561 2563 2565 2564 2561 2567 2566 2568 2570 2569 2571 2573 2572 2574 2576 2575 2577 2579 2578 2580 2582 2581 2583 2585 2584 2586 2588 2587 2589 2591 2590 2592 2585 2593 2594 2596 2595 2597 2599 2598 2600 2602 2601 2603 2605 2604 2603 2607 2606 2608 2610 2609 2611 2613 2612 2600 2601 2614 2615 2617 2616 2618 2620 2619 2618 2622 2621 2623 2625 2624 2626 2628 2627 2610 2616 2626 2629 2631 2630 2632 2633 2631 2632 2635 2634 2636 2638 2637 2639 2640 2637 2639 2637 2641 2642 2643 2641 2644 2639 2645 2646 2648 2647 2635 2650 2649 2650 2647 2644 2647 2651 2644 2652 2653 2611 2654 2656 2655 2657 2659 2658 2652 2658 2660 2624 2662 2661 2663 2665 2664 2666 2662 2624 2624 2657 2666 2662 2498 2661 2661 2668 2667 2668 2502 2504 2502 2668 2661 2639 2644 2669 2655 2670 2654 2671 2672 2638 2673 2609 2627 2673 2654 2670 2674 2676 2675 2617 2599 2676 2674 2593 2677 2608 2598 2615 2678 2679 2604 2680 2682 2681 2683 2685 2684 2677 2583 2590 2675 2597 2592 2679 2687 2686 2586 2686 2688 2689 2690 2684 2691 2693 2692 2591 2581 2694 2695 2579 2694 2696 2692 2693 2697 2699 2698 2589 2584 2580 2700 2702 2701 2703 2587 2704 2701 2706 2705 2577 2707 2572 2582 2708 2695 2709 2574 2703 2710 2578 2708 2711 2567 2712 2575 2714 2713 2573 2715 2569 2716 2717 2706 2707 2710 2718 2571 2718 2719 2720 2563 2713 2715 2719 2721 2722 2570 2551 2560 2724 2723 2725 2722 2552 2726 2727 2725 2728 2730 2729 2731 2732 2729 2721 2550 2568 2733 2559 2734 2735 2727 2538 2736 2546 2735 2545 2732 2737 2537 2726 2553 2738 2740 2739 2543 2741 2535 2740 2742 2739 2539 2743 2736 2744 2547 2745 2746 2747 2530 2744 2748 2527 2523 2536 2749 2750 2548 2743 2751 2753 2752 2750 2754 2745 2755 2753 2751 2756 2748 2754 2526 2756 2757 2758 2759 2524 2759 2760 2514 2761 2763 2762 2764 2522 2757 2765 2766 2519 2767 2766 2508 2768 2770 2769 2771 2772 2768 2764 2773 2518 2520 2773 2774 2494 2506 2507 2775 2772 2776 2508 2509 2767 2767 2778 2777 2778 2767 2509 2778 2779 2777 2780 2782 2781 2783 2785 2784 2777 2779 2783 2777 2783 2780 2779 2785 2783 2784 2787 2786 2788 2786 2789 2672 2789 2786 2672 2786 2787 2671 2789 2672 2498 2496 2492 2498 2492 2502 2514 2790 2513 2496 2497 2508 2492 2496 2774 2781 2777 2780 2496 2765 2774 2780 2783 2776 2508 2766 2765 2784 2786 2775 2781 2767 2777 2791 2792 2775 2775 2786 2791 2785 2787 2784 2776 2784 2775 2791 2786 2788 2491 2492 2774 2505 2500 2507 2759 2793 2760 2765 2496 2508 2491 2774 2773 2794 2781 2782 2771 2782 2780 2766 2767 2781 2519 2520 2765 2511 2794 2782 2794 2766 2781 2795 2772 2775 2775 2796 2795 2783 2784 2776 2772 2771 2776 2792 2796 2775 2507 2491 2773 2495 2506 2494 2515 2493 2494 2520 2774 2765 2773 2764 2507 2797 2794 2511 2769 2511 2782 2519 2766 2794 2517 2518 2520 2512 2797 2511 2797 2519 2794 2798 2768 2772 2798 2772 2799 2780 2776 2771 2768 2769 2771 2795 2799 2772 2494 2507 2764 2513 2493 2515 2524 2800 2758 2518 2773 2520 2764 2757 2494 2801 2797 2512 2762 2770 2802 2517 2519 2797 2518 2516 2522 2803 2801 2512 2801 2517 2797 2804 2770 2768 2804 2768 2805 2782 2771 2769 2770 2510 2769 2798 2805 2768 2757 2515 2494 2760 2790 2514 2523 2806 2525 2522 2764 2518 2757 2756 2515 2752 2801 2803 2803 2512 2807 2516 2517 2801 2522 2521 2526 2803 2751 2752 2752 2516 2801 2510 2770 2762 2802 2770 2808 2511 2769 2510 2762 2807 2510 2804 2808 2770 2756 2514 2515 2758 2793 2759 2536 2809 2749 2526 2757 2522 2754 2514 2756 2763 2528 2810 2810 2751 2803 2521 2516 2752 2526 2527 2748 2811 2763 2761 2753 2521 2752 2807 2762 2763 2812 2762 2802 2512 2510 2807 2810 2807 2763 2761 2762 2812 2754 2759 2514 2525 2800 2524 2535 2813 2534 2748 2756 2526 2759 2754 2750 2814 2753 2755 2529 2755 2751 2527 2521 2753 2744 2745 2748 2541 2814 2755 2814 2527 2753 2815 2528 2763 2763 2816 2815 2803 2807 2810 2529 2810 2528 2816 2763 2811 2750 2524 2759 2749 2806 2523 2543 2817 2741 2745 2754 2748 2743 2524 2750 2818 2814 2541 2747 2541 2755 2744 2527 2814 2547 2548 2745 2542 2818 2541 2818 2744 2814 2819 2530 2528 2528 2820 2819 2751 2810 2529 2530 2747 2529 2815 2820 2528 2743 2523 2524 2534 2809 2536 2737 2821 2545 2548 2750 2745 2539 2523 2743 2822 2818 2542 2532 2746 2823 2547 2744 2818 2548 2546 2736 2824 2822 2542 2822 2547 2818 2825 2746 2530 2825 2530 2826 2755 2529 2747 2746 2540 2747 2819 2826 2530 2539 2536 2523 2741 2813 2535 2732 2731 2827 2736 2743 2548 2537 2536 2539 2738 2822 2824 2824 2542 2828 2546 2547 2822 2736 2735 2538 2740 2738 2824 2546 2822 2738 2540 2746 2532 2823 2746 2829 2541 2747 2540 2532 2828 2540 2825 2829 2746 2537 2535 2536 2544 2817 2543 2729 2730 2830 2538 2539 2736 2553 2535 2537 2733 2831 2533 2740 2824 2831 2735 2546 2738 2538 2727 2726 2832 2533 2531 2739 2735 2738 2828 2532 2533 2833 2532 2823 2542 2540 2828 2831 2828 2533 2531 2532 2833 2543 2535 2553 2821 2544 2545 2728 2835 2834 2726 2537 2538 2543 2553 2549 2836 2739 2742 2734 2742 2740 2727 2735 2739 2725 2552 2726 2556 2836 2742 2836 2727 2739 2837 2838 2733 2733 2533 2837 2824 2828 2831 2734 2831 2733 2837 2533 2832 2545 2543 2549 2827 2737 2732 2839 2565 2563 2552 2553 2726 2550 2545 2549 2840 2836 2556 2557 2556 2742 2725 2727 2836 2722 2551 2552 2554 2840 2556 2840 2725 2836 2841 2559 2733 2733 2842 2841 2740 2831 2734 2559 2557 2734 2838 2842 2733 2732 2545 2550 2830 2731 2729 2713 2843 2720 2551 2549 2552 2721 2732 2550 2844 2840 2554 2724 2558 2845 2722 2725 2840 2570 2568 2551 2846 2844 2554 2844 2722 2840 2847 2558 2559 2847 2559 2848 2742 2734 2557 2558 2555 2557 2841 2848 2559 2729 2732 2721 2834 2730 2728 2564 2835 2728 2568 2550 2551 2719 2729 2721 2849 2844 2846 2846 2554 2850 2570 2722 2844 2568 2569 2715 2851 2849 2846 2570 2844 2849 2555 2558 2724 2845 2558 2852 2556 2557 2555 2724 2850 2555 2847 2852 2558 2728 2729 2719 2565 2835 2564 2575 2853 2714 2715 2721 2568 2719 2718 2728 2854 2849 2851 2851 2846 2855 2569 2570 2849 2715 2573 2571 2851 2717 2854 2854 2569 2849 2850 2724 2560 2856 2724 2845 2554 2555 2850 2855 2850 2560 2723 2724 2856 2718 2564 2728 2720 2839 2563 2574 2857 2576 2571 2719 2715 2710 2564 2718 2716 2854 2717 2566 2717 2851 2573 2569 2854 2571 2572 2707 2855 2560 2561 2716 2573 2854 2562 2858 2561 2859 2560 2723 2846 2850 2855 2566 2855 2561 2562 2560 2859 2710 2563 2564 2714 2843 2713 2703 2860 2709 2707 2718 2571 2708 2563 2710 2861 2716 2706 2711 2706 2717 2572 2573 2716 2577 2578 2707 2701 2861 2706 2861 2572 2716 2862 2567 2561 2561 2863 2862 2851 2855 2566 2567 2711 2566 2858 2863 2561 2708 2713 2563 2576 2853 2575 2587 2864 2704 2578 2710 2707 2582 2713 2708 2865 2861 2701 2866 2712 2867 2577 2572 2861 2579 2695 2578 2702 2865 2701 2865 2577 2861 2868 2712 2567 2868 2567 2869 2717 2566 2711 2712 2705 2711 2862 2869 2567 2582 2575 2713 2709 2857 2574 2586 2870 2588 2695 2708 2578 2580 2575 2582 2871 2865 2702 2697 2866 2872 2579 2577 2865 2695 2694 2581 2873 2871 2702 2579 2865 2871 2712 2866 2705 2867 2712 2874 2706 2711 2705 2866 2700 2705 2868 2874 2712 2580 2574 2575 2704 2860 2703 2687 2875 2686 2581 2582 2695 2584 2574 2580 2691 2871 2873 2873 2702 2876 2694 2579 2871 2581 2591 2589 2873 2693 2691 2691 2694 2871 2700 2866 2697 2872 2866 2877 2701 2705 2700 2697 2876 2700 2867 2877 2866 2584 2703 2574 2588 2864 2587 2679 2678 2878 2589 2580 2581 2585 2703 2584 2698 2690 2879 2879 2693 2873 2591 2694 2691 2589 2590 2583 2876 2697 2698 2692 2591 2691 2699 2880 2698 2881 2697 2872 2702 2700 2876 2879 2876 2698 2699 2697 2881 2585 2587 2703 2688 2870 2586 2604 2605 2882 2583 2584 2589 2587 2585 2592 2883 2692 2696 2689 2696 2693 2590 2591 2692 2677 2593 2583 2680 2883 2696 2883 2590 2692 2884 2690 2698 2698 2885 2884 2873 2876 2879 2689 2879 2690 2880 2885 2698 2586 2587 2592 2875 2688 2686 2603 2606 2886 2593 2585 2583 2597 2586 2592 2887 2883 2680 2685 2680 2696 2677 2590 2883 2674 2675 2593 2681 2887 2680 2887 2677 2883 2888 2684 2690 2690 2889 2888 2693 2879 2689 2684 2685 2689 2884 2889 2690 2686 2586 2597 2878 2687 2679 2890 2891 2612 2675 2592 2593 2598 2686 2597 2892 2887 2681 2595 2683 2893 2674 2677 2887 2675 2676 2599 2894 2892 2681 2892 2674 2887 2895 2683 2684 2895 2684 2896 2696 2689 2685 2683 2682 2685 2888 2896 2684 2679 2686 2598 2882 2678 2604 2611 2897 2613 2599 2597 2675 2608 2679 2598 2614 2892 2894 2894 2681 2898 2676 2674 2892 2599 2617 2615 2600 2614 2894 2614 2676 2892 2682 2683 2595 2893 2683 2899 2680 2685 2682 2595 2898 2682 2895 2899 2683 2604 2679 2608 2886 2605 2603 2653 2652 2900 2615 2598 2599 2609 2604 2608 2619 2901 2596 2901 2600 2894 2617 2676 2614 2615 2616 2610 2902 2596 2594 2601 2617 2614 2898 2595 2596 2903 2595 2893 2681 2682 2898 2901 2898 2596 2594 2595 2903 2603 2604 2609 2891 2606 2607 2607 2612 2891 2610 2608 2615 2673 2603 2609 2904 2601 2602 2620 2602 2600 2616 2617 2601 2626 2627 2610 2630 2904 2602 2904 2616 2601 2905 2619 2596 2596 2906 2905 2894 2898 2901 2620 2901 2619 2906 2596 2902 2673 2607 2603 2613 2890 2612 2658 2907 2660 2627 2609 2610 2670 2607 2673 2633 2904 2630 2621 2630 2602 2626 2616 2904 2627 2628 2654 2631 2633 2630 2633 2626 2904 2908 2618 2619 2619 2909 2908 2600 2901 2620 2618 2621 2620 2905 2909 2619 2670 2612 2607 2653 2897 2611 2657 2910 2659 2654 2673 2627 2911 2612 2670 2656 2628 2632 2646 2622 2912 2628 2626 2633 2628 2656 2654 2635 2632 2631 2632 2628 2633 2913 2622 2618 2913 2618 2914 2602 2620 2621 2622 2629 2621 2908 2914 2618 2911 2611 2612 2660 2900 2652 2915 2655 2916 2911 2670 2655 2911 2917 2611 2916 2656 2634 2655 2915 2911 2635 2631 2918 2916 2655 2656 2649 2634 2635 2634 2656 2632 2629 2622 2646 2912 2622 2919 2630 2621 2629 2646 2918 2629 2913 2919 2622 2917 2652 2611 2659 2907 2658 2664 2915 2920 2917 2911 2915 2921 2652 2917 2920 2916 2922 2664 2917 2915 2634 2649 2922 2915 2916 2920 2922 2649 2643 2922 2916 2634 2918 2646 2647 2923 2646 2912 2631 2629 2918 2650 2918 2647 2648 2646 2923 2921 2658 2652 2625 2910 2657 2924 2663 2920 2921 2917 2664 2925 2658 2921 2642 2924 2643 2665 2921 2664 2924 2922 2643 2663 2664 2920 2643 2649 2645 2920 2922 2924 2651 2926 2644 2927 2647 2648 2635 2918 2650 2645 2650 2644 2651 2647 2927 2925 2657 2658 2624 2928 2623 2929 2925 2665 2925 2921 2665 2925 2929 2666 2930 2665 2663 2665 2930 2929 2931 2663 2924 2930 2663 2931 2637 2638 2672 2931 2924 2642 2645 2641 2643 2644 2932 2669 2649 2650 2645 2639 2641 2645 2926 2932 2644 2624 2625 2657 2661 2667 2928 2929 2933 2666 2657 2925 2666 2666 2933 2662 2930 2934 2929 2929 2934 2933 2931 2935 2930 2930 2935 2934 2642 2936 2931 2931 2936 2935 2641 2937 2642 2936 2642 2937 2640 2639 2938 2641 2637 2937 2669 2938 2639 2661 2928 2624 2502 2661 2498 2498 2662 2497 2662 2933 2497 2497 2933 2509 2509 2934 2778 2509 2933 2934 2778 2935 2779 2778 2934 2935 2779 2936 2785 2779 2935 2936 2785 2937 2787 2785 2936 2937 2787 2637 2672 2637 2787 2937 2640 2636 2637 2939 2941 2940 2942 2944 2943 2945 2947 2946 2948 2950 2949 2951 2953 2952 2954 2956 2955 2957 2959 2958 2960 2962 2961 2963 2965 2964 2966 2968 2967 2969 2971 2970 2972 2974 2973 2975 2977 2976 2978 2980 2979 2981 2983 2982 2984 2986 2985 2987 2989 2988 2990 2992 2991 2993 2995 2994 2996 2998 2997 2999 3001 3000 3002 3004 3003 3005 3007 3006 3008 3010 3009 3011 3013 3012 3014 3016 3015 3017 3019 3018 3020 3022 3021 3023 3025 3024 3026 3028 3027 3029 3031 3030 3032 3034 3033 3035 3037 3036 3038 3040 3039 3041 3043 3042 3044 3046 3045 3047 3049 3048 3050 3052 3051 3053 3055 3054 3056 3058 3057 3059 3061 3060 3062 3064 3063 3058 3063 3064 3065 3062 3066 3062 3065 3064 3066 3068 3067 3067 3065 3066 3069 3070 3068 3067 3068 3070 3071 3069 3072 3069 3071 3070 3072 3074 3073 3073 3071 3072 3075 3076 3074 3073 3074 3076 3077 3075 3078 3075 3077 3076 3078 3080 3079 3079 3077 3078 3081 3082 3080 3079 3080 3082 3083 3081 3084 3081 3083 3082 3084 3086 3085 3085 3083 3084 3087 3088 3086 3085 3086 3088 3089 3087 3090 3087 3089 3088 3090 3092 3091 3091 3089 3090 3093 3094 3092 3091 3092 3094 3095 3093 3096 3093 3095 3094 3096 3098 3097 3097 3095 3096 3099 3100 3098 3097 3098 3100 2941 3099 2940 3099 2941 3100 3056 3057 3061 3056 3063 3058 3059 3060 3050 3061 3057 3060 3051 3052 3053 3059 3050 3051 3055 3045 3054 3052 3055 3053 3044 3048 3046 3045 3046 3054 3040 3049 3047 3047 3048 3044 3043 3038 3039 3038 3049 3040 3041 3042 3032 3043 3039 3042 3033 3034 3035 3041 3032 3033 3037 3027 3036 3034 3037 3035 3026 3030 3028 3027 3028 3036 3022 3031 3029 3029 3030 3026 3025 3020 3021 3020 3031 3022 3023 3024 3014 3025 3021 3024 3015 3016 3017 3023 3014 3015 3019 3009 3018 3016 3019 3017 3008 3012 3010 3009 3010 3018 3004 3013 3011 3011 3012 3008 3007 3002 3003 3002 3013 3004 3005 3006 2996 3007 3003 3006 2997 2998 2999 3005 2996 2997 3001 2991 3000 2998 3001 2999 2990 2994 2992 2991 2992 3000 2986 2995 2993 2993 2994 2990 2989 2984 2985 2984 2995 2986 2987 2988 2978 2989 2985 2988 2979 2980 2981 2987 2978 2979 2983 2973 2982 2980 2983 2981 2972 2976 2974 2973 2974 2982 2968 2977 2975 2975 2976 2972 2971 2966 2967 2966 2977 2968 2969 2970 2960 2971 2967 2970 2961 2962 2963 2969 2960 2961 2965 2955 2964 2962 2965 2963 2954 2958 2956 2955 2956 2964 2950 2959 2957 2957 2958 2954 2953 2948 2949 2948 2959 2950 2951 2952 2942 2953 2949 2952 2943 2944 2946 2951 2942 2943 2945 2939 2947 2944 2945 2946 2940 2947 2939 3101 3103 3102 3102 3105 3104 3106 3108 3107 3109 3111 3110 3112 3109 3113 3103 3115 3114 3116 3112 3113 3117 3103 3101 3109 3114 3118 3113 3109 3118 3114 3109 3103 3119 3110 3120 3102 3121 3105 3119 3123 3122 3123 3119 3120 3124 3126 3125 3122 3128 3127 3129 3131 3130 3125 3129 3132 3131 3134 3133 3135 3137 3136 3134 3139 3138 3140 3142 3141 3139 3144 3143 3145 3147 3146 3148 3149 3144 3138 3143 3150 3151 3153 3152 3154 3156 3155 3157 3151 3149 3158 3160 3159 3161 3163 3162 3164 3166 3165 3167 3163 3168 3169 3166 3170 3171 3173 3172 3174 3176 3175 3177 3178 3175 3179 3171 3175 3180 3182 3181 3183 3177 3180 3184 3186 3185 3187 3185 3188 3189 3191 3190 3192 3194 3193 3195 3197 3196 3184 3193 3186 3198 3199 3197 3200 3202 3201 3201 3204 3203 3199 3205 3196 3206 3208 3207 3209 3199 3210 3211 3213 3212 3214 3216 3215 3213 3218 3217 3215 3219 3207 3220 3222 3221 3223 3225 3224 3226 3228 3227 3217 3230 3229 3231 3233 3232 3234 3235 3221 3236 3229 3237 3238 3220 3235 3239 3241 3240 3234 3243 3242 3244 3246 3245 3247 3246 3244 3245 3249 3248 3250 3252 3251 3253 3254 3251 3255 3256 3245 3257 3250 3258 3253 3260 3259 3252 3261 3253 3262 3263 3252 3264 3265 3238 3238 3266 3224 3267 3269 3268 3267 3268 3264 3270 3271 3227 3272 3274 3273 3275 3277 3276 3278 3272 3271 3111 3112 3279 3280 3281 3279 3282 3280 3112 3280 3282 3283 3116 3282 3112 3233 3246 3247 3259 3285 3284 3225 3207 3286 3220 3224 3286 3208 3222 3286 3287 3215 3225 3288 3212 3204 3219 3216 3210 3209 3216 3289 3290 3292 3291 3293 3206 3219 3205 3209 3294 3198 3293 3210 3295 3296 3196 3203 3298 3297 3299 3300 3295 3205 3301 3295 3200 3297 3190 3193 3296 3300 3194 3195 3296 3186 3300 3302 3186 3193 3300 3303 3305 3304 3185 3186 3306 3307 3184 3185 3307 3187 3181 3184 3308 3192 3307 3185 3187 3307 3309 3308 3310 3309 3181 3187 3311 3180 3171 3182 3177 3312 3314 3313 3315 3316 3314 3310 3182 3172 3315 3318 3317 3319 3321 3320 3179 3322 3173 3179 3176 3168 3167 3176 3323 3324 3318 3169 3325 3326 3163 3161 3322 3168 3327 3325 3328 3167 3329 3325 3162 3326 3330 3157 3326 3327 3164 3332 3331 3327 3333 3151 3148 3330 3157 3152 3143 3149 3152 3334 3150 3335 3336 3160 3138 3142 3133 3337 3335 3145 3130 3133 3140 3142 3150 3338 3135 3140 3339 3340 3147 3341 3342 3343 3341 3135 3132 3130 3344 3345 3342 3136 3124 3132 3346 3347 3124 3348 3350 3349 3136 3351 3346 3352 3343 3353 3354 3353 3345 3128 3355 3347 3126 3347 3356 3346 3357 3128 3122 3123 3358 3122 3358 3355 3356 3355 3359 3354 3361 3360 3355 3128 3122 3355 3358 3359 3362 3356 3363 3364 3360 3365 3231 3367 3366 3366 3362 3363 3367 3231 3364 3367 3362 3366 3232 3368 3231 3364 3231 3368 3109 3112 3111 3117 3115 3103 3121 3370 3369 3111 3120 3110 3371 3103 3110 3106 3370 3121 3127 3371 3119 3128 3347 3346 3122 3127 3119 3362 3367 3372 3367 3364 3365 3359 3363 3356 3347 3355 3356 3373 3360 3364 3362 3372 3126 3364 3368 3374 3372 3367 3365 3373 3364 3374 3103 3109 3110 3104 3101 3102 3375 3108 3376 3110 3119 3371 3377 3102 3371 3376 3108 3106 3357 3377 3127 3346 3124 3136 3127 3128 3357 3372 3365 3378 3365 3360 3361 3356 3362 3126 3124 3347 3126 3379 3354 3360 3372 3378 3125 3360 3373 3380 3378 3365 3361 3379 3360 3380 3103 3371 3102 3369 3105 3121 3381 3348 3382 3371 3127 3377 3383 3121 3377 3348 3381 3376 3351 3383 3357 3136 3132 3135 3357 3346 3351 3378 3361 3344 3361 3354 3345 3126 3372 3125 3132 3124 3125 3384 3353 3354 3378 3344 3129 3354 3379 3385 3344 3361 3345 3384 3354 3385 3102 3377 3121 3107 3370 3106 3348 3349 3386 3377 3357 3383 3387 3106 3383 3388 3390 3389 3137 3387 3351 3135 3130 3140 3351 3136 3137 3352 3392 3391 3345 3353 3343 3125 3378 3129 3130 3132 3129 3393 3352 3353 3344 3342 3131 3353 3384 3394 3342 3345 3343 3393 3353 3394 3106 3121 3383 3381 3375 3376 3395 3396 3350 3383 3351 3387 3387 3397 3376 3350 3398 3395 3397 3137 3339 3142 3140 3133 3137 3135 3339 3391 3400 3399 3343 3352 3340 3129 3344 3131 3130 3131 3133 3352 3391 3340 3342 3341 3134 3352 3393 3401 3341 3343 3340 3392 3352 3401 3376 3106 3387 3386 3382 3348 3398 3403 3402 3387 3137 3397 3404 3348 3397 3389 3403 3398 3141 3404 3339 3150 3142 3138 3339 3140 3141 3399 3406 3405 3340 3391 3146 3131 3342 3134 3133 3134 3138 3391 3399 3146 3341 3147 3139 3391 3392 3407 3147 3340 3146 3400 3391 3407 3348 3376 3397 3396 3349 3350 3408 3388 3409 3397 3339 3404 3410 3350 3404 3409 3388 3389 3338 3410 3141 3152 3150 3143 3338 3141 3142 3405 3412 3411 3146 3399 3337 3134 3341 3139 3143 3138 3139 3399 3405 3337 3147 3145 3144 3399 3400 3413 3145 3146 3337 3406 3399 3413 3350 3348 3404 3402 3395 3398 3414 3155 3415 3404 3141 3410 3416 3398 3410 3155 3414 3409 3334 3416 3338 3151 3152 3149 3334 3338 3150 3411 3418 3417 3337 3405 3336 3139 3147 3144 3149 3143 3144 3405 3411 3336 3145 3335 3148 3405 3406 3419 3335 3337 3336 3412 3405 3419 3350 3410 3398 3390 3403 3389 3156 3154 3420 3410 3338 3416 3421 3389 3416 3422 3424 3423 3153 3421 3334 3327 3151 3157 3334 3152 3153 3417 3426 3425 3336 3411 3159 3144 3145 3148 3157 3149 3148 3411 3417 3159 3330 3335 3160 3411 3412 3427 3160 3336 3159 3418 3411 3427 3389 3398 3416 3414 3408 3409 3154 3429 3428 3416 3334 3421 3421 3430 3409 3154 3431 3429 3333 3430 3153 3325 3327 3326 3153 3151 3333 3425 3432 3164 3433 3159 3417 3148 3335 3330 3326 3157 3330 3417 3425 3433 3162 3160 3158 3417 3418 3434 3158 3159 3433 3426 3417 3434 3409 3389 3421 3156 3415 3155 3435 3431 3436 3421 3153 3430 3430 3437 3155 3431 3423 3436 3328 3437 3333 3167 3325 3163 3327 3328 3333 3158 3433 3438 3165 3433 3425 3330 3160 3162 3163 3326 3162 3432 3439 3164 3161 3158 3438 3425 3426 3440 3165 3438 3433 3432 3425 3440 3155 3409 3430 3428 3420 3154 3441 3422 3442 3430 3333 3437 3443 3154 3437 3442 3422 3423 3329 3443 3328 3176 3167 3168 3328 3325 3329 3438 3165 3444 3169 3445 3166 3162 3158 3161 3168 3163 3161 3331 3170 3164 3322 3438 3444 3165 3166 3444 3439 3332 3164 3425 3164 3165 3154 3155 3437 3435 3429 3431 3446 3448 3447 3437 3328 3443 3449 3431 3443 3448 3446 3442 3323 3449 3329 3175 3176 3179 3329 3167 3323 3444 3166 3445 3318 3450 3169 3161 3438 3322 3179 3168 3322 3451 3324 3170 3444 3445 3173 3170 3452 3451 3331 3452 3170 3164 3170 3166 3154 3443 3431 3424 3436 3423 3453 3319 3454 3443 3329 3449 3455 3423 3449 3319 3453 3448 3174 3455 3323 3177 3175 3171 3323 3176 3174 3445 3169 3450 3315 3456 3318 3322 3444 3173 3171 3179 3173 3457 3317 3324 3445 3450 3172 3324 3458 3457 3451 3458 3324 3170 3324 3169 3423 3431 3449 3446 3441 3442 3319 3320 3459 3449 3323 3455 3460 3442 3455 3461 3463 3462 3178 3460 3174 3180 3177 3182 3175 3178 3174 3450 3318 3456 3314 3464 3315 3173 3445 3172 3182 3171 3172 3465 3316 3317 3450 3456 3310 3317 3466 3465 3457 3466 3317 3324 3317 3318 3442 3423 3455 3453 3447 3448 3467 3321 3468 3455 3174 3460 3460 3469 3448 3321 3470 3468 3469 3178 3183 3187 3180 3181 3177 3183 3178 3456 3315 3464 3312 3471 3314 3172 3450 3310 3181 3182 3310 3472 3313 3316 3456 3464 3309 3316 3473 3472 3465 3473 3316 3317 3316 3315 3448 3442 3460 3459 3454 3319 3470 3475 3474 3460 3178 3469 3476 3319 3469 3462 3475 3470 3311 3476 3183 3477 3479 3478 3180 3311 3183 3464 3314 3471 3478 3480 3312 3310 3456 3309 3307 3181 3309 3481 3477 3313 3464 3471 3308 3313 3482 3481 3472 3482 3313 3316 3313 3314 3319 3448 3469 3467 3320 3321 3483 3461 3484 3469 3183 3476 3485 3321 3476 3484 3461 3462 3188 3485 3311 3479 3487 3486 3311 3187 3188 3471 3312 3480 3312 3477 3478 3309 3464 3308 3184 3307 3308 3488 3479 3477 3471 3480 3192 3477 3489 3488 3481 3489 3477 3313 3477 3312 3319 3476 3321 3474 3468 3470 3490 3303 3491 3476 3311 3485 3492 3470 3485 3303 3490 3484 3188 3306 3492 3487 3191 3493 3188 3185 3306 3480 3478 3494 3478 3479 3486 3308 3471 3192 3193 3184 3192 3495 3487 3479 3480 3494 3194 3479 3488 3496 3494 3478 3486 3495 3479 3496 3321 3485 3470 3463 3475 3462 3303 3304 3497 3485 3188 3492 3498 3462 3492 3499 3501 3500 3302 3498 3306 3300 3296 3295 3186 3302 3306 3494 3486 3502 3486 3487 3493 3192 3480 3194 3296 3193 3194 3503 3191 3487 3494 3502 3195 3487 3495 3504 3502 3486 3493 3503 3487 3504 3462 3470 3492 3490 3483 3484 3505 3506 3305 3492 3306 3498 3498 3507 3484 3305 3508 3505 3507 3302 3299 3295 3196 3205 3300 3299 3302 3502 3493 3509 3493 3191 3189 3194 3494 3195 3196 3296 3195 3510 3190 3191 3502 3509 3197 3191 3503 3511 3509 3493 3189 3510 3191 3511 3484 3462 3498 3497 3491 3303 3508 3513 3512 3498 3302 3507 3514 3303 3507 3500 3513 3508 3301 3514 3299 3205 3199 3209 3295 3301 3299 3509 3189 3298 3189 3190 3297 3195 3502 3197 3199 3196 3197 3515 3200 3190 3509 3298 3198 3190 3510 3516 3298 3189 3297 3515 3190 3516 3303 3484 3507 3506 3304 3305 3517 3499 3518 3507 3299 3514 3519 3305 3514 3518 3499 3500 3294 3519 3301 3209 3210 3216 3294 3301 3205 3202 3521 3520 3297 3200 3201 3197 3509 3198 3210 3199 3198 3522 3202 3200 3298 3203 3293 3200 3515 3523 3203 3297 3201 3522 3200 3523 3305 3303 3514 3512 3505 3508 3524 3291 3525 3514 3301 3519 3526 3508 3519 3291 3524 3518 3289 3526 3294 3215 3216 3219 3289 3294 3209 3520 3528 3527 3201 3202 3288 3198 3298 3293 3210 3293 3219 3202 3520 3288 3203 3204 3206 3202 3522 3529 3204 3201 3288 3521 3202 3529 3305 3519 3508 3501 3513 3500 3291 3292 3530 3519 3294 3526 3531 3500 3526 3532 3534 3533 3214 3531 3289 3225 3215 3207 3289 3216 3214 3527 3536 3535 3288 3520 3211 3293 3203 3206 3219 3206 3207 3520 3527 3211 3204 3212 3208 3520 3521 3537 3212 3288 3211 3528 3520 3537 3500 3508 3526 3524 3517 3518 3290 3539 3538 3526 3289 3531 3531 3540 3518 3290 3541 3539 3540 3214 3287 3224 3225 3286 3214 3215 3287 3535 3543 3542 3211 3527 3218 3206 3204 3208 3286 3207 3208 3527 3535 3218 3212 3213 3222 3527 3528 3544 3213 3211 3218 3536 3527 3544 3518 3500 3531 3530 3525 3291 3541 3546 3545 3531 3214 3540 3540 3547 3291 3533 3546 3541 3223 3547 3287 3238 3224 3220 3287 3225 3223 3542 3549 3548 3218 3535 3230 3208 3212 3222 3220 3286 3222 3535 3542 3230 3221 3213 3217 3535 3536 3550 3217 3218 3230 3543 3535 3550 3291 3518 3540 3538 3292 3290 3551 3532 3273 3540 3287 3547 3552 3290 3547 3273 3532 3533 3266 3552 3223 3264 3238 3235 3266 3223 3224 3548 3553 3263 3237 3230 3542 3222 3213 3221 3235 3220 3221 3542 3548 3237 3234 3217 3229 3542 3543 3554 3229 3230 3237 3549 3542 3554 3290 3291 3547 3545 3539 3541 3274 3272 3555 3547 3223 3552 3552 3556 3541 3264 3235 3242 3556 3266 3265 3264 3242 3267 3265 3266 3238 3263 3558 3557 3262 3237 3548 3221 3217 3234 3242 3235 3234 3553 3559 3263 3243 3229 3236 3548 3549 3560 3262 3236 3237 3553 3548 3560 3290 3552 3541 3534 3546 3533 3278 3271 3561 3552 3266 3556 3562 3533 3556 3267 3242 3241 3265 3268 3562 3241 3243 3257 3265 3264 3268 3236 3262 3250 3253 3251 3252 3234 3229 3243 3241 3242 3243 3557 3261 3263 3257 3236 3250 3262 3252 3250 3559 3558 3263 3548 3263 3262 3533 3541 3556 3274 3551 3273 3271 3270 3563 3556 3265 3562 3562 3564 3273 3241 3239 3267 3564 3268 3269 3257 3240 3241 3269 3267 3239 3565 3284 3248 3259 3254 3253 3243 3236 3257 3240 3257 3258 3566 3260 3261 3250 3251 3258 3261 3567 3566 3557 3567 3261 3263 3261 3252 3273 3533 3562 3278 3555 3272 3269 3239 3568 3562 3268 3564 3564 3569 3272 3239 3240 3570 3569 3269 3568 3240 3258 3571 3568 3239 3570 3258 3251 3572 3240 3571 3570 3284 3573 3259 3258 3572 3571 3574 3285 3260 3251 3254 3572 3260 3575 3574 3566 3575 3260 3261 3260 3253 3272 3273 3564 3563 3561 3271 3568 3570 3276 3564 3269 3569 3271 3569 3576 3570 3571 3275 3576 3568 3276 3571 3572 3577 3276 3570 3275 3572 3254 3578 3275 3571 3577 3573 3254 3259 3578 3577 3572 3579 3255 3285 3254 3573 3578 3285 3580 3579 3574 3580 3285 3260 3285 3259 3271 3272 3569 3228 3270 3227 3581 3275 3577 3569 3568 3576 3227 3576 3281 3582 3577 3578 3281 3276 3277 3583 3578 3573 3277 3275 3581 3565 3573 3284 3581 3577 3582 3248 3284 3255 3582 3578 3583 3244 3245 3584 3565 3583 3573 3255 3585 3256 3579 3585 3255 3285 3255 3284 3271 3576 3227 3280 3283 3226 3279 3277 3586 3576 3276 3281 3279 3281 3277 3586 3581 3587 3586 3277 3581 3587 3582 3588 3587 3581 3582 3588 3583 3589 3588 3582 3583 3589 3565 3590 3589 3583 3565 3590 3248 3249 3590 3565 3248 3246 3249 3245 3256 3584 3245 3255 3245 3248 3226 3227 3280 3281 3280 3227 3586 3120 3111 3112 3280 3279 3587 3123 3120 3111 3279 3586 3588 3358 3123 3120 3586 3587 3589 3359 3358 3123 3587 3588 3590 3363 3359 3358 3588 3589 3249 3366 3363 3359 3589 3590 3246 3231 3366 3363 3590 3249 3233 3231 3246 3366 3249 3246</p>
        </triangles>
      </mesh>
    </geometry>
    <geometry id="ID10">
      <mesh>
        <source id="ID11">
          <float_array count="4602" id="ID12">-0.0236913 0.21658 -0.0184039 -0.0219202 0.21658 -0.0204808 -0.0250229 0.21658 -0.021514 -0.00137079 0.21658 0.0299685 -0.00142594 0.21658 0.032969 0.00135775 0.21658 0.0299685 -0.0230742 0.21658 -0.0235909 -0.0199672 0.21658 -0.0223897 -0.0162936 0.21658 -0.028697 -0.0186923 0.21658 -0.0271947 -0.0155831 0.21658 -0.0256351 -0.0252684 0.21658 -0.0161702 -0.0283381 0.21658 -0.0169101 -0.0266322 0.21658 -0.0138094 -0.0267741 0.21658 -0.0192898 -0.0277806 0.21658 -0.0113238 -0.0308157 0.21658 -0.0118064 -0.0286925 0.21658 -0.008758 -0.0296826 0.21658 -0.0144184 -0.0323825 0.21658 -0.00635375 -0.0298041 0.21658 -0.00341665 -0.0293723 0.21658 -0.00610472 -0.0317137 0.21658 -0.00912087 -0.0328073 0.21658 -0.00355368 -0.0299921 0.21658 -0.000685691 -0.0329922 0.21658 -0.000713294 -0.0329311 0.21658 0.00211856 -0.017847 0.21658 -0.024113 -0.0209681 0.21658 -0.0254821 -0.0137578 0.21658 -0.0299946 -0.0131837 0.21658 -0.026947 -0.010684 0.21658 -0.028033 -0.0326268 0.21658 0.00494824 -0.0299299 0.21658 0.00203811 -0.0320815 0.21658 0.0077282 -0.0296205 0.21658 0.00475607 -0.00841664 0.21658 -0.0319079 -0.0111376 0.21658 -0.0310637 -0.00808472 0.21658 -0.0288893 -0.0312971 0.21658 0.0104635 -0.0290656 0.21658 0.00742593 -0.00273685 0.21658 -0.0298744 -0.00565231 0.21658 -0.0325123 -0.00543175 0.21658 -0.0295042 0.00284676 0.21658 -0.0328763 0.00273685 0.21658 -0.0298744 0.00565336 0.21658 -0.0325121 -0.0290424 0.21658 0.0156696 -0.0275903 0.21658 0.0181031 -0.0259841 0.21658 0.0149936 -0.020972 0.21658 0.0214513 -0.0220497 0.21658 0.024552 -0.0189393 0.21658 0.0232652 0.00543651 0.21658 -0.0295029 0.00843609 0.21658 -0.0319029 -0.0150529 0.21658 0.0293659 -0.011954 0.21658 0.0275155 -0.0144126 0.21658 0.0263104 0.013776 0.21658 -0.0299864 0.0106923 0.21658 -0.0280293 0.0131982 0.21658 -0.0269405 -0.00409355 0.21658 0.0297186 -0.00677439 0.21658 0.029225 -0.00705194 0.21658 0.0322375 0.0178583 0.21658 -0.0241054 0.0199781 0.21658 -0.0223792 0.0209711 0.21658 -0.0254792 0.00424219 0.21658 0.032726 0.00141099 0.21658 0.032969 0.0267858 0.21658 -0.019274 0.0237013 0.21658 -0.0183903 0.0252724 0.21658 -0.0161649 0.0317193 0.21658 -0.00910244 0.0308177 0.21658 -0.0117997 0.0286979 0.21658 -0.0087405 0.0296914 0.21658 -0.014401 0.0277815 0.21658 -0.0113219 0.0328097 0.21658 -0.0035348 0.0299918 0.21658 -0.000678195 0.0329919 0.21658 -0.0007046 0.0150385 0.21658 0.0293739 0.0119485 0.21658 0.0275174 0.0124565 0.21658 0.0305578 0.0302767 0.21658 0.0131262 0.0282644 0.21658 0.0100538 0.027235 0.21658 0.0125796 0.0209694 0.21658 0.0214543 0.02407 0.21658 0.0225747 0.0228277 0.21658 0.0194641 0.0143968 0.21658 0.0263192 0.017507 0.21658 0.0279723 0.0167374 0.21658 0.0248969 0.0259756 0.21658 0.0150074 0.0245072 0.21658 0.0173029 0.0275809 0.21658 0.0181182 0.0312933 0.21658 0.0104731 0.0290625 0.21658 0.0074402 0.0259214 0.21658 0.0204213 0.0189251 0.21658 0.0232767 0.02204 0.21658 0.0245599 0.0296181 0.21658 0.00476701 0.0326248 0.21658 0.00495755 0.0299292 0.21658 0.0020547 0.0290366 0.21658 0.015679 0.0198475 0.21658 0.0263639 0.0320776 0.21658 0.00774625 0.0329303 0.21658 0.00213731 0.0293727 0.21658 -0.0061017 0.0323835 0.21658 -0.00634596 0.0298064 0.21658 -0.00339896 0.00978495 0.21658 0.0315157 0.00676473 0.21658 0.0292267 0.00703776 0.21658 0.03224 0.0093927 0.21658 0.0284913 0.0283408 0.21658 -0.0169047 0.0266403 0.21658 -0.0137933 0.00407828 0.21658 0.0297212 -0.00425747 0.21658 0.0327234 0.0219278 0.21658 -0.0204735 0.0230885 0.21658 -0.0235772 0.0250259 0.21658 -0.0215099 -0.00940891 0.21658 0.0284856 -0.0124695 0.21658 0.0305533 -0.00980005 0.21658 0.0315104 0.0162963 0.21658 -0.0286952 0.0155934 0.21658 -0.0256281 0.0187088 0.21658 -0.0271835 -0.0198607 0.21658 0.0263533 -0.0167383 0.21658 0.0248964 -0.0175185 0.21658 0.0279659 0.0111395 0.21658 -0.0310628 0.00810159 0.21658 -0.0288849 -0.0240814 0.21658 0.0225617 -0.0228394 0.21658 0.0194509 -0.0245116 0.21658 0.0172959 -0.0259292 0.21658 0.0204124 0 0.21658 -0.03 0 0.21658 -0.033 -0.00284676 0.21658 -0.0328763 -0.0302835 0.21658 0.0131094 -0.0282696 0.21658 0.0100407 -0.0272395 0.21658 0.0125686 -0.0149432 0.26179 -0.0236783 -0.0126577 0.26179 -0.0249755 0.0246759 0.26179 0.0132323 0.0102544 0.26179 -0.0260546 0.0126464 0.26179 -0.0249806 0.00776557 0.26179 -0.0269009 0.0240261 0.26179 -0.0143787 0.0252633 0.26179 -0.0120717 0.0225695 0.26179 -0.0165707 0.0190846 0.26179 -0.0204879 0.0209238 0.26179 -0.0186061 0.014931 0.26179 -0.0236865 0.0170845 0.26179 -0.0221831 0.0270714 0.26179 -0.00714848 0.0262849 0.26179 -0.00964875 0.0276226 0.26179 -0.0045804 0.00521856 0.26179 -0.0275094 0.0279298 0.26179 -0.00197339 0.00263004 0.26179 -0.0278757 0 0.26179 -0.028 0.0279921 0.26179 0.000648873 0.0273803 0.26179 0.00585591 -0.00778047 0.26179 -0.026897 -0.00522474 0.26179 -0.0275078 0.0278078 0.26179 0.00327226 -0.00263004 0.26179 -0.0278757 0.0217771 0.26179 0.0175996 -0.017091 0.26179 -0.0221787 0.0233305 0.26179 0.0154805 -0.0102646 0.26179 -0.0260499 0.0267099 0.26179 0.00840139 0.0258082 0.26179 0.0108583 0.0160329 0.26179 0.0229548 -0.0225796 0.26179 -0.016557 0.0181148 0.26179 0.0213503 -0.0209252 0.26179 -0.0186047 -0.0190966 0.26179 -0.0204764 0.0200337 0.26179 0.0195605 -0.0240282 0.26179 -0.0143745 0.013817 0.26179 0.0243529 -0.0252705 0.26179 -0.0120574 -0.0276244 0.26179 -0.00456663 -0.0270753 0.26179 -0.00713565 0.00650715 0.26179 0.0272333 -0.0262879 0.26179 -0.00963915 0.0114688 0.26179 0.0255434 0.00903428 0.26179 0.0265018 -0.0279914 0.26179 0.000665081 -0.00130539 0.26179 0.0279689 -0.0278077 0.26179 0.0032761 0.00393393 0.26179 0.0277215 0.00131726 0.26179 0.0279689 -0.027931 0.26179 -0.00196409 -0.0138022 0.26179 0.0243612 -0.025802 0.26179 0.0108735 -0.00901847 0.26179 0.0265074 -0.00391908 0.26179 0.0277241 -0.0273767 0.26179 0.0058726 -0.023323 0.26179 0.0154927 -0.0246714 0.26179 0.0132397 -0.0217686 0.26179 0.0176094 -0.0181026 0.26179 0.0213602 -0.0200267 0.26179 0.0195685 -0.0114679 0.26179 0.0255437 -0.0160286 0.26179 0.0229583 -0.0267088 0.26179 0.00840411 -0.00650007 0.26179 0.0272346 -0.0266403 0.24179 -0.0137933 -0.0131982 0.24179 -0.0269405 -0.0178583 0.24179 -0.0241054 -0.0093927 0.24179 0.0284913 0.0277806 0.24179 -0.0113238 -0.0119485 0.24179 0.0275174 -0.0155934 0.24179 -0.0256281 -0.00810159 0.24179 -0.0288849 -0.0106923 0.24179 -0.0280293 -0.0252724 0.24179 -0.0161649 -0.0219278 0.24179 -0.0204735 -0.0237013 0.24179 -0.0183903 -0.0199781 0.24179 -0.0223792 -0.0286979 0.24179 -0.0087405 -0.0277815 0.24179 -0.0113219 -0.0293727 0.24179 -0.0061017 -0.0298064 0.24179 -0.00339896 -0.00273685 0.24179 -0.0298744 -0.00543651 0.24179 -0.0295029 -0.0299918 0.24179 -0.000678195 0 0.24179 -0.03 -0.0296181 0.24179 0.00476701 0.00543175 0.24179 -0.0295042 0.00273685 0.24179 -0.0298744 -0.0299292 0.24179 0.0020547 0.0131837 0.24179 -0.026947 0.010684 0.24179 -0.028033 -0.027235 0.24179 0.0125796 0.00808472 0.24179 -0.0288893 -0.0290625 0.24179 0.0074402 -0.0282644 0.24179 0.0100538 0.017847 0.24179 -0.024113 -0.0228277 0.24179 0.0194641 0.0199672 0.24179 -0.0223897 -0.0259756 0.24179 0.0150074 -0.0245072 0.24179 0.0173029 0.0155831 0.24179 -0.0256351 -0.0167374 0.24179 0.0248969 0.0252684 0.24179 -0.0161702 0.0236913 0.24179 -0.0184039 -0.0189251 0.24179 0.0232767 0.0219202 0.24179 -0.0204808 -0.0209694 0.24179 0.0214543 0.0286925 0.24179 -0.008758 0.0266322 0.24179 -0.0138094 -0.0143968 0.24179 0.0263192 0.0298041 0.24179 -0.00341665 -0.00135775 0.24179 0.0299685 0.0299921 0.24179 -0.000685691 -0.00676473 0.24179 0.0292267 -0.00407828 0.24179 0.0297212 0.0293723 0.24179 -0.00610472 0.00409355 0.24179 0.0297186 0.00677439 0.24179 0.029225 0.0296205 0.24179 0.00475607 0.00137079 0.24179 0.0299685 0.0299299 0.24179 0.00203811 0.0259841 0.24179 0.0149936 0.0272395 0.24179 0.0125686 0.0282696 0.24179 0.0100407 0.011954 0.24179 0.0275155 0.0228394 0.24179 0.0194509 0.0189393 0.24179 0.0232652 0.0144126 0.24179 0.0263104 0.0245116 0.24179 0.0172959 0.020972 0.24179 0.0214513 0.0167383 0.24179 0.0248964 0.00940891 0.24179 0.0284856 0.0290656 0.24179 0.00742593 0.028197 0.258861 0.0208544 0.024267 0.258861 0.0253198 0.0272377 0.25988 0.0201449 -0.00263004 0.26179 -0.0278757 -7.24118e-18 0.261667 -0.0295643 0 0.26179 -0.028 0.0156015 0.253355 0.0345145 0.021005 0.25488 0.0310779 0.0212101 0.253355 0.0313814 0.00744957 0.261667 0.0286104 0.00250723 0.261667 0.0294578 0.00393393 0.26179 0.0277215 0.0255395 0.25633 0.0266474 0.0249722 0.257668 0.0260555 0.0290164 0.257668 0.0214604 0.0290557 0.2607 0.0146496 0.0302504 0.25988 0.0152519 0.0121776 0.261667 0.0269399 0.013817 0.26179 0.0243529 0.0165553 0.261667 0.0244943 0.0313159 0.258861 0.0157891 0.0323929 0.25988 0.00992021 0.0311136 0.2607 0.00952843 0.0206687 0.25633 0.0305803 0.0336035 0.25988 0.00430309 0.0322763 0.2607 0.00413315 0.0335338 0.258861 0.0102696 0.0181148 0.26179 0.0213503 0.0204567 0.261667 0.0213442 0.0296756 0.25633 0.0219479 0.0325106 0.2607 -0.00138103 0.0338473 0.25988 -0.00143782 0.034787 0.258861 0.00445465 0.0217771 0.26179 0.0175996 0.0237696 0.261667 0.0175799 0.0322258 0.257668 0.0162479 0.0329579 0.25633 0.0166171 0.0362166 0.253355 0.0110912 0.0355337 0.25179 0.0134653 0.0338212 0.253355 0.0170523 0.0350395 0.258861 -0.00148846 0.0342839 0.258861 -0.00738875 0.0331175 0.25988 -0.00713736 0.0318096 0.2607 -0.00685548 0.0233305 0.26179 0.0154805 0.0263988 0.261667 0.01331 0.0314349 0.25988 -0.0126316 0.0325421 0.258861 -0.0130765 0.0301934 0.2607 -0.0121327 0.0277087 0.2607 -0.0170609 0.028848 0.25988 -0.0177624 0.0273803 0.26179 0.00585591 0.0293249 0.261667 0.0037552 0.0282684 0.261667 0.00865711 0.029864 0.258861 -0.018388 0.0368768 0.25633 -0.00156651 0.0360816 0.25633 -0.00777619 0.0374768 0.25488 -0.00159199 0.0244268 0.2607 -0.0214983 0.0254312 0.25988 -0.0223822 0.0366686 0.25488 -0.0079027 0.0370267 0.253355 -0.00797987 0.0378428 0.253355 -0.00160754 0.0263269 0.258861 -0.0231706 0.0295377 0.261667 -0.00125475 0.0279921 0.26179 0.000648873 0.0351455 0.253355 -0.0141226 0.0348056 0.25488 -0.0139861 0.0204422 0.2607 -0.0253172 0.0212827 0.25988 -0.0263582 0.0276226 0.26179 -0.0045804 0.0289008 0.261667 -0.00622859 0.0220323 0.258861 -0.0272865 0.0319413 0.25488 -0.0196671 0.0322533 0.253355 -0.0198591 0.0158695 0.2607 -0.0284078 0.0165221 0.25988 -0.0295758 0.0262849 0.26179 -0.00964875 0.0274324 0.261667 -0.0110233 0.0277074 0.25633 -0.0243855 0.0270919 0.257668 -0.0238439 0.0226726 0.257668 -0.0280794 0.0108403 0.2607 -0.0306811 0.0112861 0.25988 -0.0319427 0.017104 0.258861 -0.0306175 0.0225695 0.26179 -0.0165707 0.0221931 0.261667 -0.0195324 0.0251749 0.261667 -0.0155008 0.017601 0.257668 -0.0315072 0.0231876 0.25633 -0.0287174 0.0116836 0.258861 -0.0330677 0.00572538 0.25988 -0.0333905 0.00592704 0.258861 -0.0345666 0.00549927 0.2607 -0.0320719 0.0190846 0.26179 -0.0204879 0.0185729 0.261667 -0.0230021 0.00263004 0.26179 -0.0278757 0.00521856 0.26179 -0.0275094 0.0049964 0.261667 -0.0291391 -7.96998e-18 0.2607 -0.0325399 -8.29768e-18 0.25988 -0.0338779 0.00525426 0.261301 -0.030643 -7.6149e-18 0.261301 -0.0310902 0.00776557 0.26179 -0.0269009 0.0144184 0.261667 -0.0258101 0.0126464 0.26179 -0.0249806 0.0102544 0.26179 -0.0260546 0.00984906 0.261667 -0.0278756 0.014931 0.26179 -0.0236865 0.0170845 0.26179 -0.0221831 -8.58993e-18 0.258861 -0.0350711 0.0180009 0.25633 -0.032223 -8.83954e-18 0.257668 -0.0360902 0.00609927 0.257668 -0.035571 0.0148854 0.25179 -0.0349627 0.0184724 0.253355 -0.0330671 0.0126183 0.253355 -0.0357133 -9.04036e-18 0.25633 -0.0369101 0.00633932 0.25488 -0.036971 0.00623783 0.25633 -0.0363791 0.00640122 0.253355 -0.0373321 0.00908343 0.25179 -0.0368978 -9.18744e-18 0.25488 -0.0375106 0.0122962 0.25633 -0.0348017 0.00306938 0.25179 -0.037875 -9.27716e-18 0.253355 -0.0378769 -7.68089e-17 0.25179 -0.038 0.0234414 0.25988 0.0244583 0.026162 0.2607 0.0193493 0.0154506 0.25488 0.0341807 0.00954414 0.253355 0.0366547 0.0196389 0.258861 0.0290567 -0.00250723 0.261667 0.0294578 0.00131726 0.26179 0.0279689 0.0189707 0.25988 0.0280681 0.0225156 0.2607 0.0234924 0.00321218 0.253355 0.0377404 0.00945184 0.25488 0.0363002 0.0144458 0.258861 0.0319578 -0.00391908 0.26179 0.0277241 -0.00744957 0.261667 0.0286104 0.0182215 0.2607 0.0269596 0.0139543 0.25988 0.0308705 0.00883714 0.258861 0.0339394 0.00930053 0.25633 0.0357191 0.00318112 0.25488 0.0373754 0.00313019 0.25633 0.0367771 -0.00287304 0.25988 0.0337558 -0.00275958 0.2607 0.0324227 0.00275958 0.2607 0.0324227 0.0134032 0.2607 0.0296513 0.00853647 0.25988 0.0327847 0.00297423 0.258861 0.0349447 -0.0121776 0.261667 0.0269399 -0.00901847 0.26179 0.0265074 -0.0120234 0.25179 0.0360472 -0.0156015 0.253355 0.0345145 -0.00954414 0.253355 0.0366547 0.00287304 0.25988 0.0337558 0.00819934 0.2607 0.0314899 -0.00297423 0.258861 0.0349447 -0.0138022 0.26179 0.0243612 -0.0165553 0.261667 0.0244943 -0.0212101 0.253355 0.0313814 -0.0176509 0.25179 0.0336513 -0.0204567 0.261667 0.0213442 -0.0237696 0.261667 0.0175799 -0.0200267 0.26179 0.0195685 -0.00883714 0.258861 0.0339394 -0.00853647 0.25988 0.0327847 -0.0206687 0.25633 0.0305803 -0.0255395 0.25633 0.0266474 -0.0202096 0.257668 0.0299011 -0.023323 0.26179 0.0154927 -0.0263988 0.261667 0.01331 -0.0144458 0.258861 0.0319578 -0.00819934 0.2607 0.0314899 -0.0139543 0.25988 0.0308705 -0.0296756 0.25633 0.0219479 -0.0249722 0.257668 0.0260555 -0.025802 0.26179 0.0108735 -0.0282684 0.261667 0.00865711 -0.0196389 0.258861 0.0290567 -0.0134032 0.2607 0.0296513 -0.0189707 0.25988 0.0280681 -0.024267 0.258861 0.0253198 -0.0301584 0.25488 0.022305 -0.0304529 0.253355 0.0225229 -0.0338212 0.253355 0.0170523 -0.0182215 0.2607 0.0269596 -0.0234414 0.25988 0.0244583 -0.0334942 0.25488 0.0168874 -0.0362166 0.253355 0.0110912 -0.028197 0.258861 0.0208544 -0.0273767 0.26179 0.0058726 -0.0293249 0.261667 0.0037552 -0.0272377 0.25988 0.0201449 -0.0225156 0.2607 0.0234924 -0.0375701 0.253355 0.00481104 -0.0358664 0.25488 0.0109839 -0.0313159 0.258861 0.0157891 -0.0289008 0.261667 -0.00622859 -0.027931 0.26179 -0.00196409 -0.0295377 0.261667 -0.00125475 -0.026162 0.2607 0.0193493 -0.0302504 0.25988 0.0152519 -0.0366111 0.25633 0.00468824 -0.0352922 0.25633 0.0108081 -0.0372067 0.25488 0.00476451 -0.0335338 0.258861 0.0102696 -0.0274324 0.261667 -0.0110233 -0.0270753 0.26179 -0.00713565 -0.0323929 0.25988 0.00992021 -0.0290557 0.2607 0.0146496 -0.0338473 0.25988 -0.00143782 -0.0325106 0.2607 -0.00138103 -0.0322763 0.2607 0.00413315 -0.0251749 0.261667 -0.0155008 -0.0252705 0.26179 -0.0120574 -0.034787 0.258861 0.00445465 -0.0336035 0.25988 0.00430309 -0.0311136 0.2607 0.00952843 -0.0365021 0.25179 -0.010562 -0.0351455 0.253355 -0.0141226 -0.0370267 0.253355 -0.00797987 -0.0350395 0.258861 -0.00148846 -0.0331175 0.25988 -0.00713736 -0.0343349 0.25179 -0.0162814 -0.0322533 0.253355 -0.0198591 -0.0225796 0.26179 -0.016557 -0.0221931 0.261667 -0.0195324 -0.028848 0.25988 -0.0177624 -0.0277087 0.2607 -0.0170609 -0.0301934 0.2607 -0.0121327 -0.0307318 0.257668 -0.0189223 -0.0334877 0.257668 -0.0134565 -0.03143 0.25633 -0.0193522 -0.0314349 0.25988 -0.0126316 -0.0318096 0.2607 -0.00685548 -0.0185729 0.261667 -0.0230021 -0.0190966 0.26179 -0.0204764 -0.0212827 0.25988 -0.0263582 -0.0204422 0.2607 -0.0253172 -0.0244268 0.2607 -0.0214983 -0.0342839 0.258861 -0.00738875 -0.0144184 0.261667 -0.0258101 -0.0149432 0.26179 -0.0236783 -0.00525426 0.261301 -0.030643 -0.0049964 0.261667 -0.0291391 -0.00984906 0.261667 -0.0278756 -0.0103574 0.261301 -0.0293142 -0.0277074 0.25633 -0.0243855 -0.0108403 0.2607 -0.0306811 -0.00549927 0.2607 -0.0320719 -0.0231876 0.25633 -0.0287174 -0.0270919 0.257668 -0.0238439 -0.00522474 0.26179 -0.0275078 -0.029864 0.258861 -0.018388 -0.0325421 0.258861 -0.0130765 -0.023795 0.253355 -0.0294696 -0.0184724 0.253355 -0.0330671 -0.0235649 0.25488 -0.0291846 -0.0281581 0.25488 -0.0247823 -0.0284331 0.253355 -0.0250243 -0.00306938 0.25179 -0.037875 -0.00640122 0.253355 -0.0373321 -0.00609719 0.25179 -0.0375076 -0.0126183 0.253355 -0.0357133 -0.0182937 0.25488 -0.0327473 -0.0180009 0.25633 -0.032223 -0.0124963 0.25488 -0.0353679 -0.0122962 0.25633 -0.0348017 -0.00910533 0.25179 -0.0368921 0.0209238 0.26179 -0.0186061 0.0103574 0.261301 -0.0293142 0.0120231 0.257668 -0.0340286 0.0124963 0.25488 -0.0353679 0.00609719 0.25179 -0.0375076 0.0252633 0.26179 -0.0120717 0.0240261 0.26179 -0.0143787 0.0151625 0.261301 -0.0271422 0.0182937 0.25488 -0.0327473 0.0176526 0.25179 -0.0336501 0.0120281 0.25179 -0.0360455 0.0270714 0.26179 -0.00714848 0.0195315 0.261301 -0.0241893 0.023795 0.253355 -0.0294696 0.0284331 0.253355 -0.0250243 0.0235649 0.25488 -0.0291846 0.0228205 0.25179 -0.0303835 0.020302 0.25179 -0.0321217 0.0279298 0.26179 -0.00197339 0.0233385 0.261301 -0.0205405 0.0281581 0.25488 -0.0247823 0.03143 0.25633 -0.0193522 0.0273979 0.25179 -0.0263302 0.0251927 0.25179 -0.0284483 0.0264742 0.261301 -0.0163008 0.0307318 0.257668 -0.0189223 0.0342484 0.25633 -0.0137622 0.0312663 0.25179 -0.0215951 0.0294308 0.25179 -0.0240378 0.0278078 0.26179 0.00327226 0.0288482 0.261301 -0.0115922 0.0334877 0.257668 -0.0134565 0.0343253 0.25179 -0.0163004 0.0329064 0.25179 -0.0190043 0.0258082 0.26179 0.0108583 0.0267099 0.26179 0.00840139 0.0303924 0.261301 -0.00655005 0.0352801 0.257668 -0.00760345 0.0364955 0.25179 -0.0105834 0.0355293 0.25179 -0.0134783 0.0246759 0.26179 0.0132323 0.0310622 0.261301 -0.0013195 0.0372067 0.25488 0.00476451 0.0366111 0.25633 0.00468824 0.0360577 0.257668 -0.00153171 0.0375701 0.253355 0.00481104 0.0379689 0.25179 0.0015186 0.0377207 0.25179 -0.00459202 0.0372316 0.25179 -0.00760291 0.0200337 0.26179 0.0195605 0.0308384 0.261301 0.00394901 0.0357979 0.257668 0.00458409 0.0372336 0.25179 0.00759016 0.0352922 0.25633 0.0108081 0.0379692 0.25179 -0.0015305 0.0297274 0.261301 0.00910391 0.0345082 0.257668 0.010568 0.0358664 0.25488 0.0109839 0.0377229 0.25179 0.00457815 0.0160329 0.26179 0.0229548 0.0277612 0.261301 0.0139969 0.0334942 0.25488 0.0168874 0.0343334 0.25179 0.0162837 0.0365005 0.25179 0.0105675 0.00903428 0.26179 0.0265018 0.0114688 0.26179 0.0255434 0.0249964 0.261301 0.0184872 0.0301584 0.25488 0.022305 0.0304529 0.253355 0.0225229 0.0329132 0.25179 0.0189919 0.0312776 0.25179 0.0215788 0.00650715 0.26179 0.0272333 0.0215125 0.261301 0.0224457 0.0262085 0.253355 0.0273454 0.025955 0.25488 0.027081 0.0274119 0.25179 0.0263157 0.0294398 0.25179 0.0240265 -0.00130539 0.26179 0.0279689 0.0174097 0.261301 0.0257585 0.0202096 0.257668 0.0299011 0.0152033 0.25633 0.0336335 0.0228364 0.25179 0.0303715 0.0252036 0.25179 0.0284388 0.0128061 0.261301 0.0283302 0.0148656 0.257668 0.0328864 0.0176693 0.25179 0.0336411 0.0203142 0.25179 0.0321142 -0.00650007 0.26179 0.0272346 0.00783404 0.261301 0.030087 0.00909393 0.257668 0.0349256 0.0120443 0.25179 0.0360398 0.0148983 0.25179 0.0349576 -0.0114679 0.26179 0.0255437 0.00263663 0.261301 0.0309782 -0.00318112 0.25488 0.0373754 -0.00313019 0.25633 0.0367771 0.00306066 0.257668 0.0359602 -0.00321218 0.253355 0.0377404 1.15886e-05 0.25179 0.0379993 0.00610719 0.25179 0.0375052 0.00909629 0.25179 0.0368952 -0.0181026 0.26179 0.0213602 -0.0160286 0.26179 0.0229583 -0.00263663 0.261301 0.0309782 -0.00306066 0.257668 0.0359602 -0.00608459 0.25179 0.0375091 -0.00930053 0.25633 0.0357191 0.00305852 0.25179 0.0378767 -0.0217686 0.26179 0.0176094 -0.00783404 0.261301 0.030087 -0.00909393 0.257668 0.0349256 -0.00945184 0.25488 0.0363002 -0.0152033 0.25633 0.0336335 -0.0030562 0.25179 0.0378767 -0.0246714 0.26179 0.0132397 -0.0128061 0.261301 0.0283302 -0.0148656 0.257668 0.0328864 -0.0154506 0.25488 0.0341807 -0.0090898 0.25179 0.0368963 -0.0174097 0.261301 0.0257585 -0.021005 0.25488 0.0310779 -0.0203023 0.25179 0.0321209 -0.0148885 0.25179 0.0349611 -0.0267088 0.26179 0.00840411 -0.0215125 0.261301 0.0224457 -0.0262085 0.253355 0.0273454 -0.025955 0.25488 0.027081 -0.0251908 0.25179 0.0284491 -0.0228214 0.25179 0.0303836 -0.0279914 0.26179 0.000665081 -0.0278077 0.26179 0.0032761 -0.0249964 0.261301 0.0184872 -0.0290164 0.257668 0.0214604 -0.0329579 0.25633 0.0166171 -0.0294274 0.25179 0.0240406 -0.0274006 0.25179 0.0263285 -0.0276244 0.26179 -0.00456663 -0.0277612 0.261301 0.0139969 -0.0322258 0.257668 0.0162479 -0.0329024 0.25179 0.0190094 -0.03127 0.25179 0.0215911 -0.0262879 0.26179 -0.00963915 -0.0297274 0.261301 0.00910391 -0.0345082 0.257668 0.010568 -0.0355256 0.25179 0.0134857 -0.0343292 0.25179 0.0162942 -0.0308384 0.261301 0.00394901 -0.0374768 0.25488 -0.00159199 -0.0368768 0.25633 -0.00156651 -0.0357979 0.257668 0.00458409 -0.0378428 0.253355 -0.00160754 -0.037968 0.25179 0.00154174 -0.0372288 0.25179 0.00761244 -0.0364989 0.25179 0.0105749 -0.0240282 0.26179 -0.0143745 -0.0310622 0.261301 -0.0013195 -0.0360577 0.257668 -0.00153171 -0.0377236 0.25179 -0.00456917 -0.0360816 0.25633 -0.00777619 -0.0377228 0.25179 0.00458157 -0.0209252 0.26179 -0.0186047 -0.0303924 0.261301 -0.00655005 -0.0352801 0.257668 -0.00760345 -0.0366686 0.25488 -0.0079027 -0.0342484 0.25633 -0.0137622 -0.0379691 0.25179 -0.00152933 -0.017091 0.26179 -0.0221787 -0.0288482 0.261301 -0.0115922 -0.0348056 0.25488 -0.0139861 -0.0372323 0.25179 -0.00759739 -0.0102646 0.26179 -0.0260499 -0.0126577 0.26179 -0.0249755 -0.0264742 0.261301 -0.0163008 -0.0319413 0.25488 -0.0196671 -0.0329122 0.25179 -0.0189928 -0.0355321 0.25179 -0.0134692 -0.0254312 0.25988 -0.0223822 -0.0233385 0.261301 -0.0205405 -0.0263269 0.258861 -0.0231706 -0.0294402 0.25179 -0.0240251 -0.031278 0.25179 -0.0215792 -0.0220323 0.258861 -0.0272865 -0.0195315 0.261301 -0.0241893 -0.0226726 0.257668 -0.0280794 -0.0149052 0.25179 -0.0349538 -0.0252059 0.25179 -0.0284357 -0.0274107 0.25179 -0.026318 -0.0165221 0.25988 -0.0295758 -0.0158695 0.2607 -0.0284078 -0.0151625 0.261301 -0.0271422 -0.017104 0.258861 -0.0306175 -0.017601 0.257668 -0.0315072 -0.0203187 0.25179 -0.0321104 -0.022833 0.25179 -0.030375 -0.00778047 0.26179 -0.026897 -0.0112861 0.25988 -0.0319427 -0.0116836 0.258861 -0.0330677 -0.0120231 0.257668 -0.0340286 -0.0176636 0.25179 -0.0336451 -0.00572538 0.25988 -0.0333905 -0.00592704 0.258861 -0.0345666 -0.00609927 0.257668 -0.035571 -0.00623783 0.25633 -0.0363791 -0.00633932 0.25488 -0.036971 -0.0120364 0.25179 -0.0360433 1.15886e-05 0.22158 0.0379993 1.15886e-05 0.25179 0.0379993 0.00305852 0.22158 0.0378767 0.00305852 0.25179 0.0378767 0.00610719 0.22158 0.0375052 0.00909629 0.22158 0.0368952 0.00610719 0.25179 0.0375052 0.00909629 0.25179 0.0368952 0.0120443 0.22158 0.0360398 0.0120443 0.25179 0.0360398 0.0148983 0.22158 0.0349576 0.0176693 0.22158 0.0336411 0.0148983 0.25179 0.0349576 0.0176693 0.25179 0.0336411 0.0203142 0.22158 0.0321142 0.0203142 0.25179 0.0321142 0.0228364 0.22158 0.0303715 0.0252036 0.22158 0.0284388 0.0228364 0.25179 0.0303715 0.0252036 0.25179 0.0284388 0.0274119 0.22158 0.0263157 0.0274119 0.25179 0.0263157 0.0294398 0.22158 0.0240265 0.0312776 0.22158 0.0215788 0.0294398 0.25179 0.0240265 0.0312776 0.25179 0.0215788 0.0329132 0.22158 0.0189919 0.0329132 0.25179 0.0189919 0.0343334 0.22158 0.0162837 0.0355337 0.22158 0.0134653 0.0343334 0.25179 0.0162837 0.0355337 0.25179 0.0134653 0.0365005 0.22158 0.0105675 0.0365005 0.25179 0.0105675 0.0372336 0.22158 0.00759016 0.0377229 0.22158 0.00457815 0.0372336 0.25179 0.00759016 0.0377229 0.25179 0.00457815 0.0379689 0.22158 0.0015186 0.0379689 0.25179 0.0015186 0.0379692 0.22158 -0.0015305 0.0377207 0.22158 -0.00459202 0.0379692 0.25179 -0.0015305 0.0377207 0.25179 -0.00459202 0.0372316 0.22158 -0.00760291 0.0372316 0.25179 -0.00760291 0.0364955 0.22158 -0.0105834 0.0355293 0.22158 -0.0134783 0.0364955 0.25179 -0.0105834 0.0355293 0.25179 -0.0134783 0.0343253 0.22158 -0.0163004 0.0343253 0.25179 -0.0163004 0.0329064 0.22158 -0.0190043 0.0312663 0.22158 -0.0215951 0.0329064 0.25179 -0.0190043 0.0312663 0.25179 -0.0215951 0.0294308 0.22158 -0.0240378 0.0294308 0.25179 -0.0240378 0.0273979 0.22158 -0.0263302 0.0251927 0.22158 -0.0284483 0.0273979 0.25179 -0.0263302 0.0251927 0.25179 -0.0284483 0.0228205 0.22158 -0.0303835 0.0228205 0.25179 -0.0303835 0.020302 0.22158 -0.0321217 0.0176526 0.22158 -0.0336501 0.020302 0.25179 -0.0321217 0.0176526 0.25179 -0.0336501 0.0148854 0.22158 -0.0349627 0.0148854 0.25179 -0.0349627 0.0120281 0.22158 -0.0360455 0.00908343 0.22158 -0.0368978 0.0120281 0.25179 -0.0360455 0.00908343 0.25179 -0.0368978 0.00609719 0.22158 -0.0375076 0.00609719 0.25179 -0.0375076 0.00306938 0.22158 -0.037875 -4.30581e-17 0.22158 -0.038 0.00306938 0.25179 -0.037875 -7.68089e-17 0.25179 -0.038 -0.0030562 0.25179 0.0378767 -0.0030562 0.22158 0.0378767 -0.00608459 0.25179 0.0375091 -0.00608459 0.22158 0.0375091 -0.0090898 0.25179 0.0368963 -0.0120234 0.25179 0.0360472 -0.0090898 0.22158 0.0368963 -0.0120234 0.22158 0.0360472 -0.0148885 0.25179 0.0349611 -0.0148885 0.22158 0.0349611 -0.0176509 0.25179 0.0336513 -0.0203023 0.25179 0.0321209 -0.0176509 0.22158 0.0336513 -0.0203023 0.22158 0.0321209 -0.0228214 0.25179 0.0303836 -0.0228214 0.22158 0.0303836 -0.0251908 0.25179 0.0284491 -0.0274006 0.25179 0.0263285 -0.0251908 0.22158 0.0284491 -0.0274006 0.22158 0.0263285 -0.0294274 0.25179 0.0240406 -0.0294274 0.22158 0.0240406 -0.03127 0.25179 0.0215911 -0.0329024 0.25179 0.0190094 -0.03127 0.22158 0.0215911 -0.0329024 0.22158 0.0190094 -0.0343292 0.25179 0.0162942 -0.0343292 0.22158 0.0162942 -0.0355256 0.25179 0.0134857 -0.0364989 0.25179 0.0105749 -0.0355256 0.22158 0.0134857 -0.0364989 0.22158 0.0105749 -0.0372288 0.25179 0.00761244 -0.0372288 0.22158 0.00761244 -0.0377228 0.25179 0.00458157 -0.037968 0.25179 0.00154174 -0.0377228 0.22158 0.00458157 -0.037968 0.22158 0.00154174 -0.0379691 0.25179 -0.00152933 -0.0379691 0.22158 -0.00152933 -0.0377236 0.25179 -0.00456917 -0.0372323 0.25179 -0.00759739 -0.0377236 0.22158 -0.00456917 -0.0372323 0.22158 -0.00759739 -0.0365021 0.25179 -0.010562 -0.0365021 0.22158 -0.010562 -0.0355321 0.25179 -0.0134692 -0.0343349 0.25179 -0.0162814 -0.0355321 0.22158 -0.0134692 -0.0343349 0.22158 -0.0162814 -0.0329122 0.25179 -0.0189928 -0.0329122 0.22158 -0.0189928 -0.031278 0.25179 -0.0215792 -0.0294402 0.25179 -0.0240251 -0.031278 0.22158 -0.0215792 -0.0294402 0.22158 -0.0240251 -0.0274107 0.25179 -0.026318 -0.0274107 0.22158 -0.026318 -0.0252059 0.25179 -0.0284357 -0.022833 0.25179 -0.030375 -0.0252059 0.22158 -0.0284357 -0.022833 0.22158 -0.030375 -0.0203187 0.25179 -0.0321104 -0.0203187 0.22158 -0.0321104 -0.0176636 0.25179 -0.0336451 -0.0149052 0.25179 -0.0349538 -0.0176636 0.22158 -0.0336451 -0.0149052 0.22158 -0.0349538 -0.0120364 0.25179 -0.0360433 -0.0120364 0.22158 -0.0360433 -0.00910533 0.25179 -0.0368921 -0.00609719 0.25179 -0.0375076 -0.00910533 0.22158 -0.0368921 -0.00609719 0.22158 -0.0375076 -0.00306938 0.25179 -0.037875 -0.00306938 0.22158 -0.037875 0.0293745 0.218045 0.0217252 0.0320908 0.217535 0.0161798 0.0288948 0.217535 0.0213705 0.0330785 0.218641 0.0166778 0.0334446 0.21931 0.0168624 0.0354213 0.218641 0.0108476 0.0283569 0.217125 0.0209727 0.0314935 0.217125 0.0158787 0.0308462 0.216825 0.0155523 0.0326235 0.218045 0.0164484 0.0343636 0.217535 0.0105237 0.0362396 0.218045 0.00464066 0.0349341 0.218045 0.0106984 0.036745 0.218641 0.00470539 0.0358133 0.21931 0.0109677 0.0330309 0.216825 0.0101156 0.033724 0.217125 0.0103278 0.0356478 0.217535 0.00456488 0.0365026 0.218045 -0.00155061 0.00610719 0.22158 0.0375052 0.00909629 0.22158 0.0368952 0.00955966 0.220798 0.0367143 0.0349843 0.217125 0.00447991 0.0342653 0.216825 0.00438784 0.0357155 0.218045 -0.00769728 0.0370117 0.218641 -0.00157224 0.0359065 0.217535 -0.00152529 0.034514 0.216825 -0.00146614 0.0352382 0.217125 -0.0014969 0.0371517 0.21931 0.00475746 0.0362136 0.218641 -0.00780463 0.0339009 0.218045 -0.0136225 0.0351323 0.217535 -0.00757159 0.0333473 0.217535 -0.0134001 0.0374213 0.21931 -0.00158964 0.0343737 0.218641 -0.0138125 0.0311111 0.218045 -0.0191558 0.0337697 0.216825 -0.00727793 0.0330239 0.216642 -0.0071172 0.030603 0.217535 -0.018843 0.0366144 0.21931 -0.007891 0.0274262 0.218045 -0.0241381 0.031545 0.218641 -0.019423 0.032054 0.216825 -0.0128804 0.0313461 0.216642 -0.0125959 0.0269784 0.217535 -0.0237439 0.0347541 0.21931 -0.0139654 0.0278087 0.218641 -0.0244748 0.0229524 0.218045 -0.028426 0.0287665 0.216642 -0.0177122 0.0294161 0.216825 -0.0181122 0.0225776 0.217535 -0.0279618 0.0318941 0.21931 -0.0196379 0.0232725 0.218641 -0.0288224 0.0178182 0.218045 -0.031896 0.025932 0.216825 -0.0228231 0.0253593 0.216642 -0.022319 0.0175272 0.217535 -0.0313752 0.0281165 0.21931 -0.0247456 0.0121714 0.218045 -0.0344485 0.0180667 0.218641 -0.0323409 0.02353 0.21931 -0.0291414 0.0119727 0.217535 -0.033886 0.0212226 0.216642 -0.0262837 0.0217019 0.216825 -0.0268773 0.0123412 0.218641 -0.034929 0.00617454 0.218045 -0.03601 0.0182666 0.21931 -0.0326988 0.0124778 0.21931 -0.0353155 0.00626065 0.218641 -0.0365122 0.0168475 0.216825 -0.0301583 0.0164754 0.216642 -0.0294923 0.0112542 0.216642 -0.0318524 0.0115083 0.216825 -0.0325718 0.00607371 0.217535 -0.035422 0.0377207 0.22158 -0.00459202 0.0372316 0.22158 -0.00760291 0.0370869 0.220798 -0.00799284 -9.29224e-18 0.220798 -0.0379384 0.00306938 0.22158 -0.037875 -4.30581e-17 0.22158 -0.038 0.00609719 0.22158 -0.0375076 0.00641163 0.220798 -0.0373927 -9.07343e-18 0.218641 -0.0370451 0.00632993 0.21931 -0.0369163 -9.17384e-18 0.21931 -0.037455 0.0126388 0.220798 -0.0357713 0.0185024 0.220798 -0.0331208 0.0148854 0.22158 -0.0349627 0.0238337 0.220798 -0.0295175 0.0228205 0.22158 -0.0303835 0.00908343 0.22158 -0.0368978 0.0120281 0.22158 -0.0360455 -9.24738e-18 0.220035 -0.0377553 0.020302 0.22158 -0.0321217 0.00638067 0.220035 -0.0372122 -8.94863e-18 0.218045 -0.0365355 -4.07227e-17 0.217535 -0.0359389 0.00583815 0.216825 -0.0340482 0.00570921 0.216642 -0.0332962 -3.99647e-17 0.217125 -0.0352699 0.00596065 0.217125 -0.0347626 -3.91433e-17 0.216825 -0.0345451 -3.82788e-17 0.216642 -0.0337822 0.0117498 0.217125 -0.0332552 0.00284676 0.21658 -0.0328763 0 0.21658 -0.033 0.0297841 0.218641 0.0220282 0.0301137 0.21931 0.022272 0.0248675 0.217535 0.0259463 0.0252804 0.218045 0.0263771 0.0244047 0.217125 0.0254634 0.0277741 0.216825 0.0205417 0.0259166 0.21931 0.0270409 0.0256329 0.218641 0.0267449 0.0209739 0.21931 0.0310319 0.0207443 0.218641 0.0306922 0.0239031 0.216825 0.02494 0.0197503 0.217125 0.0292215 0.0201249 0.217535 0.0297757 0.020459 0.218045 0.03027 0.0152589 0.218641 0.0337565 0.0154278 0.21931 0.0341301 0.0145277 0.217125 0.032139 0.0193444 0.216825 0.0286209 0.0148033 0.217535 0.0327486 0.015049 0.218045 0.0332922 0.00933455 0.218641 0.0358498 0.00943785 0.21931 0.0362465 0.0142292 0.216825 0.0314785 0.00888725 0.217125 0.0341319 0.00920615 0.218045 0.0353566 0.00905582 0.217535 0.0347793 0.0087046 0.216825 0.0334304 0.0029911 0.217125 0.0351429 0.00314164 0.218641 0.0369116 0.00317641 0.21931 0.0373201 0.00304783 0.217535 0.0358095 0.00309843 0.218045 0.0364039 0.00292963 0.216825 0.0344206 -0.0029911 0.217125 0.0351429 -0.00314164 0.218641 0.0369116 -0.00317641 0.21931 0.0373201 -0.00309843 0.218045 0.0364039 -0.00304783 0.217535 0.0358095 -0.00888725 0.217125 0.0341319 -0.00292963 0.216825 0.0344206 -0.00943785 0.21931 0.0362465 -0.00933455 0.218641 0.0358498 -0.00905582 0.217535 0.0347793 -0.00920615 0.218045 0.0353566 -0.0087046 0.216825 0.0334304 -0.0145277 0.217125 0.032139 -0.0294274 0.22158 0.0240406 -0.0262511 0.220798 0.0273899 -0.0305024 0.220798 0.0225595 -0.0148033 0.217535 0.0327486 -0.015049 0.218045 0.0332922 -0.0142292 0.216825 0.0314785 -0.0197503 0.217125 0.0292215 -0.0152589 0.218641 0.0337565 -0.0154278 0.21931 0.0341301 -0.020459 0.218045 0.03027 -0.0201249 0.217535 0.0297757 -0.0244047 0.217125 0.0254634 -0.0193444 0.216825 0.0286209 -0.0207443 0.218641 0.0306922 -0.0209739 0.21931 0.0310319 -0.0248675 0.217535 0.0259463 -0.0252804 0.218045 0.0263771 -0.0239031 0.216825 0.02494 -0.0283569 0.217125 0.0209727 -0.0259166 0.21931 0.0270409 -0.0256329 0.218641 0.0267449 -0.0301137 0.21931 0.022272 -0.0297841 0.218641 0.0220282 -0.0323014 0.216642 0.00989219 -0.0330309 0.216825 0.0101156 -0.030165 0.216642 0.0152089 -0.0288948 0.217535 0.0213705 -0.0293745 0.218045 0.0217252 -0.0320908 0.217535 0.0161798 -0.0326235 0.218045 0.0164484 -0.0334446 0.21931 0.0168624 -0.0330785 0.218641 0.0166778 -0.0354213 0.218641 0.0108476 -0.0358133 0.21931 0.0109677 -0.0343636 0.217535 0.0105237 -0.0349341 0.218045 0.0106984 -0.0342653 0.216825 0.00438784 -0.0335086 0.216642 0.00429094 -0.0371517 0.21931 0.00475746 -0.036745 0.218641 0.00470539 -0.0356478 0.217535 0.00456488 -0.0362396 0.218045 0.00464066 -0.0337517 0.216642 -0.00143376 -0.034514 0.216825 -0.00146614 -0.0370117 0.218641 -0.00157224 -0.0374213 0.21931 -0.00158964 -0.0359065 0.217535 -0.00152529 -0.0365026 0.218045 -0.00155061 -0.0120364 0.22158 -0.0360433 -0.0126388 0.220798 -0.0357713 -0.00910533 0.22158 -0.0368921 -0.0362136 0.218641 -0.00780463 -0.0357155 0.218045 -0.00769728 -0.0351323 0.217535 -0.00757159 -0.0264762 0.217125 -0.023302 -0.0300334 0.217125 -0.0184923 -0.0294161 0.216825 -0.0181122 -0.0343737 0.218641 -0.0138125 -0.031545 0.218641 -0.019423 -0.0281165 0.21931 -0.0247456 -0.0318941 0.21931 -0.0196379 -0.0347541 0.21931 -0.0139654 -0.0284793 0.220798 -0.025065 -0.0238337 0.220798 -0.0295175 -0.0252059 0.22158 -0.0284357 -0.0185024 0.220798 -0.0331208 -0.0149052 0.22158 -0.0349538 -0.0366144 0.21931 -0.007891 -0.0180667 0.218641 -0.0323409 -0.0124778 0.21931 -0.0353155 -0.0182666 0.21931 -0.0326988 -0.0203187 0.22158 -0.0321104 -0.00641163 0.220798 -0.0373927 -0.0125778 0.220035 -0.0355986 -0.00638067 0.220035 -0.0372122 -0.0339009 0.218045 -0.0136225 -0.0253593 0.216642 -0.022319 -0.025932 0.216825 -0.0228231 -0.0287665 0.216642 -0.0177122 -0.00306938 0.22158 -0.037875 -0.00609719 0.22158 -0.0375076 -0.0333473 0.217535 -0.0134001 -0.0278087 0.218641 -0.0244748 -0.0311111 0.218045 -0.0191558 -0.0274262 0.218045 -0.0241381 -0.0137578 0.21658 -0.0299946 -0.0112542 0.216642 -0.0318524 -0.0164754 0.216642 -0.0294923 -0.0269784 0.217535 -0.0237439 -0.030603 0.217535 -0.018843 -0.0221573 0.217125 -0.0274413 -0.0217019 0.216825 -0.0268773 -0.0212226 0.216642 -0.0262837 -0.0168475 0.216825 -0.0301583 -0.00570921 0.216642 -0.0332962 -0.00583815 0.216825 -0.0340482 -0.0115083 0.216825 -0.0325718 -0.00841664 0.21658 -0.0319079 -0.00284676 0.21658 -0.0328763 -0.00565231 0.21658 -0.0325123 0.0176526 0.22158 -0.0336501 0.0273979 0.22158 -0.0263302 0.0251927 0.22158 -0.0284483 0.0125778 0.220035 -0.0355986 0.0284793 0.220798 -0.025065 0.017201 0.217125 -0.0307912 0.00843609 0.21658 -0.0319029 0.00565336 0.21658 -0.0325121 0.0312663 0.22158 -0.0215951 0.0294308 0.22158 -0.0240378 0.0184131 0.220035 -0.0329609 0.0323057 0.220798 -0.0198914 0.0221573 0.217125 -0.0274413 0.013776 0.21658 -0.0299864 0.0111395 0.21658 -0.0310628 0.0343253 0.22158 -0.0163004 0.0329064 0.22158 -0.0190043 0.0237186 0.220035 -0.029375 0.0352027 0.220798 -0.0141456 0.0264762 0.217125 -0.023302 0.0187088 0.21658 -0.0271835 0.0162963 0.21658 -0.0286952 0.0364955 0.22158 -0.0105834 0.0355293 0.22158 -0.0134783 0.0283418 0.220035 -0.024944 0.0300334 0.217125 -0.0184923 0.0230885 0.21658 -0.0235772 0.0209711 0.21658 -0.0254792 0.0379692 0.22158 -0.0015305 0.0379043 0.220798 -0.00161015 0.0379689 0.22158 0.0015186 0.0321497 0.220035 -0.0197954 0.0327266 0.217125 -0.0131506 0.0267858 0.21658 -0.019274 0.0250259 0.21658 -0.0215099 0.0377229 0.22158 0.00457815 0.0376312 0.220798 0.00481886 0.0350327 0.220035 -0.0140773 0.0344783 0.217125 -0.00743065 0.0296914 0.21658 -0.014401 0.0283408 0.21658 -0.0169047 0.0372336 0.22158 0.00759016 0.0362755 0.220798 0.0111092 0.0365005 0.22158 0.0105675 0.0369079 0.220035 -0.00795426 0.0317193 0.21658 -0.00910244 0.0308177 0.21658 -0.0117997 0.0355337 0.22158 0.0134653 0.0338762 0.220798 0.01708 0.0343334 0.22158 0.0162837 0.0377213 0.220035 -0.00160238 0.0328097 0.21658 -0.0035348 0.0337517 0.216642 -0.00143376 0.0323835 0.21658 -0.00634596 0.0329132 0.22158 0.0189919 0.0305024 0.220798 0.0225595 0.0312776 0.22158 0.0215788 0.0374495 0.220035 0.00479559 0.0329303 0.21658 0.00213731 0.0335086 0.216642 0.00429094 0.0329919 0.21658 -0.0007046 0.0274119 0.22158 0.0263157 0.0294398 0.22158 0.0240265 0.0361003 0.220035 0.0110556 0.0262511 0.220798 0.0273899 0.0320776 0.21658 0.00774625 0.0323014 0.216642 0.00989219 0.0326248 0.21658 0.00495755 0.0228364 0.22158 0.0303715 0.0252036 0.22158 0.0284388 0.0337127 0.220035 0.0169976 0.0212446 0.220798 0.0314324 0.030165 0.216642 0.0152089 0.0290366 0.21658 0.015679 0.0275809 0.21658 0.0181182 0.0302767 0.21658 0.0131262 0.0312933 0.21658 0.0104731 0.0176693 0.22158 0.0336411 0.0203142 0.22158 0.0321142 0.0303551 0.220035 0.0224505 0.0156269 0.220798 0.0345706 0.0271608 0.216642 0.020088 0.0259214 0.21658 0.0204213 0.02407 0.21658 0.0225747 0.0120443 0.22158 0.0360398 0.0148983 0.22158 0.0349576 0.0261243 0.220035 0.0272577 0.0233752 0.216642 0.0243892 0.02204 0.21658 0.0245599 0.0189172 0.216642 0.0279889 0.00305852 0.22158 0.0378767 0.0032174 0.220798 0.0378018 1.15886e-05 0.22158 0.0379993 0.021142 0.220035 0.0312806 0.017507 0.21658 0.0279723 0.0139149 0.216642 0.0307833 0.0198475 0.21658 0.0263639 -0.0030562 0.22158 0.0378767 -0.0032174 0.220798 0.0378018 0.0155514 0.220035 0.0344037 0.0124565 0.21658 0.0305578 0.00851237 0.216642 0.0326921 -0.00608459 0.22158 0.0375091 -0.00955966 0.220798 0.0367143 -0.0090898 0.22158 0.0368963 0.0095135 0.220035 0.036537 0.00703776 0.21658 0.03224 0.00286493 0.216642 0.0336605 0.0150385 0.21658 0.0293739 -0.0120234 0.22158 0.0360472 -0.0156269 0.220798 0.0345706 -0.0148885 0.22158 0.0349611 0.00320187 0.220035 0.0376193 0.00141099 0.21658 0.032969 -0.00286493 0.216642 0.0336605 0.00978495 0.21658 0.0315157 -0.0176509 0.22158 0.0336513 -0.0212446 0.220798 0.0314324 -0.0203023 0.22158 0.0321209 -0.00320187 0.220035 0.0376193 -0.00425747 0.21658 0.0327234 -0.00851237 0.216642 0.0326921 0.00424219 0.21658 0.032726 -0.0251908 0.22158 0.0284491 -0.0228214 0.22158 0.0303836 -0.0095135 0.220035 0.036537 -0.00980005 0.21658 0.0315104 -0.0139149 0.216642 0.0307833 -0.00142594 0.21658 0.032969 -0.0274006 0.22158 0.0263285 -0.0155514 0.220035 0.0344037 -0.0372288 0.22158 0.00761244 -0.0364989 0.22158 0.0105749 -0.0362755 0.220798 0.0111092 -0.0150529 0.21658 0.0293659 -0.0189172 0.216642 0.0279889 -0.00705194 0.21658 0.0322375 -0.03127 0.22158 0.0215911 -0.0329024 0.22158 0.0190094 -0.021142 0.220035 0.0312806 -0.0338762 0.220798 0.01708 -0.0198607 0.21658 0.0263533 -0.0233752 0.216642 0.0243892 -0.0124695 0.21658 0.0305533 -0.0355256 0.22158 0.0134857 -0.0343292 0.22158 0.0162942 -0.0261243 0.220035 0.0272577 -0.0240814 0.21658 0.0225617 -0.0271608 0.216642 0.020088 -0.0175185 0.21658 0.0279659 -0.0377228 0.22158 0.00458157 -0.0376312 0.220798 0.00481886 -0.037968 0.22158 0.00154174 -0.0303551 0.220035 0.0224505 -0.0275903 0.21658 0.0181031 -0.0277741 0.216825 0.0205417 -0.0220497 0.21658 0.024552 -0.0379691 0.22158 -0.00152933 -0.0379043 0.220798 -0.00161015 -0.0337127 0.220035 0.0169976 -0.0314935 0.217125 0.0158787 -0.0308462 0.216825 0.0155523 -0.0259292 0.21658 0.0204124 -0.0377236 0.22158 -0.00456917 -0.0370869 0.220798 -0.00799284 -0.0372323 0.22158 -0.00759739 -0.0361003 0.220035 0.0110556 -0.033724 0.217125 0.0103278 -0.0302835 0.21658 0.0131094 -0.0290424 0.21658 0.0156696 -0.0365021 0.22158 -0.010562 -0.0352027 0.220798 -0.0141456 -0.0355321 0.22158 -0.0134692 -0.0374495 0.220035 0.00479559 -0.0349843 0.217125 0.00447991 -0.0320815 0.21658 0.0077282 -0.0312971 0.21658 0.0104635 -0.0343349 0.22158 -0.0162814 -0.0323057 0.220798 -0.0198914 -0.0329122 0.22158 -0.0189928 -0.0377213 0.220035 -0.00160238 -0.0330239 0.216642 -0.0071172 -0.0337697 0.216825 -0.00727793 -0.0352382 0.217125 -0.0014969 -0.0329311 0.21658 0.00211856 -0.0326268 0.21658 0.00494824 -0.0294402 0.22158 -0.0240251 -0.031278 0.22158 -0.0215792 -0.0369079 0.220035 -0.00795426 -0.0313461 0.216642 -0.0125959 -0.032054 0.216825 -0.0128804 -0.0344783 0.217125 -0.00743065 -0.0328073 0.21658 -0.00355368 -0.0329922 0.21658 -0.000713294 -0.0274107 0.22158 -0.026318 -0.0350327 0.220035 -0.0140773 -0.0327266 0.217125 -0.0131506 -0.0317137 0.21658 -0.00912087 -0.0323825 0.21658 -0.00635375 -0.022833 0.22158 -0.030375 -0.0321497 0.220035 -0.0197954 -0.0296826 0.21658 -0.0144184 -0.0308157 0.21658 -0.0118064 -0.0176636 0.22158 -0.0336451 -0.0283418 0.220035 -0.024944 -0.0267741 0.21658 -0.0192898 -0.0283381 0.21658 -0.0169101 -0.02353 0.21931 -0.0291414 -0.0237186 0.220035 -0.029375 -0.0232725 0.218641 -0.0288224 -0.0229524 0.218045 -0.028426 -0.0225776 0.217535 -0.0279618 -0.0230742 0.21658 -0.0235909 -0.0250229 0.21658 -0.021514 -0.0184131 0.220035 -0.0329609 -0.0178182 0.218045 -0.031896 -0.0175272 0.217535 -0.0313752 -0.017201 0.217125 -0.0307912 -0.0186923 0.21658 -0.0271947 -0.0209681 0.21658 -0.0254821 -0.0123412 0.218641 -0.034929 -0.0121714 0.218045 -0.0344485 -0.0119727 0.217535 -0.033886 -0.0117498 0.217125 -0.0332552 -0.0111376 0.21658 -0.0310637 -0.0162936 0.21658 -0.028697 -0.00632993 0.21931 -0.0369163 -0.00626065 0.218641 -0.0365122 -0.00617454 0.218045 -0.03601 -0.00607371 0.217535 -0.035422 -0.00596065 0.217125 -0.0347626 0.00273685 0.24179 -0.0298744 0 0.21658 -0.03 0 0.24179 -0.03 0.010684 0.24179 -0.028033 0.00810159 0.21658 -0.0288849 0.00808472 0.24179 -0.0288893 0.00543175 0.24179 -0.0295042 0.00543651 0.21658 -0.0295029 0.00273685 0.21658 -0.0298744 0.0155934 0.21658 -0.0256281 0.0155831 0.24179 -0.0256351 0.017847 0.24179 -0.024113 0.0106923 0.21658 -0.0280293 0.0131837 0.24179 -0.026947 0.0131982 0.21658 -0.0269405 0.0219202 0.24179 -0.0204808 0.0236913 0.24179 -0.0184039 0.0219278 0.21658 -0.0204735 0.0199672 0.24179 -0.0223897 0.0199781 0.21658 -0.0223792 0.0178583 0.21658 -0.0241054 0.0277806 0.24179 -0.0113238 0.0266403 0.21658 -0.0137933 0.0266322 0.24179 -0.0138094 0.0252724 0.21658 -0.0161649 0.0237013 0.21658 -0.0183903 0.0252684 0.24179 -0.0161702 0.0293727 0.21658 -0.0061017 0.0293723 0.24179 -0.00610472 0.0298041 0.24179 -0.00341665 0.0277815 0.21658 -0.0113219 0.0286925 0.24179 -0.008758 0.0286979 0.21658 -0.0087405 0.0299299 0.24179 0.00203811 0.0296205 0.24179 0.00475607 0.0299292 0.21658 0.0020547 0.0299921 0.24179 -0.000685691 0.0299918 0.21658 -0.000678195 0.0298064 0.21658 -0.00339896 0.0272395 0.24179 0.0125686 0.0282644 0.21658 0.0100538 0.0282696 0.24179 0.0100407 0.0290625 0.21658 0.0074402 0.0296181 0.21658 0.00476701 0.0290656 0.24179 0.00742593 0.0245072 0.21658 0.0173029 0.0245116 0.24179 0.0172959 0.0228394 0.24179 0.0194509 0.027235 0.21658 0.0125796 0.0259841 0.24179 0.0149936 0.0259756 0.21658 0.0150074 0.0189393 0.24179 0.0232652 0.0167383 0.24179 0.0248964 0.0189251 0.21658 0.0232767 0.020972 0.24179 0.0214513 0.0209694 0.21658 0.0214543 0.0228277 0.21658 0.0194641 0.00940891 0.24179 0.0284856 0.0119485 0.21658 0.0275174 0.011954 0.24179 0.0275155 0.0143968 0.21658 0.0263192 0.0167374 0.21658 0.0248969 0.0144126 0.24179 0.0263104 0.00407828 0.21658 0.0297212 0.00409355 0.24179 0.0297186 0.00137079 0.24179 0.0299685 0.0093927 0.21658 0.0284913 0.00677439 0.24179 0.029225 0.00676473 0.21658 0.0292267 -0.00407828 0.24179 0.0297212 -0.00676473 0.24179 0.0292267 -0.00409355 0.21658 0.0297186 -0.00135775 0.24179 0.0299685 -0.00137079 0.21658 0.0299685 0.00135775 0.21658 0.0299685 -0.0143968 0.24179 0.0263192 -0.011954 0.21658 0.0275155 -0.0119485 0.24179 0.0275174 -0.00940891 0.21658 0.0284856 -0.00677439 0.21658 0.029225 -0.0093927 0.24179 0.0284913 -0.0189393 0.21658 0.0232652 -0.0189251 0.24179 0.0232767 -0.0209694 0.24179 0.0214543 -0.0144126 0.21658 0.0263104 -0.0167374 0.24179 0.0248969 -0.0167383 0.21658 0.0248964 -0.0245072 0.24179 0.0173029 -0.0259756 0.24179 0.0150074 -0.0245116 0.21658 0.0172959 -0.0228277 0.24179 0.0194641 -0.0228394 0.21658 0.0194509 -0.020972 0.21658 0.0214513 -0.0290625 0.24179 0.0074402 -0.0282696 0.21658 0.0100407 -0.0282644 0.24179 0.0100538 -0.0272395 0.21658 0.0125686 -0.0259841 0.21658 0.0149936 -0.027235 0.24179 0.0125796 -0.0299299 0.21658 0.00203811 -0.0299292 0.24179 0.0020547 -0.0299918 0.24179 -0.000678195 -0.0290656 0.21658 0.00742593 -0.0296181 0.24179 0.00476701 -0.0296205 0.21658 0.00475607 -0.0298041 0.21658 -0.00341665 -0.0299921 0.21658 -0.000685691 -0.0298064 0.24179 -0.00339896 -0.0293727 0.24179 -0.0061017 -0.0293723 0.21658 -0.00610472 -0.0286979 0.24179 -0.0087405 -0.0286925 0.21658 -0.008758 -0.0277806 0.21658 -0.0113238 -0.0277815 0.24179 -0.0113219 -0.0266403 0.24179 -0.0137933 -0.0266322 0.21658 -0.0138094 -0.0252724 0.24179 -0.0161649 -0.0252684 0.21658 -0.0161702 -0.0236913 0.21658 -0.0184039 -0.0237013 0.24179 -0.0183903 -0.0219278 0.24179 -0.0204735 -0.0219202 0.21658 -0.0204808 -0.0199781 0.24179 -0.0223792 -0.0199672 0.21658 -0.0223897 -0.017847 0.21658 -0.024113 -0.0178583 0.24179 -0.0241054 -0.0155934 0.24179 -0.0256281 -0.0155831 0.21658 -0.0256351 -0.0131982 0.24179 -0.0269405 -0.0131837 0.21658 -0.026947 -0.010684 0.21658 -0.028033 -0.0106923 0.24179 -0.0280293 -0.00810159 0.24179 -0.0288849 -0.00808472 0.21658 -0.0288893 -0.00543651 0.24179 -0.0295029 -0.00543175 0.21658 -0.0295042 -0.00273685 0.21658 -0.0298744 -0.00273685 0.24179 -0.0298744</float_array>
          <technique_common>
            <accessor count="1534" source="#ID12" stride="3">
              <param name="X" type="float"/>
              <param name="Y" type="float"/>
              <param name="Z" type="float"/>
            </accessor>
          </technique_common>
        </source>
        <source id="ID13">
          <float_array count="4602" id="ID14">-0 -1 -0 -0 -1 -0 -0 -1 -0 -0 -1 -0 -0 -1 -0 -0 -1 -0 -0 -1 -0 -0 -1 -0 -0 -1 -0 -0 -1 -0 -0 -1 -0 -0 -1 -0 -0 -1 -0 -0 -1 -0 -0 -1 -0 -0 -1 -0 -0 -1 -0 -0 -1 -0 -0 -1 -0 -0 -1 -0 -0 -1 -0 -0 -1 -0 -0 -1 -0 -0 -1 -0 -0 -1 -0 -0 -1 -0 -0 -1 -0 -0 -1 -0 -0 -1 -0 -0 -1 -0 -0 -1 -0 -0 -1 -0 -0 -1 -0 -0 -1 -0 -0 -1 -0 -0 -1 -0 -0 -1 -0 -0 -1 -0 -0 -1 -0 -0 -1 -0 -0 -1 -0 -0 -1 -0 -0 -1 -0 -0 -1 -0 -0 -1 -0 -0 -1 -0 -0 -1 -0 -0 -1 -0 -0 -1 -0 -0 -1 -0 -0 -1 -0 -0 -1 -0 -0 -1 -0 -0 -1 -0 -0 -1 -0 -0 -1 -0 -0 -1 -0 -0 -1 -0 -0 -1 -0 -0 -1 -0 -0 -1 -0 -0 -1 -0 -0 -1 -0 -0 -1 -0 -0 -1 -0 -0 -1 -0 -0 -1 -0 -0 -1 -0 -0 -1 -0 -0 -1 -0 -0 -1 -0 -0 -1 -0 -0 -1 -0 -0 -1 -0 -0 -1 -0 -0 -1 -0 -0 -1 -0 -0 -1 -0 -0 -1 -0 -0 -1 -0 -0 -1 -0 -0 -1 -0 -0 -1 -0 -0 -1 -0 -0 -1 -0 -0 -1 -0 -0 -1 -0 -0 -1 -0 -0 -1 -0 -0 -1 -0 -0 -1 -0 -0 -1 -0 -0 -1 -0 -0 -1 -0 -0 -1 -0 -0 -1 -0 -0 -1 -0 -0 -1 -0 -0 -1 -0 -0 -1 -0 -0 -1 -0 -0 -1 -0 -0 -1 -0 -0 -1 -0 -0 -1 -0 -0 -1 -0 -0 -1 -0 -0 -1 -0 -0 -1 -0 -0 -1 -0 -0 -1 -0 -0 -1 -0 -0 -1 -0 -0 -1 -0 -0 -1 -0 -0 -1 -0 -0 -1 -0 -0 -1 -0 -0 -1 -0 -0 -1 -0 -0 -1 -0 -0 -1 -0 -0 -1 -0 -0 -1 -0 -0 -1 -0 -0 -1 -0 -0 -1 -0 -0 -1 -0 -0 -1 -0 -0 -1 -0 -0 -1 -0 -0 -1 -0 -0 -1 -0 -0 -1 -0 -0 -1 -0 -0 -1 -0 -0 -1 -0 -0 -1 -0 -0 -1 -0 -0 -1 -0 -0 -1 -0 -0 -1 -0 0 1 0 0 1 0 0 1 0 0 1 0 0 1 0 0 1 0 0 1 0 0 1 0 0 1 0 0 1 0 0 1 0 0 1 0 0 1 0 0 1 0 0 1 0 0 1 0 0 1 0 0 1 0 0 1 0 0 1 0 0 1 0 0 1 0 0 1 0 0 1 0 0 1 0 0 1 0 0 1 0 0 1 0 0 1 0 0 1 0 0 1 0 0 1 0 0 1 0 0 1 0 0 1 0 0 1 0 0 1 0 0 1 0 0 1 0 0 1 0 0 1 0 0 1 0 0 1 0 0 1 0 0 1 0 0 1 0 0 1 0 0 1 0 0 1 0 0 1 0 0 1 0 0 1 0 0 1 0 0 1 0 0 1 0 0 1 0 0 1 0 0 1 0 0 1 0 0 1 0 0 1 0 0 1 0 0 1 0 0 1 0 0 1 0 0 1 0 0 1 0 -0 -1 -0 -0 -1 -0 -0 -1 -0 -0 -1 -0 -0 -1 -0 -0 -1 -0 -0 -1 -0 -0 -1 -0 -0 -1 -0 -0 -1 -0 -0 -1 -0 -0 -1 -0 -0 -1 -0 -0 -1 -0 -0 -1 -0 -0 -1 -0 -0 -1 -0 -0 -1 -0 -0 -1 -0 -0 -1 -0 -0 -1 -0 -0 -1 -0 -0 -1 -0 -0 -1 -0 -0 -1 -0 -0 -1 -0 -0 -1 -0 -0 -1 -0 -0 -1 -0 -0 -1 -0 -0 -1 -0 -0 -1 -0 -0 -1 -0 -0 -1 -0 -0 -1 -0 -0 -1 -0 -0 -1 -0 -0 -1 -0 -0 -1 -0 -0 -1 -0 -0 -1 -0 -0 -1 -0 -0 -1 -0 -0 -1 -0 -0 -1 -0 -0 -1 -0 -0 -1 -0 -0 -1 -0 -0 -1 -0 -0 -1 -0 -0 -1 -0 -0 -1 -0 -0 -1 -0 -0 -1 -0 -0 -1 -0 -0 -1 -0 -0 -1 -0 -0 -1 -0 -0 -1 -0 -0 -1 -0 -0 -1 -0 -0 -1 -0 -0 -1 -0 -0 -1 -0 -0 -1 -0 -0 -1 -0 -0 -1 -0 -0 -1 -0 -0 -1 -0 0.568512 0.707107 0.420469 0.489275 0.707107 0.5105 0.472578 0.809017 0.349517 -1.30228e-08 1 -1.3846e-07 2.73519e-08 0.987688 -0.156435 2.43159e-14 1 -1.39071e-07 0.40683 0.156435 0.90001 0.532568 0.309017 0.787959 0.553081 0.156435 0.818309 0.0394181 0.987688 0.151387 0.0132666 0.987688 0.155871 1.94984e-08 1 1.37697e-07 0.616522 0.45399 0.643268 0.55979 0.587785 0.584075 0.650447 0.587785 0.481068 0.40538 0.891007 0.204388 0.524849 0.809017 0.264623 0.0644356 0.987688 0.142548 6.85921e-08 1 1.20979e-07 0.0875995 0.987688 0.129608 0.631394 0.707107 0.318342 0.562021 0.809017 0.172117 0.43409 0.891007 0.132939 0.498941 0.45399 0.738208 0.583024 0.809017 0.0746592 0.450313 0.891007 0.0576648 0.676112 0.707107 0.207057 8.99469e-08 1 1.06067e-07 0.108243 0.987688 0.112939 0.716367 0.45399 0.529822 0.453581 0.891007 -0.0192679 0.587256 0.809017 -0.0249463 0.701379 0.707107 0.0898152 1.08147e-07 1 8.74357e-08 0.125773 0.987688 0.0930212 0.722392 0.587785 0.364222 0.795603 0.45399 0.401134 0.944395 0.156435 0.289218 0.935016 1.74846e-07 0.354605 0.881932 0.156435 0.444661 0.70647 0.707107 -0.0300105 0.691236 0.707107 -0.148973 0.574592 0.809017 -0.123834 0.443801 0.891007 -0.0956463 1.15859e-07 1 7.69245e-08 0.139685 0.987688 0.0704275 0.545399 0.809017 -0.219159 0.656117 0.707107 -0.263649 0.421253 0.891007 -0.169273 0.386586 0.891007 -0.23803 0.500516 0.809017 -0.30818 1.35987e-07 1 2.91271e-08 0.155168 0.987688 0.01987 0.149578 0.987688 0.0458076 0.602122 0.707107 -0.370741 0.890204 0.45399 -0.0378154 0.871008 0.45399 -0.187717 0.9502 0.309017 -0.040364 0.340798 0.891007 -0.29994 0.441234 0.809017 -0.388335 0.92971 0.309017 -0.200368 0.96552 0.156435 -0.208086 0.986798 0.156435 -0.0419187 0.530805 0.707107 -0.467168 0.156294 0.987688 -0.00663928 1.39033e-07 1 3.26018e-09 0.916465 0.156435 -0.368266 0.882475 0.309017 -0.354608 0.285206 0.891007 -0.353221 0.369258 0.809017 -0.457318 1.37202e-07 1 -2.2721e-08 0.152924 0.987688 -0.0329575 0.444219 0.707107 -0.550154 0.809852 0.309017 -0.498646 0.841045 0.156435 -0.517852 0.221409 0.891007 -0.39634 0.28666 0.809017 -0.513145 1.3056e-07 1 -4.79053e-08 0.145154 0.987688 -0.0583277 0.668854 0.45399 -0.588666 0.607307 0.587785 -0.534497 0.508241 0.587785 -0.629444 0.151242 0.891007 -0.428057 0.195815 0.809017 -0.554209 0.344852 0.707107 -0.617314 1.12126e-07 1 -8.22705e-08 0.117431 0.987688 -0.103352 0.133209 0.987688 -0.0820198 0.394554 0.587785 -0.706283 0.559748 0.45399 -0.693235 0.235565 0.707107 -0.666715 0.0993362 0.809017 -0.57933 0.119502 0.707107 -0.696936 0.0767247 0.891007 -0.44746 9.48196e-08 1 -1.01735e-07 0.0982754 0.987688 -0.121712 1.30228e-08 1 -1.3846e-07 2.59312e-08 1 -1.36632e-07 0.0264376 0.987688 -0.154184 2.68614e-10 0.891007 -0.45399 1.60367e-09 0.809017 -0.587785 0.0522241 0.951057 -0.304572 4.2155e-10 0.951057 -0.309017 3.86117e-08 1 -1.33603e-07 0.0762924 0.987688 -0.13657 6.28462e-08 1 -1.24061e-07 5.09528e-08 1 -1.29401e-07 0.0521146 0.987688 -0.147499 7.41873e-08 1 -1.17631e-07 8.48764e-08 1 -1.10167e-07 1.39478e-09 0.707107 -0.707107 0.434539 0.45399 -0.777861 9.57346e-10 0.587785 -0.809017 0.136725 0.587785 -0.79738 0.391967 1.74846e-07 -0.919979 0.481691 0.156435 -0.862266 0.329038 0.156435 -0.931269 3.51206e-10 0.45399 -0.891007 0.160729 0.309017 -0.937376 0.150581 0.45399 -0.87819 0.16692 0.156435 -0.973481 0.239316 1.74846e-07 -0.970942 5.18959e-09 0.309017 -0.951057 0.29683 0.45399 -0.84011 0.0804666 1.74846e-07 -0.996757 -1.10369e-09 0.156435 -0.987688 3.94504e-09 1.74846e-07 -1 0.406711 0.809017 0.424355 0.365007 0.891007 0.269958 0.391741 0.309017 0.86663 0.248876 0.156435 0.955819 0.395962 0.707107 0.585845 -0.0132666 0.987688 0.155871 6.51857e-09 1 1.38918e-07 0.329145 0.809017 0.486986 0.314134 0.891007 0.327761 0.0837618 0.156435 0.98413 0.239645 0.309017 0.920369 0.291258 0.707107 0.644336 -1.94984e-08 1 1.37697e-07 -0.0394181 0.987688 0.151387 0.254223 0.891007 0.376135 0.242109 0.809017 0.535607 0.178176 0.707107 0.68429 0.224514 0.45399 0.862256 0.0806552 0.309017 0.94763 0.0755626 0.45399 0.887797 -0.0498478 0.809017 0.585668 -0.0385011 0.891007 0.452355 0.0385011 0.891007 0.452355 0.186999 0.891007 0.413689 0.148109 0.809017 0.568819 0.0599669 0.707107 0.704559 -0.0644356 0.987688 0.142548 -4.48315e-08 1 1.31647e-07 -0.316668 1.74846e-07 0.948537 -0.40683 0.156435 0.90001 -0.248876 0.156435 0.955819 0.0498477 0.809017 0.585668 0.114396 0.891007 0.439341 -0.0599668 0.707107 0.704559 -6.85921e-08 1 1.20979e-07 -0.0875995 0.987688 0.129608 -0.553081 0.156435 0.818309 -0.464723 1.74846e-07 0.885456 -0.108243 0.987688 0.112939 -0.125773 0.987688 0.0930212 -9.9484e-08 1 9.71785e-08 -0.178175 0.707107 0.68429 -0.148109 0.809017 0.568819 -0.498941 0.45399 0.738208 -0.616522 0.45399 0.643268 -0.453029 0.587785 0.670278 -1.15859e-07 1 7.69245e-08 -0.139685 0.987688 0.0704275 -0.291258 0.707107 0.644336 -0.114396 0.891007 0.439341 -0.242109 0.809017 0.535607 -0.716367 0.45399 0.529822 -0.55979 0.587785 0.584075 -1.28171e-07 1 5.39723e-08 -0.149578 0.987688 0.0458076 -0.395962 0.707107 0.585845 -0.186999 0.891007 0.413689 -0.329145 0.809017 0.486986 -0.489275 0.707107 0.5105 -0.764647 0.309017 0.56553 -0.794099 0.156435 0.587312 -0.881932 0.156435 0.444661 -0.254223 0.891007 0.376135 -0.406711 0.809017 0.424355 -0.849223 0.309017 0.428169 -0.944395 0.156435 0.289218 -0.568512 0.707107 0.420469 -1.35987e-07 1 2.9127e-08 -0.155168 0.987688 0.01987 -0.472578 0.809017 0.349517 -0.314134 0.891007 0.327761 -0.979688 0.156435 0.125454 -0.909369 0.309017 0.278491 -0.631394 0.707107 0.318342 -0.152924 0.987688 -0.0329575 -1.38727e-07 1 -9.77341e-09 -0.156294 0.987688 -0.00663925 -0.365007 0.891007 0.269958 -0.524849 0.809017 0.264623 -0.88379 0.45399 0.113174 -0.851951 0.45399 0.260907 -0.943353 0.309017 0.120801 -0.676112 0.707107 0.207057 -0.145154 0.987688 -0.0583277 -1.34472e-07 1 -3.54691e-08 -0.562021 0.809017 0.172117 -0.40538 0.891007 0.204388 -0.587256 0.809017 -0.0249462 -0.453581 0.891007 -0.0192678 -0.450313 0.891007 0.0576648 -0.133209 0.987688 -0.0820198 -1.255e-07 1 -5.99206e-08 -0.701379 0.707107 0.0898154 -0.583024 0.809017 0.0746591 -0.43409 0.891007 0.132939 -0.960518 1.74846e-07 -0.278217 -0.916465 0.156435 -0.368266 -0.96552 0.156435 -0.208085 -0.70647 0.707107 -0.0300107 -0.574592 0.809017 -0.123834 -0.90345 1.74846e-07 -0.428693 -0.841045 0.156435 -0.517852 -1.12126e-07 1 -8.22705e-08 -0.117431 0.987688 -0.103352 -0.500516 0.809017 -0.30818 -0.386586 0.891007 -0.23803 -0.421253 0.891007 -0.169273 -0.688902 0.587785 -0.424173 -0.750678 0.587785 -0.301647 -0.758718 0.45399 -0.467161 -0.545399 0.809017 -0.21916 -0.443801 0.891007 -0.0956464 -0.0982753 0.987688 -0.121712 -9.48196e-08 1 -1.01735e-07 -0.369258 0.809017 -0.457318 -0.285206 0.891007 -0.353221 -0.340798 0.891007 -0.29994 -0.691236 0.707107 -0.148973 -0.0762924 0.987688 -0.13657 -7.41873e-08 1 -1.17631e-07 -0.0522241 0.951057 -0.304572 -0.0264376 0.987688 -0.154184 -0.0521146 0.987688 -0.147499 -0.102946 0.951057 -0.291365 -0.668854 0.45399 -0.588666 -0.151242 0.891007 -0.428057 -0.0767248 0.891007 -0.44746 -0.559748 0.45399 -0.693235 -0.607307 0.587785 -0.534497 -2.59311e-08 1 -1.36632e-07 -0.602122 0.707107 -0.370741 -0.656117 0.707107 -0.263649 -0.620485 0.156435 -0.768457 -0.481691 0.156435 -0.862266 -0.597473 0.309017 -0.739956 -0.713932 0.309017 -0.628339 -0.74143 0.156435 -0.65254 -0.0804663 1.74846e-07 -0.996757 -0.16692 0.156435 -0.973481 -0.160411 1.74846e-07 -0.98705 -0.329038 0.156435 -0.931269 -0.463825 0.309017 -0.830286 -0.434539 0.45399 -0.777861 -0.316835 0.309017 -0.89673 -0.29683 0.45399 -0.84011 -0.239316 1.74846e-07 -0.970942 1.0393e-07 1 -9.24087e-08 0.102946 0.951057 -0.291365 0.269516 0.587785 -0.762804 0.316835 0.309017 -0.89673 0.160411 1.74846e-07 -0.98705 1.255e-07 1 -5.99206e-08 1.19337e-07 1 -7.14093e-08 0.150706 0.951057 -0.269776 0.463825 0.309017 -0.830286 0.464723 1.74846e-07 -0.885456 0.316668 1.74846e-07 -0.948536 1.34472e-07 1 -3.5469e-08 0.194131 0.951057 -0.240426 0.620486 0.156435 -0.768457 0.74143 0.156435 -0.652541 0.597473 0.309017 -0.739956 0.600742 1.74846e-07 -0.799443 0.534466 1.74846e-07 -0.84519 1.38727e-07 1 -9.77337e-09 0.23197 0.951057 -0.20416 0.713932 0.309017 -0.628339 0.758718 0.45399 -0.467161 0.721202 1.74846e-07 -0.692724 0.663123 1.74846e-07 -0.748511 0.263137 0.951057 -0.16202 0.688902 0.587785 -0.424174 0.826755 0.45399 -0.332218 0.822984 1.74846e-07 -0.568065 0.774605 1.74846e-07 -0.632445 1.38117e-07 1 1.62651e-08 0.286733 0.951057 -0.115219 0.750678 0.587785 -0.301647 0.90345 1.74846e-07 -0.428693 0.866025 1.74846e-07 -0.5 1.28171e-07 1 5.39723e-08 1.32661e-07 1 4.1733e-08 0.302081 0.951057 -0.0651034 0.790859 0.587785 -0.170443 0.960518 1.74846e-07 -0.278217 0.935016 1.74846e-07 -0.354605 1.22553e-07 1 6.57372e-08 0.308738 0.951057 -0.013115 0.943353 0.309017 0.120801 0.88379 0.45399 0.113174 0.808288 0.587785 -0.0343357 0.979688 0.156435 0.125454 0.999189 1.74846e-07 0.0402659 0.992709 1.74846e-07 -0.120537 0.979791 1.74846e-07 -0.200026 9.9484e-08 1 9.71785e-08 0.306514 0.951057 0.0392507 0.802464 0.587785 0.10276 0.979791 1.74846e-07 0.200026 0.851951 0.45399 0.260907 0.999189 1.74846e-07 -0.040266 0.295472 0.951057 0.0904871 0.773555 0.587785 0.236899 0.909369 0.309017 0.278491 0.992709 1.74846e-07 0.120537 7.96194e-08 1 1.14024e-07 0.275929 0.951057 0.139121 0.849223 0.309017 0.428169 0.90345 1.74846e-07 0.428693 0.960518 1.74846e-07 0.278217 4.48315e-08 1 1.31647e-07 5.69621e-08 1 1.2687e-07 0.248449 0.951057 0.183752 0.764647 0.309017 0.56553 0.794099 0.156435 0.587312 0.866025 1.74846e-07 0.5 0.822984 1.74846e-07 0.568065 3.23069e-08 1 1.35266e-07 0.213821 0.951057 0.223097 0.68342 0.156435 0.713068 0.658073 0.309017 0.686621 0.721202 1.74846e-07 0.692724 0.774605 1.74846e-07 0.632445 -6.51856e-09 1 1.38918e-07 0.173042 0.951057 0.256023 0.453029 0.587785 0.670278 0.367007 0.45399 0.811911 0.600742 1.74846e-07 0.799443 0.663123 1.74846e-07 0.748511 0.127284 0.951057 0.281585 0.333235 0.587785 0.737199 0.464723 1.74846e-07 0.885456 0.534466 1.74846e-07 0.84519 -3.23069e-08 1 1.35266e-07 0.0778654 0.951057 0.299046 0.203855 0.587785 0.782912 0.316668 1.74846e-07 0.948536 0.391967 1.74846e-07 0.919979 -5.69621e-08 1 1.2687e-07 0.0262065 0.951057 0.307904 -0.0806552 0.309017 0.94763 -0.0755628 0.45399 0.887797 0.0686094 0.587785 0.806103 -0.083762 0.156435 0.98413 -8.74228e-08 1.74846e-07 1 0.160411 1.74846e-07 0.98705 0.239316 1.74846e-07 0.970942 -8.99469e-08 1 1.06067e-07 -7.96194e-08 1 1.14024e-07 -0.0262064 0.951057 0.307904 -0.0686094 0.587785 0.806103 -0.160411 1.74846e-07 0.98705 -0.224514 0.45399 0.862256 0.0804666 1.74846e-07 0.996757 -1.08147e-07 1 8.74357e-08 -0.0778655 0.951057 0.299046 -0.203854 0.587785 0.782912 -0.239645 0.309017 0.920369 -0.367007 0.45399 0.811911 -0.0804665 1.74846e-07 0.996757 -1.22553e-07 1 6.57372e-08 -0.127284 0.951057 0.281585 -0.333235 0.587785 0.737199 -0.391741 0.309017 0.86663 -0.239316 1.74846e-07 0.970942 -0.173042 0.951057 0.256023 -0.532568 0.309017 0.78796 -0.534466 1.74846e-07 0.84519 -0.391967 1.74846e-07 0.919979 -1.32661e-07 1 4.17331e-08 -0.213821 0.951057 0.223097 -0.68342 0.156435 0.713068 -0.658073 0.309017 0.686621 -0.663123 1.74846e-07 0.748511 -0.600742 1.74846e-07 0.799443 -1.39033e-07 1 3.26024e-09 -1.38116e-07 1 1.62651e-08 -0.248449 0.951057 0.183752 -0.650447 0.587785 0.481068 -0.795603 0.45399 0.401135 -0.774605 1.74846e-07 0.632445 -0.721202 1.74846e-07 0.692725 -1.37202e-07 1 -2.2721e-08 -0.275929 0.951057 0.13912 -0.722392 0.587785 0.364222 -0.866025 1.74846e-07 0.5 -0.822984 1.74846e-07 0.568065 -1.3056e-07 1 -4.79053e-08 -0.295472 0.951057 0.0904872 -0.773555 0.587785 0.236899 -0.935016 1.74846e-07 0.354605 -0.90345 1.74846e-07 0.428693 -0.306514 0.951057 0.0392506 -0.9502 0.309017 -0.0403643 -0.890204 0.45399 -0.0378152 -0.802464 0.587785 0.102759 -0.986798 0.156435 -0.0419185 -0.999189 1.74846e-07 0.0402661 -0.979791 1.74846e-07 0.200026 -0.960518 1.74846e-07 0.278217 -1.19337e-07 1 -7.14094e-08 -0.308738 0.951057 -0.0131151 -0.808288 0.587785 -0.0343355 -0.992709 1.74846e-07 -0.120537 -0.871008 0.45399 -0.187717 -0.992709 1.74846e-07 0.120537 -1.0393e-07 1 -9.24086e-08 -0.302081 0.951057 -0.0651034 -0.790859 0.587785 -0.170443 -0.92971 0.309017 -0.200368 -0.826755 0.45399 -0.332218 -0.999189 1.74846e-07 -0.0402661 -8.48764e-08 1 -1.10167e-07 -0.286733 0.951057 -0.115219 -0.882475 0.309017 -0.354607 -0.979791 1.74846e-07 -0.200026 -5.09528e-08 1 -1.29401e-07 -6.28462e-08 1 -1.24061e-07 -0.263137 0.951057 -0.16202 -0.809852 0.309017 -0.498646 -0.866025 1.74846e-07 -0.5 -0.935016 1.74846e-07 -0.354605 -0.441234 0.809017 -0.388335 -0.23197 0.951057 -0.20416 -0.530805 0.707107 -0.467168 -0.774605 1.74846e-07 -0.632445 -0.822984 1.74846e-07 -0.568065 -0.444219 0.707107 -0.550154 -0.194131 0.951057 -0.240426 -0.50824 0.587785 -0.629444 -0.391966 1.74846e-07 -0.91998 -0.663123 1.74846e-07 -0.748511 -0.721202 1.74846e-07 -0.692724 -0.28666 0.809017 -0.513145 -0.221409 0.891007 -0.39634 -0.150706 0.951057 -0.269776 -0.344852 0.707107 -0.617314 -0.394553 0.587785 -0.706283 -0.534466 1.74846e-07 -0.84519 -0.600742 1.74846e-07 -0.799443 -3.86116e-08 1 -1.33603e-07 -0.195815 0.809017 -0.554209 -0.235565 0.707107 -0.666715 -0.269516 0.587785 -0.762804 -0.464723 1.74846e-07 -0.885456 -0.0993362 0.809017 -0.57933 -0.119502 0.707107 -0.696936 -0.136725 0.587785 -0.79738 -0.150581 0.45399 -0.87819 -0.160729 0.309017 -0.937376 -0.316668 1.74846e-07 -0.948536 -8.74228e-08 0 1 -8.74228e-08 0 1 0.0804666 0 0.996757 0.0804666 0 0.996757 0.160411 0 0.98705 0.239316 0 0.970942 0.160411 0 0.98705 0.239316 0 0.970942 0.316668 0 0.948536 0.316668 0 0.948536 0.391967 0 0.919979 0.464723 0 0.885456 0.391967 0 0.919979 0.464723 0 0.885456 0.534466 0 0.84519 0.534466 0 0.84519 0.600742 0 0.799443 0.663123 0 0.748511 0.600742 0 0.799443 0.663123 0 0.748511 0.721202 0 0.692724 0.721202 0 0.692724 0.774605 0 0.632445 0.822984 0 0.568065 0.774605 0 0.632445 0.822984 0 0.568065 0.866026 0 0.5 0.866025 0 0.5 0.90345 0 0.428693 0.935016 0 0.354605 0.90345 0 0.428693 0.935016 0 0.354605 0.960518 0 0.278217 0.960518 0 0.278218 0.979791 0 0.200026 0.992709 0 0.120537 0.979791 0 0.200026 0.992709 0 0.120537 0.999189 0 0.0402659 0.999189 0 0.040266 0.999189 0 -0.040266 0.992709 0 -0.120537 0.999189 0 -0.040266 0.992709 0 -0.120537 0.979791 0 -0.200026 0.979791 0 -0.200026 0.960518 0 -0.278217 0.935016 0 -0.354605 0.960518 0 -0.278217 0.935016 0 -0.354605 0.90345 0 -0.428693 0.90345 0 -0.428693 0.866025 0 -0.5 0.822984 0 -0.568065 0.866025 0 -0.5 0.822984 0 -0.568065 0.774605 0 -0.632445 0.774605 0 -0.632445 0.721202 0 -0.692724 0.663123 0 -0.748511 0.721202 0 -0.692724 0.663123 0 -0.748511 0.600742 0 -0.799443 0.600742 0 -0.799443 0.534466 0 -0.84519 0.464723 0 -0.885456 0.534466 0 -0.84519 0.464723 0 -0.885456 0.391967 0 -0.919979 0.391967 0 -0.919979 0.316668 0 -0.948536 0.239316 0 -0.970942 0.316668 0 -0.948536 0.239316 0 -0.970942 0.160411 0 -0.98705 0.160411 0 -0.98705 0.0804666 0 -0.996757 -1.37194e-11 0 -1 0.0804666 0 -0.996757 -1.13829e-22 0 -1 -0.0804668 0 0.996757 -0.0804665 0 0.996757 -0.160411 0 0.98705 -0.160411 0 0.98705 -0.239316 0 0.970942 -0.316668 0 0.948536 -0.239316 0 0.970942 -0.316668 0 0.948536 -0.391967 0 0.919979 -0.391967 0 0.919979 -0.464723 0 0.885456 -0.534466 0 0.84519 -0.464723 0 0.885456 -0.534466 0 0.84519 -0.600742 0 0.799443 -0.600742 0 0.799443 -0.663123 0 0.748511 -0.721202 0 0.692724 -0.663123 0 0.748511 -0.721202 0 0.692724 -0.774605 0 0.632445 -0.774605 0 0.632445 -0.822984 0 0.568065 -0.866025 0 0.5 -0.822984 0 0.568065 -0.866025 0 0.5 -0.90345 0 0.428693 -0.90345 0 0.428693 -0.935016 0 0.354605 -0.960518 0 0.278218 -0.935016 0 0.354605 -0.960518 0 0.278218 -0.979791 0 0.200026 -0.979791 0 0.200026 -0.992709 0 0.120537 -0.999189 0 0.0402656 -0.992709 0 0.120537 -0.999189 0 0.0402656 -0.999189 0 -0.0402656 -0.999189 0 -0.0402661 -0.992709 0 -0.120537 -0.979791 0 -0.200026 -0.992709 0 -0.120537 -0.979791 0 -0.200026 -0.960518 0 -0.278218 -0.960518 0 -0.278218 -0.935016 0 -0.354605 -0.90345 0 -0.428693 -0.935016 0 -0.354605 -0.90345 0 -0.428693 -0.866025 0 -0.5 -0.866025 0 -0.5 -0.822984 0 -0.568065 -0.774605 0 -0.632445 -0.822984 0 -0.568065 -0.774605 0 -0.632445 -0.721202 0 -0.692724 -0.721202 0 -0.692724 -0.663123 0 -0.748511 -0.600742 0 -0.799443 -0.663123 0 -0.748511 -0.600742 0 -0.799443 -0.534466 0 -0.84519 -0.534466 0 -0.84519 -0.464723 0 -0.885456 -0.391967 0 -0.919979 -0.464723 0 -0.885456 -0.391967 0 -0.919979 -0.316668 0 -0.948537 -0.316668 0 -0.948537 -0.239316 0 -0.970942 -0.160411 0 -0.98705 -0.239316 0 -0.970942 -0.160411 0 -0.98705 -0.0804667 0 -0.996757 -0.0804667 0 -0.996757 0.568512 -0.707107 0.420469 0.524849 -0.809017 0.264623 0.472578 -0.809017 0.349516 0.722392 -0.587785 0.364222 0.795603 -0.453991 0.401134 0.773555 -0.587785 0.236899 0.365007 -0.891006 0.269958 0.40538 -0.891006 0.204388 0.275929 -0.951056 0.139121 0.631394 -0.707107 0.318342 0.562021 -0.809017 0.172117 0.701379 -0.707107 0.0898151 0.676112 -0.707107 0.207057 0.802464 -0.587785 0.10276 0.851951 -0.453991 0.260907 0.295472 -0.951056 0.0904873 0.434091 -0.891006 0.132939 0.583024 -0.809017 0.0746592 0.70647 -0.707107 -0.0300104 0.160411 1.74846e-07 0.98705 0.239316 1.74846e-07 0.970942 0.248876 -0.156434 0.955819 0.450314 -0.891006 0.0576649 0.306514 -0.951056 0.0392507 0.691236 -0.707107 -0.148973 0.808288 -0.587785 -0.0343357 0.587255 -0.809017 -0.0249463 0.308739 -0.951056 -0.0131151 0.453582 -0.891006 -0.0192679 0.88379 -0.453991 0.113174 0.790859 -0.587785 -0.170443 0.656117 -0.707107 -0.263649 0.574592 -0.809017 -0.123834 0.545399 -0.809017 -0.219159 0.890204 -0.453991 -0.0378154 0.750678 -0.587785 -0.301647 0.602122 -0.707107 -0.370741 0.302081 -0.951056 -0.0651035 0.152923 -0.987688 -0.0329575 0.500516 -0.809017 -0.30818 0.871008 -0.453991 -0.187717 0.530805 -0.707107 -0.467167 0.688901 -0.587785 -0.424173 0.286734 -0.951056 -0.115219 0.145154 -0.987688 -0.0583276 0.441234 -0.809017 -0.388335 0.826755 -0.453991 -0.332218 0.607307 -0.587785 -0.534497 0.444219 -0.707107 -0.550154 0.133209 -0.987688 -0.0820198 0.263137 -0.951056 -0.16202 0.369258 -0.809017 -0.457318 0.758718 -0.453991 -0.467161 0.508241 -0.587785 -0.629444 0.344852 -0.707107 -0.617314 0.231971 -0.951056 -0.20416 0.117431 -0.987688 -0.103352 0.28666 -0.809017 -0.513145 0.668854 -0.453991 -0.588665 0.235565 -0.707107 -0.666715 0.394553 -0.587785 -0.706283 0.559748 -0.453991 -0.693235 0.195815 -0.809017 -0.554209 0.0982753 -0.987688 -0.121712 0.194131 -0.951056 -0.240426 0.269516 -0.587785 -0.762804 0.119502 -0.707107 -0.696936 0.434539 -0.453991 -0.777861 0.29683 -0.453991 -0.84011 0.136725 -0.587785 -0.79738 0.150706 -0.951056 -0.269776 0.0762923 -0.987688 -0.13657 0.0521146 -0.987688 -0.147499 0.102946 -0.951056 -0.291365 0.0993362 -0.809017 -0.57933 0.992709 1.74846e-07 -0.120537 0.979791 1.74846e-07 -0.200026 0.96552 -0.156434 -0.208085 -6.73684e-10 -0.156434 -0.987688 0.0804666 1.74846e-07 -0.996757 1.38778e-15 1.74846e-07 -1 0.160411 1.74846e-07 -0.98705 0.16692 -0.156434 -0.973481 -2.20727e-09 -0.587785 -0.809017 0.150581 -0.453991 -0.87819 -5.27183e-10 -0.453991 -0.891007 0.329038 -0.156434 -0.931269 0.481691 -0.156434 -0.862266 0.391967 1.74846e-07 -0.919979 0.620486 -0.156434 -0.768457 0.600742 1.74846e-07 -0.799443 0.239316 1.74846e-07 -0.970942 0.316668 1.74846e-07 -0.948536 -1.2974e-09 -0.309017 -0.951057 0.534466 1.74846e-07 -0.84519 0.160729 -0.309017 -0.937376 -1.39478e-09 -0.707107 -0.707107 -6.95552e-10 -0.809017 -0.587785 0.0522241 -0.951056 -0.304572 0.0264376 -0.987688 -0.154184 -1.78948e-10 -0.891006 -0.453991 0.0767248 -0.891006 -0.44746 -1.6862e-09 -0.951056 -0.309017 1.74808e-10 -0.987688 -0.156435 0.151242 -0.891006 -0.428058 1.02512e-09 -1 -1.18807e-08 -4.70442e-17 -1 -1.19249e-08 0.650447 -0.587785 0.481068 0.716367 -0.453991 0.529822 0.406711 -0.809017 0.424355 0.489275 -0.707107 0.5105 0.314134 -0.891006 0.327761 0.248449 -0.951056 0.183752 0.616522 -0.453991 0.643268 0.55979 -0.587785 0.584075 0.498941 -0.453991 0.738207 0.453029 -0.587785 0.670278 0.213821 -0.951056 0.223097 0.254223 -0.891006 0.376136 0.329145 -0.809017 0.486986 0.395962 -0.707107 0.585845 0.333235 -0.587785 0.737199 0.367007 -0.453991 0.811911 0.186999 -0.891006 0.413689 0.173042 -0.951056 0.256024 0.242109 -0.809017 0.535607 0.291258 -0.707107 0.644336 0.203855 -0.587785 0.782912 0.224514 -0.453991 0.862256 0.127285 -0.951056 0.281585 0.114396 -0.891006 0.439342 0.178175 -0.707107 0.68429 0.148109 -0.809017 0.568819 0.0778655 -0.951056 0.299046 0.0385011 -0.891006 0.452355 0.0686094 -0.587785 0.806102 0.0755626 -0.453991 0.887797 0.0498477 -0.809017 0.585668 0.0599668 -0.707107 0.704559 0.0262065 -0.951056 0.307904 -0.0385012 -0.891006 0.452355 -0.0686096 -0.587785 0.806102 -0.0755626 -0.453991 0.887797 -0.0599668 -0.707107 0.704559 -0.0498476 -0.809017 0.585668 -0.114396 -0.891006 0.439342 -0.0262065 -0.951056 0.307904 -0.224514 -0.453991 0.862256 -0.203855 -0.587785 0.782912 -0.148109 -0.809017 0.568819 -0.178175 -0.707107 0.68429 -0.0778655 -0.951056 0.299046 -0.186999 -0.891006 0.413689 -0.774605 1.74846e-07 0.632445 -0.68342 -0.156434 0.713067 -0.794099 -0.156434 0.587312 -0.242109 -0.809017 0.535607 -0.291258 -0.707107 0.644336 -0.127285 -0.951056 0.281585 -0.254223 -0.891006 0.376136 -0.333235 -0.587785 0.737199 -0.367007 -0.453991 0.811911 -0.395962 -0.707107 0.585845 -0.329145 -0.809017 0.486986 -0.314134 -0.891006 0.327761 -0.173042 -0.951056 0.256024 -0.453029 -0.587785 0.670278 -0.498941 -0.453991 0.738207 -0.406711 -0.809017 0.424355 -0.489275 -0.707107 0.5105 -0.213821 -0.951056 0.223097 -0.365007 -0.891006 0.269958 -0.616522 -0.453991 0.643268 -0.55979 -0.587785 0.584075 -0.716367 -0.453991 0.529822 -0.650447 -0.587785 0.481068 -0.149577 -0.987688 0.0458076 -0.295472 -0.951056 0.0904873 -0.139684 -0.987688 0.0704274 -0.472578 -0.809017 0.349517 -0.568512 -0.707107 0.420469 -0.524849 -0.809017 0.264623 -0.631394 -0.707107 0.318342 -0.795603 -0.453991 0.401134 -0.722392 -0.587785 0.364223 -0.773555 -0.587785 0.236898 -0.851951 -0.453991 0.260907 -0.562021 -0.809017 0.172117 -0.676112 -0.707107 0.207057 -0.306514 -0.951056 0.0392506 -0.155167 -0.987688 0.01987 -0.88379 -0.453991 0.113174 -0.802464 -0.587785 0.102759 -0.583024 -0.809017 0.0746591 -0.701379 -0.707107 0.0898151 -0.156294 -0.987688 -0.00663924 -0.308739 -0.951056 -0.0131152 -0.808288 -0.587785 -0.0343355 -0.890204 -0.453991 -0.0378157 -0.587255 -0.809017 -0.0249465 -0.70647 -0.707107 -0.0300103 -0.316668 1.74846e-07 -0.948537 -0.329038 -0.156434 -0.931269 -0.239316 1.74846e-07 -0.970942 -0.790859 -0.587785 -0.170443 -0.691236 -0.707107 -0.148973 -0.574592 -0.809017 -0.123834 -0.340798 -0.891006 -0.29994 -0.386586 -0.891006 -0.238031 -0.263137 -0.951056 -0.16202 -0.750678 -0.587785 -0.301647 -0.688902 -0.587785 -0.424173 -0.668854 -0.453991 -0.588666 -0.758718 -0.453991 -0.467161 -0.826755 -0.453991 -0.332217 -0.74143 -0.156434 -0.652541 -0.620486 -0.156434 -0.768457 -0.663123 1.74846e-07 -0.748511 -0.481691 -0.156434 -0.862266 -0.391967 1.74846e-07 -0.919979 -0.871008 -0.453991 -0.187717 -0.394553 -0.587785 -0.706283 -0.29683 -0.453991 -0.84011 -0.434539 -0.453991 -0.777861 -0.534466 1.74846e-07 -0.84519 -0.16692 -0.156434 -0.973481 -0.316835 -0.309017 -0.89673 -0.160729 -0.309017 -0.937376 -0.656116 -0.707107 -0.263649 -0.117431 -0.987688 -0.103352 -0.231971 -0.951056 -0.20416 -0.133209 -0.987688 -0.0820198 -0.0804667 1.74846e-07 -0.996757 -0.160411 1.74846e-07 -0.98705 -0.545399 -0.809017 -0.219159 -0.607307 -0.587785 -0.534497 -0.602122 -0.707107 -0.370741 -0.530806 -0.707107 -0.467167 -4.97499e-09 -1 -1.08375e-08 -0.0521145 -0.987688 -0.147499 -0.0762923 -0.987688 -0.13657 -0.441234 -0.809017 -0.388335 -0.500516 -0.809017 -0.30818 -0.285206 -0.891006 -0.353221 -0.194131 -0.951056 -0.240426 -0.0982753 -0.987688 -0.121712 -0.150706 -0.951056 -0.269776 -0.0264376 -0.987688 -0.154184 -0.0522242 -0.951056 -0.304572 -0.102946 -0.951056 -0.291365 -3.04506e-09 -1 -1.15295e-08 -1.02512e-09 -1 -1.18807e-08 -2.04265e-09 -1 -1.17486e-08 0.464723 1.74846e-07 -0.885456 0.721202 1.74846e-07 -0.692724 0.663123 1.74846e-07 -0.748511 0.316835 -0.309017 -0.89673 0.74143 -0.156434 -0.652541 0.221409 -0.891006 -0.39634 3.04506e-09 -1 -1.15295e-08 2.04265e-09 -1 -1.17486e-08 0.822984 1.74846e-07 -0.568065 0.774605 1.74846e-07 -0.632445 0.463825 -0.309017 -0.830286 0.841045 -0.156434 -0.517852 0.285206 -0.891006 -0.353221 4.97498e-09 -1 -1.08375e-08 4.02492e-09 -1 -1.12251e-08 0.90345 1.74846e-07 -0.428693 0.866025 1.74846e-07 -0.5 0.597473 -0.309017 -0.739956 0.916465 -0.156434 -0.368266 0.340798 -0.891006 -0.29994 6.75785e-09 -1 -9.82518e-09 5.88821e-09 -1 -1.03697e-08 0.960518 1.74846e-07 -0.278217 0.935016 1.74846e-07 -0.354605 0.713932 -0.309017 -0.628339 0.386586 -0.891006 -0.238031 8.34096e-09 -1 -8.5224e-09 7.57745e-09 -1 -9.20787e-09 0.999189 1.74846e-07 -0.040266 0.986798 -0.156434 -0.0419187 0.999189 1.74846e-07 0.040266 0.809852 -0.309017 -0.498646 0.421253 -0.891006 -0.169273 9.67751e-09 -1 -6.96769e-09 9.04271e-09 -1 -7.77382e-09 0.992709 1.74846e-07 0.120537 0.979689 -0.156434 0.125454 0.882475 -0.309017 -0.354608 0.443801 -0.891006 -0.0956464 1.0728e-08 -1 -5.20701e-09 1.02407e-08 -1 -6.10997e-09 0.979791 1.74846e-07 0.200026 0.944395 -0.156434 0.289218 0.960518 1.74846e-07 0.278218 0.92971 -0.309017 -0.200368 1.14614e-08 -1 -3.29242e-09 1.11359e-08 -1 -4.26551e-09 0.935016 1.74846e-07 0.354605 0.881932 -0.156434 0.444661 0.90345 1.74846e-07 0.428693 0.9502 -0.309017 -0.040364 1.18559e-08 -1 -1.28051e-09 0.156294 -0.987688 -0.00663925 1.1702e-08 -1 -2.29496e-09 0.866025 1.74846e-07 0.5 0.794099 -0.156434 0.587312 0.822984 1.74846e-07 0.568065 0.943353 -0.309017 0.120801 1.19e-08 -1 7.69256e-10 0.155167 -0.987688 0.01987 1.19221e-08 -1 -2.56576e-10 0.721202 1.74846e-07 0.692724 0.774605 1.74846e-07 0.632445 0.909369 -0.309017 0.278491 0.68342 -0.156434 0.713068 1.15924e-08 -1 2.79628e-09 0.149577 -0.987688 0.0458076 1.17899e-08 -1 1.78939e-09 0.600742 1.74846e-07 0.799443 0.663123 1.74846e-07 0.748511 0.849223 -0.309017 0.428169 0.55308 -0.156434 0.818309 0.139684 -0.987688 0.0704274 1.0494e-08 -1 5.66373e-09 9.96831e-09 -1 6.54489e-09 1.09421e-08 -1 4.74065e-09 1.13091e-08 -1 3.78247e-09 0.464723 1.74846e-07 0.885456 0.534466 1.74846e-07 0.84519 0.764647 -0.309017 0.56553 0.40683 -0.156434 0.90001 0.125773 -0.987688 0.0930212 9.36878e-09 -1 7.37758e-09 8.69989e-09 -1 8.15566e-09 0.316668 1.74846e-07 0.948536 0.391967 1.74846e-07 0.919979 0.658073 -0.309017 0.686621 0.108243 -0.987688 0.112939 7.96658e-09 -1 8.87335e-09 0.0875994 -0.987688 0.129608 0.0804666 1.74846e-07 0.996757 0.0837618 -0.156434 0.98413 -8.74228e-08 1.74846e-07 1 0.532568 -0.309017 0.78796 6.32889e-09 -1 1.01068e-08 0.0644356 -0.987688 0.142548 7.1743e-09 -1 9.52535e-09 -0.0804668 1.74846e-07 0.996757 -0.083762 -0.156434 0.98413 0.391741 -0.309017 0.86663 4.50412e-09 -1 1.10415e-08 0.0394181 -0.987688 0.151387 -0.160411 1.74846e-07 0.98705 -0.248876 -0.156434 0.955819 -0.239316 1.74846e-07 0.970942 0.239645 -0.309017 0.920369 2.54621e-09 -1 1.16499e-08 0.0132666 -0.987688 0.155871 5.43663e-09 -1 1.06135e-08 -0.316668 1.74846e-07 0.948536 -0.40683 -0.156434 0.90001 -0.391967 1.74846e-07 0.919979 0.0806552 -0.309017 0.94763 5.13037e-10 -1 1.19138e-08 -0.0132665 -0.987688 0.155871 3.53827e-09 -1 1.13879e-08 -0.464723 1.74846e-07 0.885456 -0.55308 -0.156434 0.818309 -0.534466 1.74846e-07 0.84519 -0.0806552 -0.309017 0.94763 -1.53531e-09 -1 1.18256e-08 -0.0394181 -0.987688 0.151387 1.53531e-09 -1 1.18256e-08 -0.663123 1.74846e-07 0.748511 -0.600742 1.74846e-07 0.799443 -0.239645 -0.309017 0.920369 -3.53827e-09 -1 1.13879e-08 -0.0644356 -0.987688 0.142548 -5.13033e-10 -1 1.19138e-08 -0.721202 1.74846e-07 0.692724 -0.391741 -0.309017 0.86663 -0.979791 1.74846e-07 0.200026 -0.960518 1.74846e-07 0.278218 -0.944395 -0.156434 0.289218 -5.43664e-09 -1 1.06135e-08 -0.0875994 -0.987688 0.129608 -2.54621e-09 -1 1.16499e-08 -0.822984 1.74846e-07 0.568065 -0.866025 1.74846e-07 0.5 -0.532568 -0.309017 0.787959 -0.881933 -0.156434 0.444661 -7.17429e-09 -1 9.52535e-09 -0.108243 -0.987688 0.112939 -4.50413e-09 -1 1.10415e-08 -0.935016 1.74846e-07 0.354605 -0.90345 1.74846e-07 0.428693 -0.658073 -0.309017 0.686621 -8.69989e-09 -1 8.15566e-09 -0.125773 -0.987688 0.0930212 -6.32889e-09 -1 1.01068e-08 -0.992709 1.74846e-07 0.120537 -0.979689 -0.156434 0.125454 -0.999189 1.74846e-07 0.0402656 -0.764647 -0.309017 0.56553 -9.96831e-09 -1 6.54489e-09 -0.248449 -0.951056 0.183752 -7.96658e-09 -1 8.87335e-09 -0.999189 1.74846e-07 -0.0402656 -0.986798 -0.156434 -0.0419185 -0.849223 -0.309017 0.428169 -0.40538 -0.891006 0.204388 -0.275929 -0.951056 0.139121 -9.36878e-09 -1 7.37758e-09 -0.992709 1.74846e-07 -0.120537 -0.96552 -0.156434 -0.208085 -0.979791 1.74846e-07 -0.200026 -0.909369 -0.309017 0.278491 -0.434091 -0.891006 0.132939 -1.09421e-08 -1 4.74065e-09 -1.0494e-08 -1 5.66373e-09 -0.960518 1.74846e-07 -0.278218 -0.916465 -0.156434 -0.368266 -0.935016 1.74846e-07 -0.354605 -0.943353 -0.309017 0.120801 -0.450314 -0.891006 0.0576649 -1.15924e-08 -1 2.79628e-09 -1.13091e-08 -1 3.78247e-09 -0.90345 1.74846e-07 -0.428693 -0.841045 -0.156434 -0.517852 -0.866025 1.74846e-07 -0.5 -0.9502 -0.309017 -0.0403638 -0.152923 -0.987688 -0.0329575 -0.302081 -0.951056 -0.0651035 -0.453582 -0.891006 -0.0192678 -1.19e-08 -1 7.69255e-10 -1.17899e-08 -1 1.78939e-09 -0.774605 1.74846e-07 -0.632445 -0.822984 1.74846e-07 -0.568065 -0.92971 -0.309017 -0.200368 -0.145154 -0.987688 -0.0583276 -0.286734 -0.951056 -0.115219 -0.443801 -0.891006 -0.0956464 -1.18559e-08 -1 -1.28051e-09 -1.19221e-08 -1 -2.56577e-10 -0.721202 1.74846e-07 -0.692724 -0.882475 -0.309017 -0.354608 -0.421253 -0.891006 -0.169273 -1.14614e-08 -1 -3.29242e-09 -1.1702e-08 -1 -2.29496e-09 -0.600742 1.74846e-07 -0.799443 -0.809852 -0.309017 -0.498646 -1.0728e-08 -1 -5.20701e-09 -1.11359e-08 -1 -4.26551e-09 -0.464723 1.74846e-07 -0.885456 -0.713932 -0.309017 -0.628339 -9.67751e-09 -1 -6.96768e-09 -1.02407e-08 -1 -6.10997e-09 -0.559748 -0.453991 -0.693235 -0.597472 -0.309017 -0.739956 -0.508241 -0.587785 -0.629444 -0.444219 -0.707107 -0.550154 -0.369258 -0.809017 -0.457318 -8.34096e-09 -1 -8.52239e-09 -9.04271e-09 -1 -7.77382e-09 -0.463825 -0.309017 -0.830286 -0.344852 -0.707107 -0.617314 -0.28666 -0.809017 -0.513145 -0.221409 -0.891006 -0.39634 -6.75785e-09 -1 -9.82519e-09 -7.57745e-09 -1 -9.20788e-09 -0.269516 -0.587785 -0.762804 -0.235566 -0.707107 -0.666715 -0.195814 -0.809017 -0.554209 -0.151242 -0.891006 -0.428058 -4.02492e-09 -1 -1.12251e-08 -5.88822e-09 -1 -1.03697e-08 -0.150581 -0.453991 -0.87819 -0.136725 -0.587785 -0.79738 -0.119502 -0.707107 -0.696936 -0.0993362 -0.809017 -0.57933 -0.0767248 -0.891006 -0.44746 -0.0909349 0 0.995857 1.37194e-11 0 1 1.13829e-22 0 1 -0.356242 0 0.934394 -0.269797 0 0.962917 -0.269797 0 0.962917 -0.181116 0 0.983462 -0.181116 0 0.983462 -0.0909349 0 0.995857 -0.519584 0 0.854419 -0.519584 0 0.854419 -0.595128 0 0.803631 -0.356242 0 0.934394 -0.439735 0 0.898128 -0.439735 0 0.898128 -0.730836 0 0.682553 -0.789876 0 0.613267 -0.730836 0 0.682553 -0.66574 0 0.746184 -0.66574 0 0.746184 -0.595128 0 0.803631 -0.926042 0 0.377419 -0.887885 0 0.460065 -0.887885 0 0.460065 -0.842371 0 0.538899 -0.789876 0 0.613267 -0.842371 0 0.538899 -0.979084 0 0.203456 -0.979084 0 0.203456 -0.993529 0 0.11358 -0.926042 0 0.377419 -0.956526 0 0.291646 -0.956526 0 0.291646 -0.997669 -0 -0.0682424 -0.98733 -0 -0.158683 -0.997669 -0 -0.0682424 -0.999741 0 0.0227631 -0.999741 0 0.0227633 -0.993529 0 0.11358 -0.907905 -0 -0.419177 -0.942261 -0 -0.33488 -0.942261 -0 -0.33488 -0.968809 -0 -0.247808 -0.98733 -0 -0.158683 -0.968809 -0 -0.247808 -0.81697 -0 -0.57668 -0.81697 -0 -0.57668 -0.761145 -0 -0.648582 -0.907905 -0 -0.419176 -0.866025 -0 -0.5 -0.866026 -0 -0.5 -0.631088 -0 -0.775711 -0.557934 -0 -0.829885 -0.631088 -0 -0.775711 -0.699012 -0 -0.71511 -0.699012 -0 -0.71511 -0.761145 -0 -0.648582 -0.313344 -0 -0.94964 -0.398401 -0 -0.917211 -0.398401 -0 -0.917211 -0.480157 -0 -0.877183 -0.557934 -0 -0.829885 -0.480157 -0 -0.877183 -0.136167 -0 -0.990686 -0.136167 -0 -0.990686 -0.0455145 -0 -0.998964 -0.313344 -0 -0.94964 -0.22569 -0 -0.974199 -0.22569 -0 -0.974199 0.136167 0 -0.990686 0.22569 0 -0.974199 0.136167 0 -0.990686 0.0455147 0 -0.998964 0.0455147 0 -0.998964 -0.0455145 -0 -0.998964 0.480157 0 -0.877183 0.398401 0 -0.917211 0.398401 0 -0.917211 0.313344 0 -0.94964 0.22569 0 -0.974199 0.313344 0 -0.94964 0.631088 0 -0.775711 0.631088 0 -0.775711 0.699012 0 -0.71511 0.480157 0 -0.877183 0.557934 0 -0.829885 0.557934 0 -0.829885 0.81697 0 -0.57668 0.866025 0 -0.5 0.81697 0 -0.576681 0.761145 0 -0.648582 0.761145 0 -0.648582 0.699012 0 -0.71511 0.968809 0 -0.247808 0.942261 0 -0.33488 0.942261 0 -0.33488 0.907905 0 -0.419176 0.866025 0 -0.5 0.907905 0 -0.419176 0.997669 0 -0.0682424 0.997669 0 -0.0682424 0.999741 0 0.0227632 0.968809 0 -0.247808 0.98733 0 -0.158683 0.98733 0 -0.158683 0.993529 0 0.11358 0.999741 0 0.0227632 0.993529 0 0.11358 0.979084 0 0.203456 0.979084 0 0.203456 0.956526 0 0.291646 0.956526 0 0.291646 0.926043 0 0.377419 0.926043 0 0.377419 0.887885 0 0.460065 0.887885 0 0.460065 0.842371 0 0.538899 0.842371 0 0.538899 0.789876 0 0.613267 0.789876 0 0.613267 0.730836 0 0.682553 0.730836 0 0.682553 0.66574 0 0.746184 0.66574 0 0.746184 0.595128 0 0.803631 0.595128 0 0.803631 0.519584 0 0.85442 0.519584 0 0.85442 0.439734 0 0.898128 0.439734 0 0.898128 0.356241 0 0.934394 0.356241 0 0.934394 0.269797 0 0.962917 0.269797 0 0.962917 0.181116 0 0.983462 0.181116 0 0.983462 0.0909347 0 0.995857 0.0909347 0 0.995857</float_array>
          <technique_common>
            <accessor count="1534" source="#ID14" stride="3">
              <param name="X" type="float"/>
              <param name="Y" type="float"/>
              <param name="Z" type="float"/>
            </accessor>
          </technique_common>
        </source>
        <vertices id="ID15">
          <input semantic="POSITION" source="#ID11"/>
          <input semantic="NORMAL" source="#ID13"/>
        </vertices>
        <triangles count="2196" material="ID9">
          <input offset="0" semantic="VERTEX" source="#ID15"/>
          <p>0 2 1 3 5 4 6 7 1 8 10 9 11 13 12 11 14 0 15 17 16 13 15 18 19 21 20 21 22 17 20 24 23 24 26 25 27 7 28 29 31 30 26 33 32 34 32 35 36 38 37 34 40 39 41 43 42 44 46 45 47 49 48 50 52 51 46 54 53 55 57 56 58 60 59 61 63 62 64 66 65 67 68 5 69 71 70 72 74 73 73 76 75 77 79 78 80 82 81 83 85 84 86 88 87 89 91 90 92 94 93 95 84 96 88 93 97 98 86 99 100 102 101 92 85 103 104 91 98 100 105 96 90 80 89 106 102 79 107 72 108 109 108 77 110 112 111 82 110 113 114 75 115 67 116 112 61 3 117 71 69 114 65 119 118 70 118 120 121 122 56 123 121 62 124 125 60 125 126 64 127 52 128 129 128 57 59 131 130 132 133 50 131 53 54 53 45 46 133 135 134 44 45 136 49 134 48 137 136 138 137 44 136 139 39 140 139 141 47 10 27 9 131 54 130 59 130 58 60 58 124 125 124 126 64 126 66 65 66 119 118 119 120 70 120 69 115 71 114 76 115 75 74 76 73 107 74 72 109 107 108 78 109 77 102 78 79 102 106 101 100 101 105 96 105 95 84 95 83 85 83 103 92 103 94 93 94 97 88 97 87 86 87 99 98 99 104 91 104 90 81 89 80 113 81 82 111 113 110 116 111 112 5 116 67 5 68 4 3 4 117 61 117 63 62 63 123 121 123 122 56 122 55 57 55 129 128 129 127 52 127 51 50 51 132 133 132 135 134 135 48 141 49 47 140 141 139 40 140 39 35 40 34 33 35 32 24 33 26 24 25 23 20 23 19 21 19 22 17 22 16 15 16 18 13 18 12 11 12 14 0 14 2 1 2 6 7 6 28 27 28 9 30 10 8 31 29 37 30 8 29 38 36 43 31 37 38 42 138 41 36 42 43 136 41 138 142 144 143 145 147 146 148 150 149 151 150 152 146 154 153 154 146 150 154 150 151 146 147 149 150 146 149 149 147 155 156 149 155 157 155 158 147 158 155 157 160 159 160 157 158 161 162 159 159 160 161 163 165 164 166 162 167 168 170 169 171 173 172 174 176 175 177 179 178 180 182 181 183 185 184 186 188 187 189 191 190 192 194 193 195 197 196 198 191 199 200 202 201 201 195 196 202 204 203 195 205 197 202 203 195 195 203 206 196 197 207 202 195 201 199 197 208 197 199 207 191 198 190 199 208 198 189 190 193 192 183 194 193 194 189 188 184 185 185 183 192 182 186 187 186 184 188 180 181 174 182 187 181 175 176 177 180 174 175 179 168 178 176 179 177 170 142 169 168 169 178 173 143 144 144 142 170 164 171 172 171 143 173 165 163 166 164 172 163 162 161 167 165 166 167 209 211 210 212 214 213 210 211 215 216 210 217 218 220 219 219 221 211 209 218 211 219 211 218 222 223 210 209 210 223 216 222 210 216 225 224 222 216 224 225 227 226 216 227 225 226 229 228 228 225 226 230 232 231 228 229 233 234 236 235 237 239 238 240 242 241 243 245 244 246 248 247 249 251 250 252 212 213 253 214 254 255 257 256 258 260 259 261 263 262 264 265 263 266 268 267 269 268 266 270 271 266 272 266 271 273 270 266 270 274 271 271 275 272 269 276 268 269 266 272 262 277 268 268 276 262 261 264 263 277 262 263 256 257 264 257 265 264 260 255 259 255 256 259 252 258 212 260 258 252 214 253 213 247 254 246 253 254 247 248 249 250 246 249 248 251 241 242 251 242 250 244 240 241 243 234 245 244 245 240 239 235 236 236 234 243 231 237 238 237 235 239 232 230 233 231 238 230 233 229 232 278 280 279 281 283 282 284 286 285 287 289 288 290 292 291 280 294 293 295 297 296 298 294 278 299 300 294 301 290 291 302 303 299 299 298 304 297 306 305 307 292 290 308 302 309 304 310 302 306 312 311 307 314 313 315 317 316 310 318 309 319 320 318 321 309 320 308 303 302 322 312 323 324 319 325 324 326 320 327 324 328 329 331 330 325 332 328 333 335 334 328 337 336 338 340 339 341 337 332 342 343 330 344 345 339 337 347 346 342 349 348 350 347 341 351 344 352 347 354 353 349 356 355 357 359 358 360 354 361 354 350 362 363 365 364 366 359 367 359 357 367 362 368 361 369 368 370 371 361 369 372 364 373 282 283 374 375 376 374 369 378 377 371 380 379 369 377 371 374 376 282 376 375 381 379 380 282 382 384 383 385 376 381 386 387 373 382 386 373 384 382 385 388 378 370 366 367 389 360 361 371 370 378 369 390 388 391 392 394 393 395 397 396 390 391 397 398 394 399 395 390 397 400 396 398 391 401 397 402 403 398 398 403 400 404 403 402 280 406 405 407 408 284 409 279 405 288 411 410 412 405 413 408 415 414 409 412 416 417 418 410 419 420 412 416 420 421 422 424 423 425 427 426 428 429 420 429 430 421 431 418 432 433 435 434 436 429 437 438 430 436 439 440 431 441 442 434 436 427 425 443 445 444 446 438 425 425 426 447 448 450 449 451 452 444 446 447 453 454 455 447 456 449 457 458 459 452 455 460 453 461 462 455 450 457 449 463 460 462 464 466 465 467 468 462 469 470 466 463 468 471 472 473 459 468 475 474 476 470 477 474 478 471 479 481 480 482 483 474 484 486 485 487 478 483 488 479 489 490 483 491 492 494 493 488 496 495 490 497 487 498 490 499 500 502 501 494 492 498 503 497 498 493 504 492 501 506 505 507 508 495 509 511 510 512 514 513 515 504 516 508 518 517 519 521 520 522 503 492 517 524 523 525 527 526 523 527 528 512 529 514 528 531 530 509 515 511 282 380 526 529 533 532 534 281 526 526 281 282 535 512 536 537 539 538 539 529 532 537 541 540 542 544 543 538 546 545 547 549 548 545 543 550 547 548 546 542 403 404 376 379 282 384 385 381 364 372 551 371 377 380 552 379 376 354 360 353 552 360 379 553 401 391 401 554 397 370 391 388 369 361 368 389 401 553 370 553 391 396 394 398 555 402 398 395 396 400 554 394 396 399 555 398 552 376 385 386 382 383 556 365 557 360 371 379 558 552 385 347 353 346 558 353 552 366 389 553 389 559 401 368 553 370 361 354 362 560 392 393 366 553 368 554 393 394 561 399 394 397 554 396 559 393 554 392 561 394 558 385 382 372 373 387 562 349 355 353 360 552 382 563 558 336 337 346 558 563 346 564 566 565 566 389 367 362 366 368 354 347 350 559 564 393 359 366 362 567 393 564 393 567 568 401 559 554 566 564 559 568 560 393 563 382 373 363 364 551 342 348 569 346 353 558 373 570 563 336 327 328 563 570 336 565 571 352 571 367 357 350 359 362 341 347 337 572 357 358 358 359 350 573 564 565 564 573 574 389 566 559 571 565 566 567 564 574 364 570 373 557 365 363 356 365 556 336 346 563 364 575 570 327 326 324 570 575 327 576 572 358 351 357 572 341 358 350 332 337 328 577 572 576 576 358 341 578 565 352 565 578 579 367 571 566 352 571 351 573 565 579 365 575 364 355 356 556 330 343 580 327 336 570 581 575 365 326 321 320 575 581 326 582 577 576 345 572 577 332 576 341 325 328 324 334 577 582 582 576 332 583 352 344 583 584 352 357 351 571 344 351 345 578 352 584 581 365 356 348 349 562 585 331 586 326 327 575 587 581 356 321 308 309 581 587 321 588 334 582 338 577 334 325 582 332 319 324 320 333 334 588 588 582 325 589 344 339 589 590 344 572 345 351 339 345 338 583 344 590 587 356 349 343 342 569 323 591 322 321 326 581 349 592 587 333 594 593 308 587 592 595 333 588 596 597 340 319 588 325 318 320 309 594 333 595 595 588 319 598 339 340 598 599 339 577 338 345 340 338 335 589 339 599 592 349 342 329 330 580 306 311 600 308 321 587 592 342 601 303 300 299 592 601 303 602 594 595 315 603 596 318 595 319 310 309 302 604 594 602 318 602 595 335 596 340 597 605 340 334 335 338 596 335 593 598 340 605 330 601 342 586 331 329 323 331 585 303 308 592 330 606 601 294 300 293 606 300 601 607 604 602 604 608 594 310 602 318 302 299 304 314 604 607 310 607 602 593 315 596 609 597 596 333 593 335 608 315 593 603 609 596 331 606 330 591 323 585 297 305 610 300 303 601 611 606 331 280 293 406 611 293 606 313 314 607 314 612 604 304 607 310 299 294 298 613 316 317 313 607 304 608 317 315 614 603 315 594 608 593 612 317 608 316 614 315 323 611 331 311 312 322 615 295 616 293 300 606 617 611 323 405 406 413 617 406 611 292 307 313 618 314 307 298 313 304 294 280 278 612 619 317 292 313 298 620 619 621 619 620 317 604 612 608 618 619 612 620 613 317 617 323 312 305 306 600 287 622 289 406 293 611 623 617 312 419 412 413 617 623 413 624 625 286 625 307 290 278 292 298 280 405 279 618 624 619 291 292 278 626 619 624 619 626 627 314 618 612 625 624 618 621 619 627 623 312 306 296 297 610 410 411 628 413 406 617 306 629 623 428 420 419 419 623 629 630 301 291 285 290 301 279 291 278 409 405 412 631 301 630 630 291 279 632 624 286 624 632 633 307 625 618 286 625 285 626 624 633 297 629 306 616 295 296 287 295 615 419 413 623 297 634 629 428 437 429 629 634 428 635 631 630 407 301 631 409 630 279 416 412 420 422 631 635 635 630 409 636 286 284 636 637 286 290 285 625 284 285 407 632 286 637 295 634 297 622 287 615 418 417 638 428 419 629 639 634 295 437 427 436 634 639 437 640 422 635 415 631 422 416 635 409 421 420 429 424 422 640 640 635 416 641 284 408 641 642 284 301 407 285 408 407 415 636 284 642 287 639 295 411 288 289 431 432 643 437 428 634 287 644 639 424 646 645 639 644 427 647 424 640 648 649 414 421 640 416 430 429 436 646 424 647 647 640 421 650 408 414 650 651 408 631 415 407 414 415 423 641 408 651 644 287 288 417 410 628 652 440 653 427 437 639 288 654 644 447 426 454 654 426 644 655 646 647 435 656 648 430 647 421 438 436 425 657 646 655 430 655 647 423 648 414 649 658 414 422 423 415 648 423 645 650 414 658 654 288 410 432 418 638 444 445 659 426 427 644 410 660 654 454 461 455 654 660 454 661 657 655 657 662 646 438 655 430 446 425 447 663 657 661 438 661 655 645 435 648 664 649 648 424 645 423 662 435 645 656 664 648 660 410 418 439 431 643 452 451 665 454 426 654 418 666 660 462 461 467 660 666 461 667 663 661 663 668 657 446 661 438 447 455 453 448 663 667 446 667 661 662 434 435 669 656 435 646 662 645 668 434 662 433 669 435 431 666 418 653 440 439 443 440 652 461 454 660 670 666 431 468 467 475 670 467 666 450 448 667 448 671 663 453 667 446 455 462 460 668 441 434 450 667 453 442 441 672 673 433 434 657 668 662 671 441 668 442 673 434 440 670 431 445 443 652 459 458 674 467 461 666 675 670 440 475 482 474 675 475 670 676 677 465 677 448 449 460 450 453 462 468 463 671 676 441 457 450 460 678 441 676 441 678 679 663 671 668 677 676 671 672 441 679 675 440 443 451 444 659 680 473 681 475 467 670 682 675 443 482 491 483 675 682 482 683 456 457 464 449 456 463 457 460 471 468 474 684 456 683 683 457 463 685 676 465 676 685 686 448 677 671 465 677 464 678 676 686 682 443 444 458 452 665 480 687 479 482 475 675 444 688 682 499 490 491 491 682 688 689 684 683 469 456 684 471 683 463 478 474 483 485 684 689 689 683 471 690 465 466 690 691 465 449 464 677 466 464 469 685 465 691 688 444 452 472 459 674 488 489 692 491 482 682 452 693 688 499 494 498 499 688 693 694 485 689 477 684 485 478 689 471 487 483 490 484 485 694 694 689 478 695 466 470 695 696 466 456 469 464 470 469 477 690 466 696 459 693 452 681 473 472 481 473 680 499 491 688 693 459 697 484 699 698 693 697 494 700 484 694 701 702 476 487 694 478 497 490 498 699 484 700 700 694 487 703 470 476 703 704 470 684 477 469 476 477 486 695 470 704 473 697 459 480 481 680 495 496 705 494 499 693 473 706 697 504 493 516 697 706 493 707 699 700 502 708 701 497 700 487 503 498 492 709 699 707 497 707 700 486 701 476 702 710 476 485 486 477 701 486 698 703 476 710 481 706 473 489 479 687 518 508 711 493 494 697 712 706 481 511 515 516 712 516 706 713 709 707 709 714 699 503 707 497 522 492 504 715 709 713 503 713 707 698 502 701 716 702 701 484 698 486 714 502 698 708 716 701 712 481 479 496 488 692 517 717 524 516 493 706 712 479 718 536 522 504 511 712 718 513 715 713 715 719 709 522 713 503 504 515 536 514 715 513 522 513 713 714 501 502 720 708 502 699 714 698 719 501 714 500 720 502 718 479 488 507 495 705 527 722 721 511 516 712 718 488 723 515 509 535 510 511 718 533 529 512 514 724 715 536 513 522 536 515 535 719 506 501 512 513 536 505 506 725 726 500 501 709 719 714 724 506 719 505 726 501 495 723 488 711 508 507 521 727 510 723 510 718 723 495 728 727 729 509 521 510 723 729 533 535 509 510 727 540 514 529 729 535 509 724 541 506 533 512 535 730 506 541 506 730 731 715 724 719 540 541 724 725 506 731 508 728 495 717 517 518 732 727 519 728 521 723 733 728 508 734 729 732 520 521 728 532 533 734 519 727 521 538 545 735 732 729 727 547 532 734 729 734 533 736 541 537 541 736 737 514 540 724 539 537 540 730 541 737 517 733 508 722 523 524 520 739 738 733 520 728 517 740 733 519 738 741 733 739 520 732 741 742 520 738 519 734 742 547 519 741 732 532 547 546 734 732 742 743 537 538 537 743 744 529 539 540 538 539 546 736 537 744 740 517 523 527 721 745 530 739 740 740 739 733 740 528 530 746 738 739 739 530 746 747 741 738 738 746 747 748 742 741 741 747 748 549 547 742 742 748 549 543 545 548 735 749 538 532 546 539 545 546 548 743 538 749 527 523 722 745 534 526 746 530 750 523 528 740 528 525 531 747 746 751 530 531 750 748 747 752 746 750 751 549 748 753 747 751 752 548 549 754 748 752 753 403 542 543 753 754 549 550 755 545 543 548 754 735 545 755 745 526 527 527 525 528 380 377 525 526 380 525 377 378 531 525 377 531 378 388 750 531 378 750 388 390 751 750 388 751 390 395 752 751 390 752 395 400 753 752 395 753 400 403 754 753 400 754 403 543 754 550 543 544 756 758 757 759 758 760 758 759 757 761 762 760 759 760 762 761 764 763 763 762 761 765 764 766 764 765 763 767 768 766 765 766 768 767 770 769 769 768 767 771 770 772 770 771 769 773 774 772 771 772 774 773 776 775 775 774 773 777 776 778 776 777 775 779 780 778 777 778 780 779 782 781 781 780 779 783 782 784 782 783 781 785 786 784 783 784 786 785 788 787 787 786 785 789 788 790 788 789 787 791 792 790 789 790 792 791 794 793 793 792 791 795 794 796 794 795 793 797 798 796 795 796 798 797 800 799 799 798 797 801 800 802 800 801 799 803 804 802 801 802 804 803 806 805 805 804 803 807 806 808 806 807 805 809 810 808 807 808 810 809 812 811 811 810 809 813 812 814 812 813 811 815 816 814 813 814 816 815 818 817 817 816 815 819 818 820 818 819 817 821 822 820 819 820 822 821 824 823 823 822 821 825 824 826 824 825 823 827 828 826 825 826 828 827 830 829 829 828 827 831 830 832 830 831 829 833 834 832 831 832 834 835 834 833 836 756 757 836 838 837 837 756 836 839 838 840 838 839 837 841 842 840 839 840 842 841 844 843 843 842 841 845 844 846 844 845 843 847 848 846 845 846 848 847 850 849 849 848 847 851 850 852 850 851 849 853 854 852 851 852 854 853 856 855 855 854 853 857 856 858 856 857 855 859 860 858 857 858 860 859 862 861 861 860 859 863 862 864 862 863 861 865 866 864 863 864 866 865 868 867 867 866 865 869 868 870 868 869 867 871 872 870 869 870 872 871 874 873 873 872 871 875 874 876 874 875 873 877 878 876 875 876 878 877 880 879 879 878 877 881 880 882 880 881 879 883 884 882 881 882 884 883 886 885 885 884 883 887 886 888 886 887 885 889 890 888 887 888 890 889 892 891 891 890 889 893 892 894 892 893 891 895 896 894 893 894 896 895 898 897 897 896 895 899 898 900 898 899 897 901 902 900 899 900 902 901 904 903 903 902 901 905 904 906 904 905 903 907 908 906 905 906 908 907 910 909 909 908 907 911 910 835 910 911 909 911 835 833 912 914 913 915 917 916 918 920 919 913 922 921 923 917 924 925 926 917 927 928 919 929 924 922 925 923 930 931 933 932 934 928 935 936 937 930 923 929 938 939 940 934 941 925 937 942 936 943 938 944 930 944 945 936 942 946 937 943 948 947 949 939 950 951 943 945 952 942 947 953 954 948 949 956 955 948 951 957 947 954 958 959 953 960 961 962 955 957 963 953 954 959 964 960 966 965 967 962 968 969 960 963 965 970 959 971 972 966 973 965 972 966 969 974 975 976 967 977 971 978 972 977 979 980 977 981 982 976 983 984 985 982 974 986 971 987 989 988 990 992 991 993 994 991 995 997 996 998 1000 999 1001 999 1002 991 994 990 994 993 1003 1004 998 1003 1005 990 994 1002 999 1006 1005 994 1007 1007 996 997 1007 997 1005 995 981 1008 996 981 995 978 986 1009 981 978 1008 1010 985 1011 1008 978 1009 986 1013 1012 981 977 978 1010 1015 1014 1013 1014 1012 1010 1016 985 1013 1010 1014 1017 1018 1015 1015 1011 1017 915 1020 1019 921 924 915 914 1022 1021 1023 1024 918 1025 1026 1019 921 1019 912 1027 1028 1026 1029 1023 1030 1026 1022 912 1021 1032 1031 1033 1028 1034 1035 1036 1030 1031 1038 1037 1028 1032 1022 1039 1033 1040 1041 1035 1042 1043 1044 1037 1038 1032 1033 1045 1042 1046 1047 1039 1048 1039 1043 1038 1044 1050 1049 1046 1052 1051 1047 1054 1053 1050 1043 1047 1055 1056 1049 1057 1058 1052 1059 1060 1053 1050 1053 1055 1061 1056 1062 1063 1057 1064 1065 1067 1066 1060 1062 1055 1061 1069 1068 1064 1071 1070 1072 1060 1073 1069 1062 1072 1074 1075 1068 1076 1077 1071 1072 1079 1078 1069 1078 1074 1080 1075 1081 1082 1076 1083 1084 1085 1078 1085 1081 1074 1086 1087 1085 1088 1090 1089 1080 1092 1091 1093 1091 1094 1095 1096 1087 1096 1098 1097 1081 1087 1092 1093 1100 1099 1101 1102 1088 1103 1104 1097 1096 1094 1092 1105 1099 1106 1107 1102 1108 1109 1104 1110 1100 1094 1097 1105 1112 1111 1106 1100 1104 1113 1115 1114 1112 1109 1116 1117 1118 1111 1106 1109 1112 1119 1121 1120 1117 1116 1122 1123 1125 1124 1126 1122 1116 1127 1129 1128 1122 1125 1123 1130 1131 1114 1132 1116 1109 1133 1135 1134 1136 1130 1128 1137 1139 1138 1140 1122 1123 1005 1139 990 1116 1117 1112 1141 1143 1142 1137 1145 1144 1146 1118 1140 1144 990 1137 1147 1149 1148 990 1144 992 1150 1152 1151 1153 1120 1154 1119 1155 1142 1156 1157 1141 1156 1158 1157 1151 1160 1159 1151 1152 1161 1151 1159 1162 1018 1163 1015 1159 1163 1164 1000 998 1004 999 1000 1165 998 994 1003 1001 1167 1166 1168 1007 998 1001 1166 1169 980 996 1168 972 971 977 981 996 980 1013 1016 1010 982 985 1170 1009 986 1012 971 986 978 1171 1011 984 1013 974 1016 1011 1171 1172 1017 1011 1172 1015 1010 1011 998 1007 994 1006 999 1165 1173 1169 1174 1007 1168 996 1168 999 1175 1169 1173 1176 1175 979 980 965 966 972 977 980 979 1016 1170 985 976 982 1177 986 974 1013 966 974 971 1178 984 983 1016 969 1170 984 1178 1179 1171 984 1179 1011 985 984 999 1168 998 1167 1001 1002 1176 1181 1180 1168 1175 980 1182 1175 1001 1176 1180 1183 1182 973 979 959 960 965 972 979 973 1170 1177 982 967 976 1184 974 969 1016 960 969 966 1185 983 975 1170 963 1177 983 1185 1186 1178 983 1186 984 982 983 1001 1175 999 1174 1169 1166 1183 1188 1187 1175 1182 979 1189 1182 1169 989 1183 1187 1189 970 973 954 953 959 965 973 970 1177 1184 976 962 967 1190 969 963 1170 953 963 960 1191 975 968 1177 957 1184 975 1191 1192 1185 975 1192 983 976 975 1169 1182 1001 1181 1176 1173 1193 1195 1194 1182 1189 973 1196 1189 1176 1194 989 987 964 970 1196 947 948 954 959 970 964 1184 1190 967 955 962 1197 963 957 1177 948 957 953 1198 968 961 1184 951 1190 968 1198 1199 1191 968 1199 975 967 968 1169 1176 1189 1188 1183 1180 1200 1201 1195 1189 1196 970 1202 1196 1183 1201 1194 1195 958 964 1202 942 943 947 954 964 958 1190 1197 962 949 955 1203 957 951 1184 943 951 948 1204 961 956 1190 945 1197 961 1204 1205 1198 961 1205 968 962 961 1176 1183 1196 988 989 1187 1206 1208 1207 1196 1202 964 1209 1202 989 1207 1201 1206 952 958 1209 937 936 942 958 952 947 1197 1203 955 939 949 940 951 945 1190 936 945 943 1210 956 950 1197 944 1203 956 1210 1211 1204 956 1211 961 955 956 1183 989 1202 1193 1194 987 1212 1214 1213 1202 1209 958 1215 1209 1194 1213 1207 1212 946 952 1215 925 930 937 952 946 942 1203 940 949 935 939 934 945 944 1197 930 944 936 1216 950 1217 1203 938 940 950 1216 1218 1210 950 1218 956 949 950 1194 1209 989 1206 1201 1200 1219 1221 1220 1209 1215 952 1222 1215 1201 1220 1213 1219 941 946 1222 917 923 925 941 937 946 935 1217 939 927 935 928 944 938 1203 923 938 930 1223 1217 1224 940 929 934 1217 1223 1225 1216 1217 1225 950 939 1217 1201 1215 1194 1212 1207 1208 1220 1227 1226 1215 1222 946 1228 1222 1207 1220 1226 1229 926 941 1228 915 924 917 941 926 925 927 1224 935 920 927 919 938 929 940 924 929 923 1230 1224 1231 934 922 928 1224 1230 1232 1223 1224 1232 1217 935 1224 1207 1222 1201 1219 1213 1214 1229 1234 1233 1222 1228 941 1228 1213 1235 1229 1233 1236 1235 916 926 1019 921 915 926 916 917 1237 1239 1238 920 1231 927 929 922 934 921 922 924 1240 1231 1237 928 913 919 1231 1240 1241 1230 1231 1241 1224 927 1231 1213 1228 1207 1227 1220 1221 1236 1243 1242 1228 1235 926 1235 1220 1244 1236 1242 1245 1244 1020 916 1019 1026 912 916 1020 915 1246 1248 1247 1024 1237 920 922 913 928 912 913 921 1239 1237 1246 914 918 919 920 918 1024 1240 1237 1238 1231 920 1237 1220 1235 1213 1234 1229 1226 1245 1250 1249 1235 1244 916 1251 1244 1229 1245 1249 933 1251 1025 1020 1026 1028 1022 1020 1025 1019 1252 1254 1253 1029 1246 1024 913 914 919 1022 914 912 1248 1246 1252 1021 1023 918 1029 1024 1023 1239 1246 1247 1237 1024 1246 1229 1244 1220 1243 1236 1233 1255 1257 1256 1244 1251 1020 1258 1251 1236 1256 933 931 1027 1025 1258 1028 1033 1032 1025 1027 1026 1254 1260 1259 1036 1252 1029 914 1021 918 1022 1032 1021 1253 1254 1261 1023 1031 1030 1036 1029 1030 1248 1252 1253 1246 1029 1252 1229 1236 1251 1250 1245 1242 1262 1263 1257 1251 1258 1025 1264 1258 1245 1263 1256 1257 1034 1027 1264 1033 1039 1038 1027 1034 1028 1260 1266 1265 1036 1041 1254 1021 1031 1023 1032 1038 1031 1254 1041 1260 1030 1037 1035 1041 1036 1035 1261 1254 1259 1252 1036 1254 1236 1245 1258 932 933 1249 1267 1269 1268 1258 1264 1027 1270 1264 933 1268 1263 1267 1040 1034 1270 1039 1047 1043 1034 1040 1033 1266 1272 1271 1041 1045 1260 1031 1037 1030 1038 1043 1037 1260 1045 1266 1035 1044 1042 1260 1273 1259 1042 1045 1041 1265 1273 1260 1245 933 1264 1255 1256 931 1274 1276 1275 1264 1270 1034 1277 1270 1256 1275 1268 1274 1048 1040 1277 1047 1053 1050 1040 1048 1039 1272 1279 1278 1045 1051 1266 1037 1044 1035 1043 1050 1044 1266 1051 1272 1042 1049 1046 1266 1280 1265 1046 1051 1045 1271 1280 1266 1256 1270 933 1267 1263 1262 1281 1283 1282 1270 1277 1040 1284 1277 1263 1282 1275 1281 1054 1048 1284 1053 1060 1055 1048 1054 1047 1279 1286 1285 1051 1058 1272 1044 1049 1042 1050 1055 1049 1272 1058 1279 1046 1056 1052 1272 1287 1271 1052 1058 1051 1278 1287 1272 1263 1277 1256 1274 1268 1269 1282 1289 1288 1277 1284 1048 1290 1284 1268 1288 1066 1282 1059 1054 1290 1060 1072 1062 1054 1059 1053 1286 1292 1291 1058 1063 1279 1049 1056 1046 1055 1062 1056 1279 1063 1286 1052 1061 1057 1279 1293 1278 1057 1063 1058 1285 1293 1279 1268 1284 1263 1281 1275 1276 1066 1294 1065 1284 1290 1054 1295 1290 1275 1296 1298 1297 1073 1059 1295 1072 1078 1069 1060 1059 1073 1292 1300 1299 1063 1070 1286 1056 1061 1052 1062 1069 1061 1286 1070 1292 1057 1068 1064 1286 1301 1285 1064 1070 1063 1291 1301 1286 1275 1290 1268 1289 1282 1283 1302 1303 1067 1290 1295 1059 1295 1282 1304 1067 1303 1305 1304 1079 1073 1078 1085 1074 1072 1073 1079 1300 1307 1306 1070 1077 1292 1061 1068 1057 1069 1074 1068 1292 1077 1300 1064 1075 1071 1292 1308 1291 1071 1077 1070 1299 1308 1292 1282 1295 1275 1294 1066 1288 1305 1310 1309 1295 1304 1073 1311 1304 1066 1305 1309 1298 1311 1084 1079 1085 1087 1081 1078 1079 1084 1307 1313 1312 1077 1082 1300 1068 1075 1064 1074 1081 1075 1300 1082 1307 1071 1080 1076 1300 1314 1299 1076 1082 1077 1306 1314 1300 1066 1304 1282 1302 1067 1065 1315 1317 1316 1304 1311 1079 1318 1311 1067 1316 1298 1296 1086 1084 1318 1087 1096 1092 1085 1084 1086 1313 1090 1319 1082 1320 1307 1075 1080 1071 1081 1092 1080 1307 1320 1313 1076 1091 1083 1307 1321 1306 1083 1320 1082 1312 1321 1307 1066 1067 1311 1310 1305 1303 1322 1323 1317 1311 1318 1084 1324 1318 1305 1323 1316 1317 1095 1086 1324 1096 1097 1094 1087 1086 1095 1083 1325 1320 1320 1326 1313 1080 1091 1076 1092 1094 1091 1313 1326 1090 1083 1093 1325 1313 1327 1312 1325 1326 1320 1319 1327 1313 1067 1305 1318 1297 1298 1309 1328 1330 1329 1318 1324 1086 1331 1324 1298 1329 1323 1328 1098 1095 1331 1097 1104 1100 1095 1098 1096 1325 1332 1326 1326 1089 1090 1091 1093 1083 1100 1093 1094 1333 1090 1088 1325 1099 1332 1090 1334 1319 1332 1089 1326 1333 1334 1090 1305 1298 1324 1315 1316 1296 1335 1337 1336 1324 1331 1095 1338 1331 1316 1336 1329 1335 1338 1103 1098 1104 1109 1106 1098 1103 1097 1332 1339 1089 1089 1101 1088 1093 1099 1325 1106 1099 1100 1340 1088 1102 1332 1105 1339 1088 1341 1333 1339 1101 1089 1340 1341 1088 1316 1331 1298 1328 1323 1322 1342 1344 1343 1331 1338 1098 1345 1338 1323 1343 1336 1342 1110 1103 1345 1107 1347 1346 1103 1110 1104 1339 1348 1101 1101 1108 1102 1099 1105 1332 1112 1105 1106 1349 1102 1107 1339 1111 1348 1102 1350 1340 1348 1108 1101 1349 1350 1102 1323 1338 1316 1335 1329 1330 1343 1352 1351 1338 1345 1103 1353 1345 1329 1351 1127 1343 1353 1132 1110 1346 1355 1354 1110 1132 1109 1348 1356 1108 1108 1347 1107 1105 1111 1339 1117 1111 1112 1357 1107 1346 1348 1118 1356 1107 1358 1349 1356 1347 1108 1357 1358 1107 1329 1345 1323 1342 1336 1337 1127 1359 1129 1345 1353 1110 1353 1336 1360 1122 1140 1117 1126 1132 1360 1354 1121 1143 1132 1126 1116 1356 1361 1347 1347 1355 1346 1111 1118 1348 1140 1118 1117 1362 1346 1354 1356 1146 1361 1346 1363 1357 1361 1355 1347 1362 1363 1346 1336 1353 1329 1352 1343 1344 1136 1128 1364 1353 1360 1132 1360 1343 1365 1123 1148 1140 1125 1126 1365 1148 1154 1146 1126 1125 1122 1361 1120 1355 1355 1121 1354 1118 1146 1356 1146 1140 1148 1366 1354 1143 1361 1154 1120 1354 1367 1362 1120 1121 1355 1366 1367 1354 1343 1360 1336 1359 1127 1351 1130 1368 1131 1360 1365 1126 1369 1365 1127 1148 1123 1147 1369 1124 1125 1154 1148 1149 1124 1147 1123 1158 1152 1157 1121 1142 1143 1146 1154 1361 1153 1154 1149 1370 1143 1141 1120 1153 1119 1143 1371 1366 1119 1142 1121 1370 1371 1143 1127 1365 1343 1364 1128 1129 1124 1372 1147 1365 1369 1125 1373 1369 1128 1147 1374 1149 1373 1372 1124 1149 1375 1153 1372 1374 1147 1153 1376 1119 1375 1149 1374 1142 1156 1141 1153 1375 1376 1377 1141 1157 1376 1155 1119 1141 1378 1370 1155 1156 1142 1377 1378 1141 1128 1369 1127 1368 1130 1136 1372 1135 1374 1369 1373 1124 1130 1379 1373 1374 1133 1375 1379 1135 1372 1375 1380 1376 1135 1133 1374 1376 1381 1155 1133 1380 1375 1382 1156 1155 1381 1376 1380 1383 1157 1152 1381 1382 1155 1157 1384 1377 1382 1158 1156 1383 1384 1157 1128 1130 1373 1113 1114 1131 1385 1380 1133 1373 1379 1372 1114 1138 1379 1386 1381 1380 1138 1134 1135 1387 1382 1381 1134 1385 1133 1388 1158 1382 1385 1386 1380 1161 1152 1158 1386 1387 1381 1389 1150 1151 1388 1382 1387 1152 1390 1383 1161 1158 1388 1150 1390 1152 1130 1114 1379 1137 1115 1145 1139 1391 1134 1379 1138 1135 1139 1134 1138 1391 1392 1385 1391 1385 1134 1392 1393 1386 1392 1386 1385 1393 1394 1387 1393 1387 1386 1394 1395 1388 1394 1388 1387 1395 1160 1161 1395 1161 1388 1159 1164 1162 1161 1160 1151 1162 1389 1151 1115 1137 1114 1138 1114 1137 1391 1005 997 990 1139 1137 1392 997 995 1005 1391 1139 1393 995 1008 997 1392 1391 1394 1008 1009 995 1393 1392 1395 1009 1012 1008 1394 1393 1160 1012 1014 1009 1395 1394 1159 1014 1015 1012 1160 1395 1014 1159 1160 1163 1159 1015 1396 1398 1397 1399 1401 1400 1402 1404 1403 1405 1407 1406 1408 1410 1409 1411 1413 1412 1414 1416 1415 1417 1419 1418 1420 1422 1421 1423 1425 1424 1426 1428 1427 1429 1431 1430 1432 1434 1433 1435 1437 1436 1438 1440 1439 1441 1443 1442 1444 1446 1445 1447 1449 1448 1450 1452 1451 1453 1455 1454 1456 1458 1457 1459 1461 1460 1462 1464 1463 1465 1467 1466 1468 1470 1469 1471 1473 1472 1474 1476 1475 1477 1479 1478 1480 1482 1481 1483 1485 1484 1486 1488 1487 1489 1491 1490 1492 1494 1493 1495 1497 1496 1498 1500 1499 1501 1503 1502 1497 1502 1503 1504 1501 1505 1501 1504 1503 1505 1507 1506 1506 1504 1505 1508 1509 1507 1506 1507 1509 1510 1508 1511 1508 1510 1509 1511 1513 1512 1512 1510 1511 1514 1515 1513 1512 1513 1515 1516 1514 1517 1514 1516 1515 1517 1519 1518 1518 1516 1517 1520 1521 1519 1518 1519 1521 1522 1520 1523 1520 1522 1521 1523 1525 1524 1524 1522 1523 1526 1527 1525 1524 1525 1527 1528 1526 1529 1526 1528 1527 1529 1531 1530 1530 1528 1529 1532 1533 1531 1530 1531 1533 1398 1532 1397 1532 1398 1533 1495 1496 1500 1495 1502 1497 1498 1499 1489 1500 1496 1499 1490 1491 1492 1498 1489 1490 1494 1484 1493 1491 1494 1492 1483 1487 1485 1484 1485 1493 1479 1488 1486 1486 1487 1483 1482 1477 1478 1477 1488 1479 1480 1481 1471 1482 1478 1481 1472 1473 1474 1480 1471 1472 1476 1466 1475 1473 1476 1474 1465 1469 1467 1466 1467 1475 1461 1470 1468 1468 1469 1465 1464 1459 1460 1459 1470 1461 1462 1463 1453 1464 1460 1463 1454 1455 1456 1462 1453 1454 1458 1448 1457 1455 1458 1456 1447 1451 1449 1448 1449 1457 1443 1452 1450 1450 1451 1447 1446 1441 1442 1441 1452 1443 1444 1445 1435 1446 1442 1445 1436 1437 1438 1444 1435 1436 1440 1430 1439 1437 1440 1438 1429 1433 1431 1430 1431 1439 1425 1434 1432 1432 1433 1429 1428 1423 1424 1423 1434 1425 1426 1427 1417 1428 1424 1427 1418 1419 1420 1426 1417 1418 1422 1412 1421 1419 1422 1420 1411 1415 1413 1412 1413 1421 1407 1416 1414 1414 1415 1411 1410 1405 1406 1405 1416 1407 1408 1409 1399 1410 1406 1409 1400 1401 1403 1408 1399 1400 1402 1396 1404 1401 1402 1403 1397 1404 1396</p>
        </triangles>
      </mesh>
    </geometry>
  </library_geometries>

  <library_visual_scenes>
    <visual_scene id="ID1">
      <node id="ID2" name="6895d9f42da0934504100b05">
        <instance_geometry url="#ID3">
          <bind_material>
            <technique_common>
              <instance_material symbol="ID9" target="#ID9"/>
            </technique_common>
          </bind_material>
        </instance_geometry>
        <instance_geometry url="#ID10">
          <bind_material>
            <technique_common>
              <instance_material symbol="ID9" target="#ID9"/>
            </technique_common>
          </bind_material>
        </instance_geometry>
      </node>
    </visual_scene>
  </library_visual_scenes>

  <scene>
    <instance_visual_scene url="#ID1"/>
  </scene>

  <library_nodes/>

</COLLADA>
